root,arabic,count,n_lemmas,top_lemmas,pos_distribution,cluster_id,cluster_name,n_surahs,meccan_share,top_co_roots,is_bridge,n_neighbor_clusters,notable
smw,سمو,381,6,samaA^' (سَمَا^ء) x310; {som (ٱسْم) x39; m~usam~FY (مُّسَمًّى) x21,"N: 97%, V: 2%",1,,81,0.703,ArD (ارض) x224; Alh (اله) x185; Elm (علم) x72; kwn (كون) x71; xlq (خلق) x66,True,82,high inter-cluster connectivity (82 clusters); appears in 80+ surahs
Alh,اله,2851,3,{ll~ah (ٱللَّه) x2699; <ila`h (إِلَٰه) x147; {ll~ahum~a (ٱللَّهُمَّ) x5,"PN: 95%, N: 5%",8,Allegiance & the Object of Worship,86,0.383,qwl (قول) x514; kwn (كون) x441; Elm (علم) x408; Amn (امن) x372; $yA (شيا) x282,True,131,high inter-cluster connectivity (131 clusters); in named cluster: Allegiance & the Object of Worship; appears in 80+ surahs
rHm,رحم,339,9,r~aHiym (رَّحِيم) x116; raHomap (رَحْمَة) x114; r~aHoma`n (رَّحْمَٰن) x57,"N: 55%, ADJ: 37%",90,Sin–Mercy Economy,62,0.667,Alh (اله) x130; rbb (ربب) x91; gfr (غفر) x91; qwl (قول) x73; kwn (كون) x64,True,72,high inter-cluster connectivity (72 clusters); in named cluster: Sin–Mercy Economy
Hmd,حمد,63,5,Hamod (حَمْد) x43; Hamiyd (حَمِيد) x17; yuHomadu (يُحْمَدُ) x1,"N: 73%, ADJ: 25%",67,,40,0.794,Alh (اله) x42; rbb (ربب) x25; qwl (قول) x18; ArD (ارض) x17; sbH (سبح) x16,True,28,high inter-cluster connectivity (28 clusters)
rbb,ربب,980,4,rab~ (رَبّ) x975; rab~a`niy~in (رَبَّٰنِيِّن) x3; rib~iy~uwn (رِبِّيُّون) x1,N: 100%,4,"Revelation, Speech & Disbelief",94,0.778,qwl (قول) x329; Alh (اله) x204; kwn (كون) x159; Elm (علم) x129; Amn (امن) x112,True,113,"noun-only; high inter-cluster connectivity (113 clusters); in named cluster: Revelation, Speech & Disbelief; appears in 80+ surahs"
Elm,علم,854,14,Ealima (عَلِمَ) x382; Ealiym (عَلِيم) x163; Eilom (عِلْم) x105,"V: 50%, N: 36%",4,"Revelation, Speech & Disbelief",85,0.58,Alh (اله) x408; qwl (قول) x230; kwn (كون) x157; rbb (ربب) x129; Amn (امن) x99,True,107,"high inter-cluster connectivity (107 clusters); in named cluster: Revelation, Speech & Disbelief; appears in 80+ surahs"
mlk,ملك,206,10,malak (مَلَك) x88; mulok (مُلْك) x48; malakato (مَلَكَتْ) x44,"N: 77%, V: 21%",43,Divine Will & Dominion,63,0.592,Alh (اله) x101; qwl (قول) x80; kwn (كون) x48; $yA (شيا) x47; smw (سمو) x41,True,71,high inter-cluster connectivity (71 clusters); in named cluster: Divine Will & Dominion
ywm,يوم,405,1,yawom (يَوْم) x405,"N: 80%, T: 20%",78,,75,0.723,Alh (اله) x125; qwm (قوم) x104; qwl (قول) x94; kwn (كون) x92; Amn (امن) x58,True,86,high inter-cluster connectivity (86 clusters)
dyn,دين,101,5,diyn (دِين) x92; dayon (دَيْن) x5; madiyniyn (مَدِينِين) x2,"N: 98%, V: 2%",19,Household Law & Lineage,40,0.485,Alh (اله) x53; kwn (كون) x25; ywm (يوم) x20; qwm (قوم) x17; Elm (علم) x16,True,35,high inter-cluster connectivity (35 clusters); in named cluster: Household Law & Lineage
Ebd,عبد,275,6,Eabod (عَبْد) x131; Eabada (عَبَدَ) x122; EaAbid (عَابِد) x11,"N: 55%, V: 45%",8,Allegiance & the Object of Worship,57,0.825,Alh (اله) x134; qwl (قول) x85; kwn (كون) x62; rbb (ربب) x47; $yA (شيا) x37,True,68,high inter-cluster connectivity (68 clusters); in named cluster: Allegiance & the Object of Worship
Ewn,عون,11,5,{sotaEiynu (ٱسْتَعِينُ) x4; taEaAwanu (تَعَاوَنُ) x2; musotaEaAn (مُسْتَعَان) x2,"V: 73%, N: 27%",5,The Commanded Self,8,0.545,qwl (قول) x6; Sbr (صبر) x4; rbb (ربب) x4; Alh (اله) x4; qwm (قوم) x3,True,6,bridge (6 clusters); in named cluster: The Commanded Self
hdy,هدي,316,12,hadaY (هَدَى) x144; hudFY (هُدًى) x85; {hotadaY` (ٱهْتَدَىٰ) x40,"V: 58%, N: 42%",8,Allegiance & the Object of Worship,62,0.652,Alh (اله) x130; qwl (قول) x79; qwm (قوم) x66; rbb (ربب) x61; kwn (كون) x57,True,66,high inter-cluster connectivity (66 clusters); in named cluster: Allegiance & the Object of Worship
SrT,صرط,45,1,Sira`T (صِرَٰط) x45,N: 100%,8,Allegiance & the Object of Worship,25,0.733,qwm (قوم) x33; hdy (هدي) x24; Alh (اله) x19; rbb (ربب) x9; $yA (شيا) x8,True,18,noun-only; high inter-cluster connectivity (18 clusters); in named cluster: Allegiance & the Object of Worship
qwm,قوم,660,22,qawom (قَوْم) x383; qiya`map (قِيَٰمَة) x70; >aqaAma (أَقَامَ) x54,"N: 81%, V: 15%",8,Allegiance & the Object of Worship,79,0.688,Alh (اله) x242; qwl (قول) x186; kwn (كون) x131; rbb (ربب) x112; ywm (يوم) x104,True,100,high inter-cluster connectivity (100 clusters); in named cluster: Allegiance & the Object of Worship
nEm,نعم,140,9,niEomap (نِعْمَة) x50; n~aEam (نَّعَم) x33; niEoma (نِعْمَ) x18,"N: 74%, V: 26%",34,,61,0.643,Alh (اله) x58; kwn (كون) x22; qwl (قول) x22; jnn (جنن) x20; rbb (ربب) x20,True,50,high inter-cluster connectivity (50 clusters)
gyr,غير,154,5,gayor (غَيْر) x147; yugay~iru (يُغَيِّرُ) x4; mugay~ir (مُغَيِّر) x1,"N: 95%, V: 3%",90,Sin–Mercy Economy,46,0.61,Alh (اله) x86; qwl (قول) x43; kwn (كون) x42; qwm (قوم) x30; Elm (علم) x30,True,68,high inter-cluster connectivity (68 clusters); in named cluster: Sin–Mercy Economy
gDb,غضب,24,5,gaDab (غَضَب) x14; gaDiba (غَضِبَ) x6; gaDoba`n (غَضْبَٰن) x2,"N: 75%, V: 25%",86,,15,0.542,Alh (اله) x14; rbb (ربب) x7; kfr (كفر) x5; kwn (كون) x5; qtl (قتل) x5,True,19,high inter-cluster connectivity (19 clusters)
Dll,ضلل,191,8,>aDal~a (أَضَلَّ) x64; Dal~a (ضَلَّ) x53; Dala`l (ضَلَٰل) x38,"V: 61%, N: 37%",8,Allegiance & the Object of Worship,56,0.738,Alh (اله) x80; qwl (قول) x59; hdy (هدي) x52; kwn (كون) x49; rbb (ربب) x34,True,52,high inter-cluster connectivity (52 clusters); in named cluster: Allegiance & the Object of Worship
ktb,كتب,319,7,kita`b (كِتَٰب) x260; kataba (كَتَبَ) x49; kaAtib (كَاتِب) x6,"N: 84%, V: 16%",4,"Revelation, Speech & Disbelief",61,0.486,Alh (اله) x123; Aty (اتي) x78; kwn (كون) x65; qwl (قول) x63; Amn (امن) x63,True,80,"high inter-cluster connectivity (80 clusters); in named cluster: Revelation, Speech & Disbelief"
ryb,ريب,36,5,rayob (رَيْب) x18; {rotaAba (ٱرْتَابَ) x9; muriyb (مُرِيب) x7,"N: 72%, V: 25%",4,"Revelation, Speech & Disbelief",26,0.556,Alh (اله) x21; byn (بين) x11; ktb (كتب) x10; Elm (علم) x10; qwl (قول) x10,True,19,"high inter-cluster connectivity (19 clusters); in named cluster: Revelation, Speech & Disbelief"
wqy,وقي,258,8,{t~aqaY` (ٱتَّقَىٰ) x166; mut~aqiyn (مُتَّقِين) x49; taqowaY (تَقْوَى) x17,"V: 71%, N: 29%",5,The Commanded Self,63,0.45,Alh (اله) x135; Amn (امن) x55; kwn (كون) x44; qwl (قول) x43; rbb (ربب) x33,True,60,high inter-cluster connectivity (60 clusters); in named cluster: The Commanded Self
Amn,امن,879,17,'aAmana (ءَامَنَ) x537; mu&omin (مُؤْمِن) x202; <iyma`n (إِيمَٰن) x45,"V: 63%, N: 33%",0,The Believers' Reward,77,0.431,Alh (اله) x372; kwn (كون) x197; qwl (قول) x185; kfr (كفر) x126; rbb (ربب) x112,True,110,high inter-cluster connectivity (110 clusters); in named cluster: The Believers' Reward
gyb,غيب,60,6,gayob (غَيْب) x49; guyuwb (غُيُوب) x4; gaA^}ibiyn (غَا^ئِبِين) x3,"N: 98%, V: 2%",4,"Revelation, Speech & Disbelief",35,0.7,Elm (علم) x34; Alh (اله) x24; kwn (كون) x21; qwl (قول) x20; ArD (ارض) x13,True,26,"high inter-cluster connectivity (26 clusters); in named cluster: Revelation, Speech & Disbelief"
Slw,صلو,99,4,Salaw`p (صَلَوٰة) x83; Sal~aY` (صَلَّىٰ) x12; muSal~iyn (مُصَلِّين) x3,"N: 88%, V: 12%",17,Bodily Purity & Prayer,37,0.404,qwm (قوم) x52; Alh (اله) x44; zkw (زكو) x28; Aty (اتي) x27; Amn (امن) x22,True,41,high inter-cluster connectivity (41 clusters); in named cluster: Bodily Purity & Prayer
rzq,رزق,123,4,razaqa (رَزَقَ) x61; rizoq (رِزْق) x55; r~a`ziqiyn (رَّٰزِقِين) x6,"N: 50%, V: 50%",43,Divine Will & Dominion,44,0.65,Alh (اله) x59; qwl (قول) x27; Amn (امن) x23; Elm (علم) x23; rbb (ربب) x23,True,48,high inter-cluster connectivity (48 clusters); in named cluster: Divine Will & Dominion
nfq,نفق,111,10,>anfaqa (أَنفَقَ) x68; muna`fiquwn (مُنَٰفِقُون) x27; muna`fiqa`t (مُنَٰفِقَٰت) x5,"V: 63%, N: 37%",66,Jihād fī Sabīl Allāh,31,0.117,Alh (اله) x61; qwl (قول) x21; Amn (امن) x18; Elm (علم) x18; kfr (كفر) x17,True,50,high Medinan concentration; high inter-cluster connectivity (50 clusters); in named cluster: Jihād fī Sabīl Allāh
nzl,نزل,293,12,>anzala (أَنزَلَ) x183; naz~ala (نَزَّلَ) x62; tanziyl (تَنزِيل) x15,"V: 88%, N: 12%",4,"Revelation, Speech & Disbelief",60,0.563,Alh (اله) x126; qwl (قول) x71; ktb (كتب) x63; kwn (كون) x58; rbb (ربب) x56,True,76,"high inter-cluster connectivity (76 clusters); in named cluster: Revelation, Speech & Disbelief"
qbl,قبل,294,13,qabol (قَبْل) x242; taqab~ala (تَقَبَّلَ) x10; yaqobalu (يَقْبَلُ) x9,"N: 74%, T: 15%",4,"Revelation, Speech & Disbelief",64,0.629,kwn (كون) x105; Alh (اله) x98; qwl (قول) x86; Aty (اتي) x64; rsl (رسل) x58,True,85,"high inter-cluster connectivity (85 clusters); in named cluster: Revelation, Speech & Disbelief"
Axr,اخر,250,6,A^xir (ا^خِر) x155; A^xar (ا^خَر) x70; >ax~ara (أَخَّرَ) x15,"N: 71%, ADJ: 19%",96,Dunya vs. Ākhirah,64,0.612,Alh (اله) x123; kwn (كون) x59; Amn (امن) x58; dnw (دنو) x57; qwl (قول) x44,True,68,high inter-cluster connectivity (68 clusters); in named cluster: Dunya vs. Ākhirah
yqn,يقن,28,5,yuwqinu (يُوقِنُ) x12; yaqiyn (يَقِين) x8; m~uwqiniyn (مُّوقِنِين) x5,"V: 50%, N: 43%",4,"Revelation, Speech & Disbelief",19,0.821,Alh (اله) x7; qwl (قول) x7; Aty (اتي) x6; Ayy (ايي) x6; qwm (قوم) x6,True,17,"high inter-cluster connectivity (17 clusters); in named cluster: Revelation, Speech & Disbelief"
flH,فلح,40,2,>afolaHa (أَفْلَحَ) x27; mufoliHuwn (مُفْلِحُون) x13,"V: 68%, N: 32%",5,The Commanded Self,24,0.575,Alh (اله) x20; Amn (امن) x14; qwl (قول) x11; kwn (كون) x9; rbb (ربب) x7,True,25,high inter-cluster connectivity (25 clusters); in named cluster: The Commanded Self
kfr,كفر,525,14,kafara (كَفَرَ) x289; ka`firuwn (كَٰفِرُون) x129; kufor (كُفْر) x37,"V: 58%, N: 38%",62,The Prepared Fire,77,0.444,Alh (اله) x225; qwl (قول) x132; Amn (امن) x126; kwn (كون) x123; rbb (ربب) x70,True,98,high inter-cluster connectivity (98 clusters); in named cluster: The Prepared Fire
swy,سوي,83,7,{sotawaY`^ (ٱسْتَوَىٰ^) x35; sawaA^' (سَوَا^ء) x27; saw~aY` (سَوَّىٰ) x13,"V: 60%, N: 34%",12,,48,0.687,Alh (اله) x29; qwl (قول) x22; Elm (علم) x12; rbb (ربب) x12; qwm (قوم) x12,True,40,high inter-cluster connectivity (40 clusters)
n*r,نذر,130,8,na*iyr (نَذِير) x58; >an*ara (أَنذَرَ) x44; mun*ir (مُنذِر) x15,"N: 63%, V: 37%",4,"Revelation, Speech & Disbelief",50,0.869,qwl (قول) x34; kwn (كون) x26; rsl (رسل) x23; b$r (بشر) x22; Alh (اله) x22,True,35,"high Meccan concentration; high inter-cluster connectivity (35 clusters); in named cluster: Revelation, Speech & Disbelief"
xtm,ختم,8,4,xatama (خَتَمَ) x5; xaAtam (خَاتَم) x1; m~axotuwm (مَّخْتُوم) x1,"V: 62%, N: 25%",191,,7,0.75,Alh (اله) x5; qlb (قلب) x4; bSr (بصر) x3; smE (سمع) x3; Elm (علم) x3,True,9,bridge (9 clusters)
qlb,قلب,168,9,qalob (قَلْب) x132; {nqalaba (ٱنقَلَبَ) x17; qal~abu (قَلَّبُ) x6,"N: 85%, V: 15%",28,,48,0.345,Alh (اله) x94; Amn (امن) x49; qwl (قول) x40; kwn (كون) x33; Elm (علم) x32,True,65,high inter-cluster connectivity (65 clusters)
smE,سمع,185,10,samiEa (سَمِعَ) x78; samiyE (سَمِيع) x47; samoE (سَمْع) x22,"V: 58%, N: 37%",191,,57,0.622,Alh (اله) x70; qwl (قول) x49; Elm (علم) x44; bSr (بصر) x37; kwn (كون) x26,True,54,high inter-cluster connectivity (54 clusters)
bSr,بصر,148,10,baSiyr (بَصِير) x51; baSar (بَصَر) x48; >aboSara (أَبْصَرَ) x29,"N: 64%, V: 22%",191,,62,0.736,Alh (اله) x60; smE (سمع) x37; qwl (قول) x30; kwn (كون) x28; Eml (عمل) x25,True,56,high inter-cluster connectivity (56 clusters)
g$w,غشو,29,8,ga$iya (غَشِيَ) x13; >ugo$iyato (أُغْشِيَتْ) x4; ga`$iyap (غَٰشِيَة) x3,"V: 79%, N: 21%",318,,23,0.759,Alh (اله) x10; jEl (جعل) x6; qlb (قلب) x5; Amn (امن) x5; lyl (ليل) x5,True,24,high inter-cluster connectivity (24 clusters)
E*b,عذب,373,5,Ea*aAb (عَذَاب) x322; Ea*~aba (عَذَّبَ) x41; muEa*~ib (مُعَذِّب) x4,"N: 89%, V: 11%",62,The Prepared Fire,68,0.622,Alh (اله) x133; qwl (قول) x78; kwn (كون) x77; Alm (الم) x70; kfr (كفر) x68,True,88,high inter-cluster connectivity (88 clusters); in named cluster: The Prepared Fire
EZm,عظم,128,5,EaZiym (عَظِيم) x120; >aEoZam (أَعْظَم) x3; EaZom (عَظْم) x2,"ADJ: 82%, N: 16%",0,The Believers' Reward,50,0.469,Alh (اله) x69; qwl (قول) x28; E*b (عذب) x26; kwn (كون) x25; Amn (امن) x21,True,48,high inter-cluster connectivity (48 clusters); in named cluster: The Believers' Reward
nws,نوس,241,1,n~aAs (نَّاس) x241,N: 100%,4,"Revelation, Speech & Disbelief",53,0.494,Alh (اله) x129; qwl (قول) x57; kwn (كون) x52; Elm (علم) x48; rbb (ربب) x45,True,81,"noun-only; high inter-cluster connectivity (81 clusters); in named cluster: Revelation, Speech & Disbelief"
qwl,قول,1722,6,qaAla (قَالَ) x1618; qawol (قَوْل) x92; qaA^}il (قَا^ئِل) x5,"V: 94%, N: 6%",4,"Revelation, Speech & Disbelief",84,0.725,Alh (اله) x514; kwn (كون) x369; rbb (ربب) x329; Elm (علم) x230; qwm (قوم) x186,True,128,"high inter-cluster connectivity (128 clusters); in named cluster: Revelation, Speech & Disbelief; appears in 80+ surahs"
xdE,خدع,5,3,yuxa`diEu (يُخَٰدِعُ) x2; yaxodaEu (يَخْدَعُ) x2; xa`diE (خَٰدِع) x1,"V: 80%, N: 20%",0,The Believers' Reward,3,0.0,Alh (اله) x3; Amn (امن) x2,False,2,rare (5 occ.); high Medinan concentration; in named cluster: The Believers' Reward
nfs,نفس,298,4,nafos (نَفْس) x295; tanaf~asa (تَنَفَّسَ) x1; yatanaAfasi (يَتَنَافَسِ) x1,"N: 99%, V: 1%",5,The Commanded Self,63,0.547,Alh (اله) x139; kwn (كون) x87; qwl (قول) x67; Zlm (ظلم) x55; Elm (علم) x45,True,82,high inter-cluster connectivity (82 clusters); in named cluster: The Commanded Self
$Er,شعر,40,7,ya$oEuru (يَشْعُرُ) x25; $aAEir (شَاعِر) x5; $aEa`^}ir (شَعَٰ^ئِر) x4,"V: 68%, N: 30%",4,"Revelation, Speech & Disbelief",23,0.75,Alh (اله) x14; qwl (قول) x13; Aty (اتي) x11; Amn (امن) x7; rbb (ربب) x6,True,21,"high inter-cluster connectivity (21 clusters); in named cluster: Revelation, Speech & Disbelief"
mrD,مرض,24,3,m~araD (مَّرَض) x13; m~ariyD (مَّرِيض) x10; mariDo (مَرِضْ) x1,"N: 96%, V: 4%",17,Bodily Purity & Prayer,13,0.125,Alh (اله) x16; qlb (قلب) x12; kwn (كون) x8; qwl (قول) x7; Elm (علم) x5,True,23,high Medinan concentration; high inter-cluster connectivity (23 clusters); in named cluster: Bodily Purity & Prayer
zyd,زيد,61,4,zaAda (زَادَ) x49; {zodaAdu (ٱزْدَادُ) x8; ziyaAdap (زِيَادَة) x2,"V: 93%, N: 7%",162,,32,0.656,Alh (اله) x24; qwl (قول) x18; rbb (ربب) x17; Amn (امن) x14; kfr (كفر) x12,True,29,high inter-cluster connectivity (29 clusters)
Alm,الم,75,2,>aliym (أَلِيم) x72; ya>olamu (يَأْلَمُ) x3,"ADJ: 96%, V: 4%",62,The Prepared Fire,42,0.48,E*b (عذب) x70; Alh (اله) x36; kfr (كفر) x22; Amn (امن) x18; qwl (قول) x16,True,38,high inter-cluster connectivity (38 clusters); in named cluster: The Prepared Fire
kwn,كون,1390,3,kaAna (كَانَ) x1358; m~akaAn (مَّكَان) x27; makaAnat (مَكَانَت) x5,"V: 98%, N: 2%",4,"Revelation, Speech & Disbelief",86,0.662,Alh (اله) x441; qwl (قول) x369; Amn (امن) x197; rbb (ربب) x159; Elm (علم) x157,True,127,"high inter-cluster connectivity (127 clusters); in named cluster: Revelation, Speech & Disbelief; appears in 80+ surahs"
k*b,كذب,282,9,ka*~aba (كَذَّبَ) x176; ka*ib (كَذِب) x33; ka`*ib (كَٰذِب) x32,"V: 66%, N: 32%",4,"Revelation, Speech & Disbelief",68,0.748,Alh (اله) x68; kwn (كون) x64; qwl (قول) x56; rbb (ربب) x48; Ayy (ايي) x46,True,47,"high inter-cluster connectivity (47 clusters); in named cluster: Revelation, Speech & Disbelief"
fsd,فسد,50,4,mufosid (مُفْسِد) x21; >afosadu (أَفْسَدُ) x15; fasaAd (فَسَاد) x11,"N: 64%, V: 36%",147,,23,0.66,ArD (ارض) x31; Alh (اله) x20; qwl (قول) x15; kwn (كون) x12; SlH (صلح) x9,True,31,high inter-cluster connectivity (31 clusters)
ArD,ارض,461,1,>aroD (أَرْض) x461,N: 100%,1,,80,0.707,smw (سمو) x224; Alh (اله) x215; qwl (قول) x101; kwn (كون) x91; Elm (علم) x85,True,98,noun-only; high inter-cluster connectivity (98 clusters); appears in 80+ surahs
SlH,صلح,180,8,Sa`liH (صَٰلِح) x65; S~a`liHa`t (صَّٰلِحَٰت) x62; >aSolaHa (أَصْلَحَ) x28,"N: 76%, V: 17%",0,The Believers' Reward,54,0.628,Eml (عمل) x93; Amn (امن) x82; Alh (اله) x66; rbb (ربب) x39; kwn (كون) x36,True,46,high inter-cluster connectivity (46 clusters); in named cluster: The Believers' Reward
sfh,سفه,11,4,safiyh (سَفِيه) x7; safaAhap (سَفَاهَة) x2; safiha (سَفِهَ) x1,"N: 91%, V: 9%",8,Allegiance & the Object of Worship,5,0.455,qwl (قول) x7; qwm (قوم) x6; Alh (اله) x5; Elm (علم) x4; kwn (كون) x4,True,7,bridge (7 clusters); in named cluster: Allegiance & the Object of Worship
lqy,لقي,146,16,>aloqaY`^ (أَلْقَىٰ^) x71; liqaA^' (لِقَا^ء) x24; laqu (لَقُ) x14,"V: 72%, N: 27%",73,,53,0.753,qwl (قول) x42; Alh (اله) x39; kwn (كون) x30; rbb (ربب) x25; ywm (يوم) x24,True,60,high inter-cluster connectivity (60 clusters)
xlw,خلو,28,4,xalaA (خَلَا) x25; xal~u (خَلُّ) x1; xaAliyap (خَالِيَة) x1,"V: 96%, ADJ: 4%",4,"Revelation, Speech & Disbelief",18,0.429,qbl (قبل) x15; Alh (اله) x12; qwl (قول) x10; kwn (كون) x9; Amm (امم) x8,True,17,"high inter-cluster connectivity (17 clusters); in named cluster: Revelation, Speech & Disbelief"
$Tn,شطن,88,1,$ayoTa`n (شَيْطَٰن) x88,"PN: 91%, N: 9%",9,,36,0.602,Alh (اله) x28; qwl (قول) x22; kwn (كون) x18; byn (بين) x15; Edw (عدو) x13,True,43,high inter-cluster connectivity (43 clusters)
hzA,هزا,34,3,{sotuhozi}a (ٱسْتُهْزِئَ) x21; huzuw (هُزُو) x11; musotahozi'uwn (مُسْتَهْزِءُون) x2,"V: 62%, N: 38%",200,,21,0.706,kwn (كون) x18; Alh (اله) x13; Ax* (اخذ) x12; rsl (رسل) x10; Ayy (ايي) x9,True,17,high inter-cluster connectivity (17 clusters)
mdd,مدد,32,9,mad~a (مَدَّ) x13; >amad~a (أَمَدَّ) x10; mad~ (مَدّ) x2,"V: 72%, N: 19%",440,,24,0.781,rbb (ربب) x7; Alh (اله) x5; qwl (قول) x5; ArD (ارض) x5; jEl (جعل) x5,True,20,high inter-cluster connectivity (20 clusters)
Tgy,طغي,39,8,TagaY` (طَغَىٰ) x12; Tugoya`n (طُغْيَٰن) x9; T~a`guwt (طَّٰغُوت) x8,"N: 62%, V: 33%",132,,27,0.744,Alh (اله) x10; kfr (كفر) x8; qwl (قول) x8; kwn (كون) x8; Amn (امن) x7,True,22,high inter-cluster connectivity (22 clusters)
Emh,عمه,7,1,yaEomahu (يَعْمَهُ) x7,V: 100%,132,,7,0.857,Tgy (طغي) x5; Alh (اله) x3; w*r (وذر) x3; Amn (امن) x2,False,4,verb-only; high Meccan concentration
$ry,شري,25,2,{$otaraY` (ٱشْتَرَىٰ) x21; $ara (شَرَ) x4,V: 100%,35,,8,0.16,Alh (اله) x17; vmn (ثمن) x11; qll (قلل) x9; kwn (كون) x8; E*b (عذب) x7,True,19,verb-only; high inter-cluster connectivity (19 clusters)
rbH,ربح,1,1,rabiHat (رَبِحَت) x1,V: 100%,526,,1,0.0,,False,0,verb-only; single occurrence; confined to 1 surah
tjr,تجر,9,1,tija`rap (تِجَٰرَة) x9,N: 100%,269,,7,0.111,Alh (اله) x6; qwm (قوم) x5; kwn (كون) x4; Amn (امن) x3; rDw (رضو) x3,True,10,noun-only; high Medinan concentration; high inter-cluster connectivity (10 clusters)
mvl,مثل,169,7,maval (مَثَل) x88; mivol (مِثْل) x75; t~amaAviyl (تَّمَاثِيل) x2,"N: 98%, ADJ: 1%",19,Household Law & Lineage,50,0.609,Alh (اله) x71; qwl (قول) x43; kwn (كون) x34; Drb (ضرب) x29; $yA (شيا) x29,True,57,high inter-cluster connectivity (57 clusters); in named cluster: Household Law & Lineage
wqd,وقد,11,4,>awoqadu (أَوْقَدُ) x5; waquwd (وَقُود) x4; {sotawoqada (ٱسْتَوْقَدَ) x1,"V: 55%, N: 36%",111,,10,0.364,nwr (نور) x10; Alh (اله) x8; nws (نوس) x4; mvl (مثل) x3; kfr (كفر) x3,True,13,high inter-cluster connectivity (13 clusters)
nwr,نور,194,3,naAr (نَار) x145; nuwr (نُور) x43; m~uniyr (مُّنِير) x6,"N: 99%, ADJ: 1%",0,The Believers' Reward,62,0.5,Alh (اله) x75; qwl (قول) x46; kfr (كفر) x44; rbb (ربب) x34; kwn (كون) x34,True,63,high inter-cluster connectivity (63 clusters); in named cluster: The Believers' Reward
DwA,ضوا,6,2,>aDaA^'a (أَضَا^ءَ) x3; DiyaA^' (ضِيَا^ء) x3,"V: 50%, N: 50%",111,,5,0.5,Alh (اله) x5; nwr (نور) x3; qwm (قوم) x3; *hb (ذهب) x2; Zlm (ظلم) x2,True,10,high inter-cluster connectivity (10 clusters)
Hwl,حول,25,5,Hawol (حَوْل) x17; HaAla (حَالَ) x3; taHowiyl (تَحْوِيل) x3,"N: 72%, LOC: 12%",4,"Revelation, Speech & Disbelief",19,0.68,Alh (اله) x11; Elm (علم) x7; byn (بين) x5; qwl (قول) x5; kwn (كون) x4,True,21,"high inter-cluster connectivity (21 clusters); in named cluster: Revelation, Speech & Disbelief"
*hb,ذهب,56,5,*ahaba (ذَهَبَ) x35; >a*ohaba (أَذْهَبَ) x11; *ahab (ذَهَب) x8,"V: 82%, N: 18%",51,,30,0.643,Alh (اله) x23; $yA (شيا) x12; qwl (قول) x11; kwn (كون) x9; Amn (امن) x8,True,33,high inter-cluster connectivity (33 clusters)
trk,ترك,43,2,taraka (تَرَكَ) x40; taArik (تَارِك) x3,"V: 93%, N: 7%",19,Household Law & Lineage,20,0.558,Alh (اله) x16; qwl (قول) x12; Amn (امن) x8; kwn (كون) x8; Axr (اخر) x8,True,25,high inter-cluster connectivity (25 clusters); in named cluster: Household Law & Lineage
Zlm,ظلم,315,12,ZaAlim (ظَالِم) x129; Zalama (ظَلَمَ) x110; Zuluma`t (ظُلُمَٰت) x23,"N: 57%, V: 35%",4,"Revelation, Speech & Disbelief",59,0.67,Alh (اله) x131; kwn (كون) x80; qwl (قول) x79; qwm (قوم) x57; rbb (ربب) x56,True,76,"high inter-cluster connectivity (76 clusters); in named cluster: Revelation, Speech & Disbelief"
Smm,صمم,15,3,>aSam~ (أَصَمّ) x12; Sam~u (صَمُّ) x2; >aSam~a (أَصَمَّ) x1,"N: 80%, V: 20%",36,,13,0.6,Emy (عمي) x8; smE (سمع) x7; bkm (بكم) x5; Alh (اله) x5; dEw (دعو) x4,True,7,bridge (7 clusters)
bkm,بكم,6,1,>abokam (أَبْكَم) x6,N: 100%,36,,5,0.5,Smm (صمم) x5; Alh (اله) x4; Emy (عمي) x3; qwm (قوم) x3; Eql (عقل) x2,True,5,noun-only; bridge (5 clusters)
Emy,عمي,33,5,>aEomaY` (أَعْمَىٰ) x21; EamiYa (عَمِىَ) x7; Eamuwn (عَمُون) x2,"N: 64%, V: 24%",36,,22,0.667,bSr (بصر) x11; kwn (كون) x10; Smm (صمم) x8; Alh (اله) x7; hdy (هدي) x7,True,18,high inter-cluster connectivity (18 clusters)
rjE,رجع,104,6,rajaEa (رَجَعَ) x79; marojiE (مَرْجِع) x16; ra`jiEuwn (رَٰجِعُون) x4,"V: 77%, N: 23%",4,"Revelation, Speech & Disbelief",42,0.731,Alh (اله) x39; qwl (قول) x26; kwn (كون) x23; rbb (ربب) x18; Elm (علم) x18,True,41,"high inter-cluster connectivity (41 clusters); in named cluster: Revelation, Speech & Disbelief"
Swb,صوب,77,5,>aSaAba (أَصَابَ) x64; m~uSiybap (مُّصِيبَة) x10; Say~ib (صَيِّب) x1,"V: 83%, N: 17%",75,Witnessing the Visible Sign,27,0.325,Alh (اله) x39; qwl (قول) x16; $yA (شيا) x13; Amn (امن) x12; rsl (رسل) x12,True,34,high inter-cluster connectivity (34 clusters); in named cluster: Witnessing the Visible Sign
rEd,رعد,2,1,raEod (رَعْد) x2,N: 100%,203,,2,0.0,Alh (اله) x2; SEq (صعق) x2; Swb (صوب) x2,False,3,noun-only; rare (2 occ.)
brq,برق,6,2,baroq (بَرْق) x5; bariqa (بَرِقَ) x1,"N: 83%, V: 17%",75,Witnessing the Visible Sign,5,0.333,Alh (اله) x3; smw (سمو) x3; bSr (بصر) x3; rAy (راي) x3; Swb (صوب) x2,True,10,high inter-cluster connectivity (10 clusters); in named cluster: Witnessing the Visible Sign
jEl,جعل,346,2,jaEala (جَعَلَ) x340; jaAEil (جَاعِل) x6,"V: 98%, N: 2%",44,,66,0.775,Alh (اله) x118; qwl (قول) x62; rbb (ربب) x59; kwn (كون) x44; qwm (قوم) x42,True,96,high inter-cluster connectivity (96 clusters)
SbE,صبع,2,1,>aSa`biE (أَصَٰبِع) x2,N: 100%,65,,2,0.5,A*n (اذن) x2; jEl (جعل) x2,False,2,noun-only; rare (2 occ.)
A*n,اذن,102,9,<i*on (إِذْن) x39; >a*ina (أَذِنَ) x23; >u*unN (أُذُنٌ) x18,"N: 59%, V: 41%",65,,38,0.451,Alh (اله) x54; qwl (قول) x26; Amn (امن) x25; Elm (علم) x20; kwn (كون) x18,True,47,high inter-cluster connectivity (47 clusters)
SEq,صعق,11,3,SaAEiqap (صَاعِقَة) x8; SaEiqa (صَعِقَ) x2; SaEiq (صَعِق) x1,"N: 82%, V: 18%",203,,8,0.636,Alh (اله) x5; Ax* (اخذ) x4; nZr (نظر) x4; qwl (قول) x4; smw (سمو) x3,True,11,high inter-cluster connectivity (11 clusters)
H*r,حذر,21,6,yaHo*aru (يَحْذَرُ) x12; Hi*or (حِذْر) x3; Ha*ar (حَذَر) x2,"V: 67%, N: 33%",156,,12,0.19,Alh (اله) x13; qwl (قول) x6; Elm (علم) x5; Amn (امن) x5; kfr (كفر) x4,True,22,high inter-cluster connectivity (22 clusters)
mwt,موت,165,8,mawot (مَوْت) x50; m~aAta (مَّاتَ) x39; m~ay~it (مَّيِّت) x38,"N: 58%, V: 36%",90,Sin–Mercy Economy,53,0.6,Hyy (حيي) x65; Alh (اله) x64; qwl (قول) x39; kwn (كون) x34; ArD (ارض) x24,True,50,high inter-cluster connectivity (50 clusters); in named cluster: Sin–Mercy Economy
HwT,حوط,28,3,>aHaATa (أَحَاطَ) x17; muHiyT (مُحِيط) x9; muHiyTap (مُحِيطَة) x2,"V: 61%, N: 39%",43,Divine Will & Dominion,18,0.643,Alh (اله) x13; qwl (قول) x10; $yA (شيا) x8; kwn (كون) x7; Elm (علم) x6,True,18,high inter-cluster connectivity (18 clusters); in named cluster: Divine Will & Dominion
kwd,كود,24,1,kaAda (كَادَ) x24,V: 100%,75,Witnessing the Visible Sign,19,0.667,Alh (اله) x11; qwl (قول) x7; kll (كلل) x6; qwm (قوم) x5; ArD (ارض) x5,True,20,verb-only; high inter-cluster connectivity (20 clusters); in named cluster: Witnessing the Visible Sign
xTf,خطف,7,3,xaTifa (خَطِفَ) x3; yataxaT~afa (يَتَخَطَّفَ) x3; xaTofap (خَطْفَة) x1,"V: 86%, N: 14%",43,Divine Will & Dominion,6,0.571,Alh (اله) x3; $yA (شيا) x2; kll (كلل) x2; ArD (ارض) x2; nws (نوس) x2,True,6,bridge (6 clusters); in named cluster: Divine Will & Dominion
kll,كلل,377,4,kul~ (كُلّ) x359; kul~amaA (كُلَّمَا) x15; kala`lap (كَلَٰلَة) x2,"N: 96%, T: 4%",43,Divine Will & Dominion,74,0.642,Alh (اله) x149; $yA (شيا) x135; kwn (كون) x77; Elm (علم) x73; ArD (ارض) x62,True,94,high inter-cluster connectivity (94 clusters); in named cluster: Divine Will & Dominion
m$y,مشي,23,3,m~a$a (مَّشَ) x21; ma$oy (مَشْي) x1; m~a$~aA^' (مَّشَّا^ء) x1,"V: 91%, N: 4%",434,,14,0.783,qwl (قول) x6; Alh (اله) x5; ArD (ارض) x5; jEl (جعل) x4; kwn (كون) x4,True,19,high inter-cluster connectivity (19 clusters)
$yA,شيا,519,2,$aYo' (شَىْء) x283; $aA^'a (شَا^ءَ) x236,"N: 55%, V: 45%",43,Divine Will & Dominion,73,0.601,Alh (اله) x282; kll (كلل) x135; qwl (قول) x113; kwn (كون) x98; Elm (علم) x95,True,102,high inter-cluster connectivity (102 clusters); in named cluster: Divine Will & Dominion
qdr,قدر,132,11,qadiyr (قَدِير) x45; qadara (قَدَرَ) x25; qad~ara (قَدَّرَ) x16,"N: 68%, V: 31%",43,Divine Will & Dominion,58,0.652,$yA (شيا) x64; Alh (اله) x64; kll (كلل) x45; ArD (ارض) x31; Elm (علم) x28,True,49,high inter-cluster connectivity (49 clusters); in named cluster: Divine Will & Dominion
xlq,خلق,261,8,xalaqa (خَلَقَ) x184; xaloq (خَلْق) x52; xa`liq (خَٰلِق) x12,"V: 70%, N: 29%",77,Creation & the Appointed Term,75,0.824,Alh (اله) x82; smw (سمو) x66; ArD (ارض) x64; qwl (قول) x42; $yA (شيا) x41,True,59,high inter-cluster connectivity (59 clusters); in named cluster: Creation & the Appointed Term
fr$,فرش,6,4,fira`$ (فِرَٰش) x3; faro$ (فَرْش) x1; fara$o (فَرَشْ) x1,"N: 83%, V: 17%",43,Divine Will & Dominion,6,0.667,Alh (اله) x2; ArD (ارض) x2; rzq (رزق) x2; nEm (نعم) x2,False,4,in named cluster: Divine Will & Dominion
bny,بني,184,9,bunaY~ (بُنَىّ) x80; {bon (ٱبْن) x63; banaAt (بَنَات) x17,"N: 94%, V: 6%",5,The Commanded Self,53,0.549,Alh (اله) x68; qwl (قول) x56; kwn (كون) x35; Aty (اتي) x27; rbb (ربب) x26,True,65,high inter-cluster connectivity (65 clusters); in named cluster: The Commanded Self
mwh,موه,63,1,maA^' (مَا^ء) x63,N: 100%,17,Bodily Purity & Prayer,41,0.762,smw (سمو) x28; nzl (نزل) x27; ArD (ارض) x23; Alh (اله) x18; xrj (خرج) x12,True,38,noun-only; high inter-cluster connectivity (38 clusters); in named cluster: Bodily Purity & Prayer
xrj,خرج,182,11,>axoraja (أَخْرَجَ) x99; xaraja (خَرَجَ) x53; <ixoraAj (إِخْرَاج) x6,"V: 86%, N: 14%",75,Witnessing the Visible Sign,56,0.56,Alh (اله) x66; qwl (قول) x53; kwn (كون) x36; ArD (ارض) x26; Elm (علم) x22,True,64,high inter-cluster connectivity (64 clusters); in named cluster: Witnessing the Visible Sign
vmr,ثمر,24,4,vamara`t (ثَمَرَٰت) x16; vamar (ثَمَر) x5; >avomara (أَثْمَرَ) x2,"N: 92%, V: 8%",11,Vegetative Signs / Reflective Gaze,12,0.708,kll (كلل) x9; rzq (رزق) x7; xrj (خرج) x7; mwh (موه) x6; qwl (قول) x6,True,23,high inter-cluster connectivity (23 clusters); in named cluster: Vegetative Signs / Reflective Gaze
ndd,ندد,6,1,>andaAd (أَندَاد) x6,N: 100%,44,,5,0.667,Alh (اله) x5; jEl (جعل) x5; qwl (قول) x4; kfr (كفر) x3; ArD (ارض) x2,True,9,noun-only; bridge (9 clusters)
Aty,اتي,549,6,A^taY (ا^تَى) x271; >ataY (أَتَى) x264; A^tiy (ا^تِي) x9,"V: 97%, N: 3%",4,"Revelation, Speech & Disbelief",72,0.617,Alh (اله) x198; qwl (قول) x154; kwn (كون) x122; Elm (علم) x86; qwm (قوم) x83,True,99,"high inter-cluster connectivity (99 clusters); in named cluster: Revelation, Speech & Disbelief"
swr,سور,17,4,suwrap (سُورَة) x10; >asaAwir (أَسَاوِر) x5; tasaw~aru (تَسَوَّرُ) x1,"N: 94%, V: 6%",51,,13,0.353,Alh (اله) x7; nzl (نزل) x7; qwl (قول) x7; Amn (امن) x5; Aty (اتي) x4,True,10,high inter-cluster connectivity (10 clusters)
dEw,دعو,212,7,daEaA (دَعَا) x170; duEaA^' (دُعَا^ء) x22; daEowap (دَعْوَة) x6,"V: 82%, N: 18%",8,Allegiance & the Object of Worship,55,0.788,Alh (اله) x88; qwl (قول) x63; kwn (كون) x54; rbb (ربب) x49; dwn (دون) x35,True,59,high inter-cluster connectivity (59 clusters); in named cluster: Allegiance & the Object of Worship
$hd,شهد,160,9,$ahiyd (شَهِيد) x56; $ahida (شَهِدَ) x44; $aha`dap (شَهَٰدَة) x23,"N: 56%, V: 33%",4,"Revelation, Speech & Disbelief",48,0.45,Alh (اله) x70; kwn (كون) x50; qwl (قول) x43; Elm (علم) x29; Amn (امن) x28,True,43,"high inter-cluster connectivity (43 clusters); in named cluster: Revelation, Speech & Disbelief"
dwn,دون,144,1,duwn (دُون) x144,"N: 94%, LOC: 6%",8,Allegiance & the Object of Worship,46,0.757,Alh (اله) x109; qwl (قول) x41; kwn (كون) x36; dEw (دعو) x35; wly (ولي) x35,True,44,high inter-cluster connectivity (44 clusters); in named cluster: Allegiance & the Object of Worship
Sdq,صدق,155,19,SaAdiq (صَادِق) x59; muSad~iq (مُصَدِّق) x19; Sadaqa (صَدَقَ) x15,"N: 77%, V: 20%",4,"Revelation, Speech & Disbelief",49,0.51,kwn (كون) x73; Alh (اله) x71; qwl (قول) x54; Aty (اتي) x35; Amn (امن) x28,True,48,"high inter-cluster connectivity (48 clusters); in named cluster: Revelation, Speech & Disbelief"
fEl,فعل,108,6,faEala (فَعَلَ) x88; faAEil (فَاعِل) x9; mafoEuwl (مَفْعُول) x7,"V: 81%, N: 19%",5,The Commanded Self,44,0.583,Alh (اله) x48; kwn (كون) x34; qwl (قول) x32; $yA (شيا) x20; Elm (علم) x19,True,41,high inter-cluster connectivity (41 clusters); in named cluster: The Commanded Self
Hjr,حجر,21,6,HijaArap (حِجَارَة) x10; Hijor (حِجْر) x5; Hajar (حَجَر) x2,"N: 95%, ADJ: 5%",131,,14,0.619,Alh (اله) x6; qwl (قول) x5; kwn (كون) x5; mTr (مطر) x3; jEl (جعل) x3,True,19,high inter-cluster connectivity (19 clusters)
Edd,عدد,57,11,>aEad~a (أَعَدَّ) x20; Eid~ap (عِدَّة) x11; Ead~a (عَدَّ) x7,"V: 51%, N: 39%",78,,26,0.368,Alh (اله) x26; Elm (علم) x11; ywm (يوم) x11; kwn (كون) x10; E*b (عذب) x10,True,28,high inter-cluster connectivity (28 clusters)
b$r,بشر,123,11,bu$~ira (بُشِّرَ) x38; ba$ar (بَشَر) x37; bu$oraY` (بُشْرَىٰ) x15,"N: 59%, V: 39%",4,"Revelation, Speech & Disbelief",47,0.699,Alh (اله) x48; qwl (قول) x46; rsl (رسل) x29; Amn (امن) x27; n*r (نذر) x22,True,44,"high inter-cluster connectivity (44 clusters); in named cluster: Revelation, Speech & Disbelief"
Eml,عمل,360,4,Eamila (عَمِلَ) x276; Eamal (عَمَل) x71; Ea`mil (عَٰمِل) x12,"V: 77%, N: 23%",0,The Believers' Reward,68,0.611,Alh (اله) x141; kwn (كون) x110; Amn (امن) x101; SlH (صلح) x93; qwl (قول) x72,True,77,high inter-cluster connectivity (77 clusters); in named cluster: The Believers' Reward
jnn,جنن,201,8,jan~ap (جَنَّة) x147; jin~ (جِنّ) x22; majonuwn (مَجْنُون) x11,"N: 74%, PN: 25%",0,The Believers' Reward,70,0.682,qwl (قول) x52; Alh (اله) x47; nhr (نهر) x42; Amn (امن) x41; dxl (دخل) x41,True,59,high inter-cluster connectivity (59 clusters); in named cluster: The Believers' Reward
jry,جري,64,5,jarayo (جَرَيْ) x57; jawaAr (جَوَار) x3; jaAriyap (جَارِيَة) x2,"V: 89%, N: 6%",0,The Believers' Reward,43,0.484,nhr (نهر) x45; tHt (تحت) x40; jnn (جنن) x37; Alh (اله) x35; xld (خلد) x21,True,33,high inter-cluster connectivity (33 clusters); in named cluster: The Believers' Reward
tHt,تحت,51,1,taHot (تَحْت) x51,"N: 94%, LOC: 6%",0,The Believers' Reward,30,0.392,jry (جري) x40; nhr (نهر) x40; jnn (جنن) x38; Alh (اله) x28; xld (خلد) x21,True,29,high inter-cluster connectivity (29 clusters); in named cluster: The Believers' Reward
nhr,نهر,113,3,nahaAr (نَهَار) x57; nahar (نَهَر) x54; tanoharo (تَنْهَرْ) x2,"N: 97%, V: 2%",0,The Believers' Reward,51,0.575,jry (جري) x45; Alh (اله) x43; jnn (جنن) x42; lyl (ليل) x42; tHt (تحت) x40,True,50,high inter-cluster connectivity (50 clusters); in named cluster: The Believers' Reward
$bh,شبه,12,4,muta$a`bih (مُتَشَٰبِه) x6; ta$a`baha (تَشَٰبَهَ) x4; $ub~iha (شُبِّهَ) x1,"N: 50%, V: 42%",11,Vegetative Signs / Reflective Gaze,6,0.417,qwl (قول) x6; Alh (اله) x6; kll (كلل) x4; $yA (شيا) x4; rbb (ربب) x4,True,9,bridge (9 clusters); in named cluster: Vegetative Signs / Reflective Gaze
zwj,زوج,81,2,zawoj (زَوْج) x76; zuw~ijato (زُوِّجَتْ) x5,"N: 94%, V: 6%",19,Household Law & Lineage,43,0.519,Alh (اله) x27; kwn (كون) x24; qwl (قول) x17; kll (كلل) x16; nfs (نفس) x15,True,49,high inter-cluster connectivity (49 clusters); in named cluster: Household Law & Lineage
Thr,طهر,31,11,Tah~ara (طَهَّرَ) x9; m~uTah~arap (مُّطَهَّرَة) x5; taTah~aro (تَطَهَّرْ) x5,"V: 48%, N: 29%",0,The Believers' Reward,18,0.226,Alh (اله) x14; qwm (قوم) x10; Amn (امن) x9; qwl (قول) x9; kwn (كون) x8,True,27,high inter-cluster connectivity (27 clusters); in named cluster: The Believers' Reward
xld,خلد,87,6,xa`lid (خَٰلِد) x74; xulod (خُلْد) x6; >axolada (أَخْلَدَ) x2,"N: 94%, V: 5%",0,The Believers' Reward,40,0.494,Alh (اله) x34; jnn (جنن) x31; nwr (نور) x23; nhr (نهر) x22; jry (جري) x21,True,35,high inter-cluster connectivity (35 clusters); in named cluster: The Believers' Reward
Hyy,حيي,184,12,Hayaw`p (حَيَوٰة) x76; >aHoyaA (أَحْيَا) x51; Hay~ (حَيّ) x24,"N: 61%, V: 39%",96,Dunya vs. Ākhirah,50,0.663,Alh (اله) x73; dnw (دنو) x66; mwt (موت) x65; qwl (قول) x41; kwn (كون) x28,True,54,high inter-cluster connectivity (54 clusters); in named cluster: Dunya vs. Ākhirah
Drb,ضرب,58,2,Daraba (ضَرَبَ) x55; Darob (ضَرْب) x3,"V: 95%, N: 5%",19,Household Law & Lineage,28,0.517,Alh (اله) x29; mvl (مثل) x29; kwn (كون) x14; qwl (قول) x13; kfr (كفر) x12,True,44,high inter-cluster connectivity (44 clusters); in named cluster: Household Law & Lineage
bED,بعض,158,2,baEoD (بَعْض) x157; baEuwDap (بَعُوضَة) x1,N: 100%,4,"Revelation, Speech & Disbelief",38,0.487,Alh (اله) x50; qwl (قول) x35; Amn (امن) x22; byn (بين) x19; Elm (علم) x18,True,47,"noun-only; high inter-cluster connectivity (47 clusters); in named cluster: Revelation, Speech & Disbelief"
fwq,فوق,43,3,fawoq (فَوْق) x41; >afaAqa (أَفَاقَ) x1; fawaAq (فَوَاق) x1,"N: 60%, LOC: 37%",236,,27,0.628,Alh (اله) x14; rbb (ربب) x11; qwl (قول) x10; rfE (رفع) x8; kwn (كون) x8,True,35,high inter-cluster connectivity (35 clusters)
Hqq,حقق,287,7,Haq~ (حَقّ) x247; Haq~a (حَقَّ) x20; >aHaq~ (أَحَقّ) x10,"N: 87%, V: 9%",4,"Revelation, Speech & Disbelief",59,0.669,Alh (اله) x120; qwl (قول) x83; kwn (كون) x68; rbb (ربب) x67; Amn (امن) x55,True,72,"high inter-cluster connectivity (72 clusters); in named cluster: Revelation, Speech & Disbelief"
rwd,رود,148,3,>araAda (أَرَادَ) x139; ra`wadu (رَٰوَدُ) x8; ruwayod (رُوَيْد) x1,"V: 99%, N: 1%",71,,47,0.527,Alh (اله) x65; kwn (كون) x36; qwl (قول) x35; kfr (كفر) x21; Amn (امن) x19,True,52,high inter-cluster connectivity (52 clusters)
kvr,كثر,167,10,>akovar (أَكْثَر) x80; kaviyr (كَثِير) x63; kaviyrap (كَثِيرَة) x11,"N: 75%, ADJ: 20%",4,"Revelation, Speech & Disbelief",51,0.617,Alh (اله) x83; kwn (كون) x44; Elm (علم) x42; Amn (امن) x41; qwl (قول) x37,True,61,"high inter-cluster connectivity (61 clusters); in named cluster: Revelation, Speech & Disbelief"
fsq,فسق,54,4,faAsiq (فَاسِق) x37; fasaqa (فَسَقَ) x10; fusuwq (فُسُوق) x4,"N: 57%, ADJ: 24%",90,Sin–Mercy Economy,23,0.37,Alh (اله) x25; kwn (كون) x23; qwm (قوم) x21; Amn (امن) x13; qwl (قول) x12,True,29,high inter-cluster connectivity (29 clusters); in named cluster: Sin–Mercy Economy
nqD,نقض,9,3,naqaDato (نَقَضَتْ) x6; naqoD (نَقْض) x2; >anqaDa (أَنقَضَ) x1,"V: 78%, N: 22%",126,,7,0.333,Alh (اله) x7; Ehd (عهد) x5; wvq (وثق) x5; bEd (بعد) x4; Amr (امر) x2,True,12,high inter-cluster connectivity (12 clusters)
Ehd,عهد,46,3,Eahod (عَهْد) x29; Ea`hada (عَٰهَدَ) x11; Eahida (عَهِدَ) x6,"N: 63%, V: 37%",126,,17,0.348,Alh (اله) x19; wfy (وفي) x9; Amn (امن) x9; End (عند) x7; qwl (قول) x7,True,23,high inter-cluster connectivity (23 clusters)
bEd,بعد,235,6,baEod (بَعْد) x199; baEiyd (بَعِيد) x25; buEod (بُعْد) x7,"N: 62%, T: 28%",4,"Revelation, Speech & Disbelief",57,0.553,Alh (اله) x112; kwn (كون) x50; Amn (امن) x46; qwl (قول) x46; byn (بين) x44,True,74,"high inter-cluster connectivity (74 clusters); in named cluster: Revelation, Speech & Disbelief"
wvq,وثق,34,6,m~iyva`q (مِّيثَٰق) x25; m~awoviq (مَّوْثِق) x3; wuvoqaY` (وُثْقَىٰ) x2,"N: 88%, ADJ: 6%",126,,13,0.206,Alh (اله) x21; Ax* (اخذ) x15; qwl (قول) x11; Aty (اتي) x8; Amn (امن) x8,True,27,high inter-cluster connectivity (27 clusters)
qTE,قطع,36,8,quTiEa (قُطِعَ) x12; qaT~aEa (قَطَّعَ) x12; t~aqaT~aEa (تَّقَطَّعَ) x5,"V: 81%, N: 19%",126,,23,0.556,Alh (اله) x14; Amr (امر) x8; kwn (كون) x8; ArD (ارض) x7; ydy (يدي) x7,True,29,high inter-cluster connectivity (29 clusters)
Amr,امر,248,6,>amor (أَمْر) x166; >amara (أَمَرَ) x77; ya>otamiru (يَأْتَمِرُ) x2,"N: 68%, V: 32%",5,The Commanded Self,61,0.617,Alh (اله) x112; qwl (قول) x69; kwn (كون) x59; rbb (ربب) x47; Amn (امن) x33,True,76,high inter-cluster connectivity (76 clusters); in named cluster: The Commanded Self
wSl,وصل,12,3,yaSilu (يَصِلُ) x10; waSiylap (وَصِيلَة) x1; waS~alo (وَصَّلْ) x1,"V: 92%, N: 8%",126,,7,0.5,Alh (اله) x6; qwl (قول) x5; jEl (جعل) x4; Amr (امر) x3; qTE (قطع) x3,True,9,bridge (9 clusters)
xsr,خسر,65,10,xa`siriyn (خَٰسِرِين) x32; xasira (خَسِرَ) x16; >axosariyn (أَخْسَرِين) x4,"N: 71%, V: 28%",4,"Revelation, Speech & Disbelief",35,0.708,Alh (اله) x22; kwn (كون) x20; qwl (قول) x18; Amn (امن) x12; nfs (نفس) x10,True,24,"high inter-cluster connectivity (24 clusters); in named cluster: Revelation, Speech & Disbelief"
kyf,كيف,83,1,kayof (كَيْف) x83,"INTG: 96%, N: 4%",4,"Revelation, Speech & Disbelief",37,0.735,kwn (كون) x38; nZr (نظر) x36; Alh (اله) x27; Eqb (عقب) x23; ArD (ارض) x18,True,30,"high inter-cluster connectivity (30 clusters); in named cluster: Revelation, Speech & Disbelief"
jmE,جمع,129,11,jamiyE (جَمِيع) x53; >ajomaEiyn (أَجْمَعِين) x26; jamaEa (جَمَعَ) x22,"N: 78%, V: 22%",4,"Revelation, Speech & Disbelief",45,0.651,Alh (اله) x53; qwl (قول) x37; ywm (يوم) x27; kwn (كون) x25; ArD (ارض) x20,True,47,"high inter-cluster connectivity (47 clusters); in named cluster: Revelation, Speech & Disbelief"
sbE,سبع,28,3,saboE (سَبْع) x23; saboEap (سَبْعَة) x4; s~abuE (سَّبُع) x1,"N: 96%, T: 4%",46,,16,0.786,Elm (علم) x7; smw (سمو) x7; Alh (اله) x7; $yA (شيا) x5; kll (كلل) x5,True,18,high inter-cluster connectivity (18 clusters)
xlf,خلف,127,18,{xotalafa (ٱخْتَلَفَ) x35; xalof (خَلْف) x22; >axolafu (أَخْلَفُ) x14,"V: 50%, N: 46%",4,"Revelation, Speech & Disbelief",40,0.646,Alh (اله) x58; byn (بين) x45; kwn (كون) x31; qwl (قول) x30; rbb (ربب) x29,True,54,"high inter-cluster connectivity (54 clusters); in named cluster: Revelation, Speech & Disbelief"
sfk,سفك,2,1,yasofiku (يَسْفِكُ) x2,V: 100%,90,Sin–Mercy Economy,1,0.0,dmw (دمو) x2,False,1,verb-only; rare (2 occ.); in named cluster: Sin–Mercy Economy; confined to 1 surah
dmw,دمو,10,1,dam (دَم) x10,N: 100%,90,Sin–Mercy Economy,7,0.5,Alh (اله) x6; lHm (لحم) x5; Drr (ضرر) x4; Hrm (حرم) x4; gfr (غفر) x4,True,8,noun-only; bridge (8 clusters); in named cluster: Sin–Mercy Economy
sbH,سبح,92,7,sab~aHa (سَبَّحَ) x42; suboHa`n (سُبْحَٰن) x41; tasobiyH (تَسْبِيح) x2,"N: 52%, V: 48%",67,,49,0.739,Alh (اله) x38; rbb (ربب) x31; qwl (قول) x24; smw (سمو) x22; kwn (كون) x20,True,37,high inter-cluster connectivity (37 clusters)
qds,قدس,10,5,qudus (قُدُس) x4; muqad~as (مُقَدَّس) x2; qud~uws (قُدُّوس) x2,"ADJ: 50%, N: 40%",97,,7,0.3,Alh (اله) x5; rbb (ربب) x4; rwH (روح) x4; ArD (ارض) x3; mlk (ملك) x3,True,11,high inter-cluster connectivity (11 clusters)
ErD,عرض,79,10,>aEoraDa (أَعْرَضَ) x32; m~uEoriDuwn (مُّعْرِضُون) x19; EaraDa (عَرَضَ) x11,"V: 56%, N: 43%",34,,35,0.671,Alh (اله) x24; kwn (كون) x19; qwl (قول) x18; Aty (اتي) x14; rbb (ربب) x14,True,33,high inter-cluster connectivity (33 clusters)
nbA,نبا,160,6,n~abiY~ (نَّبِىّ) x75; nab~a>a (نَبَّأَ) x46; naba> (نَبَأ) x29,"N: 68%, V: 32%",4,"Revelation, Speech & Disbelief",47,0.444,Alh (اله) x73; kwn (كون) x58; qwl (قول) x52; Amn (امن) x34; Aty (اتي) x34,True,58,"high inter-cluster connectivity (58 clusters); in named cluster: Revelation, Speech & Disbelief"
Hkm,حكم,210,13,Hakiym (حَكِيم) x97; Hakama (حَكَمَ) x45; Hukom (حُكْم) x30,"ADJ: 40%, N: 36%",4,"Revelation, Speech & Disbelief",57,0.443,Alh (اله) x127; Elm (علم) x71; Ezz (عزز) x49; kwn (كون) x48; byn (بين) x41,True,60,"high inter-cluster connectivity (60 clusters); in named cluster: Revelation, Speech & Disbelief"
bdw,بدو,31,7,yubodiYa (يُبْدِىَ) x15; badaA (بَدَا) x11; baAdiY (بَادِى) x1,"V: 84%, N: 16%",229,,16,0.419,Alh (اله) x16; kwn (كون) x15; qwl (قول) x12; xfy (خفي) x11; Elm (علم) x10,True,27,high inter-cluster connectivity (27 clusters)
ktm,كتم,21,1,katama (كَتَمَ) x21,V: 100%,35,,7,0.095,Alh (اله) x15; Elm (علم) x11; kwn (كون) x8; qwl (قول) x6; ktb (كتب) x6,True,16,verb-only; high Medinan concentration; high inter-cluster connectivity (16 clusters)
sjd,سجد,92,4,sajada (سَجَدَ) x35; masojid (مَسْجِد) x28; saAjid (سَاجِد) x23,"N: 54%, V: 38%",162,,32,0.587,Alh (اله) x34; qwl (قول) x22; kwn (كون) x21; rbb (ربب) x16; Amn (امن) x15,True,57,high inter-cluster connectivity (57 clusters)
Aby,ابي,13,1,>abaY (أَبَى) x13,V: 100%,71,,8,0.538,kfr (كفر) x5; kwn (كون) x4; qwl (قول) x3; sjd (سجد) x3; Alh (اله) x3,True,13,verb-only; high inter-cluster connectivity (13 clusters)
kbr,كبر,161,18,{sotakobara (ٱسْتَكْبَرَ) x40; kabiyr (كَبِير) x40; >akobar (أَكْبَر) x24,"V: 34%, N: 34%",59,,57,0.764,Alh (اله) x54; qwl (قول) x53; kwn (كون) x50; Amn (امن) x28; rbb (ربب) x28,True,54,high inter-cluster connectivity (54 clusters)
skn,سكن,69,10,misokiyn (مِسْكِين) x23; sakana (سَكَنَ) x15; masokan (مَسْكَن) x12,"N: 70%, V: 29%",157,,40,0.565,Alh (اله) x28; kwn (كون) x19; qrb (قرب) x13; qwl (قول) x13; Aty (اتي) x13,True,46,high inter-cluster connectivity (46 clusters)
Akl,اكل,109,6,>akala (أَكَلَ) x93; >ukul (أُكُل) x7; >akol (أَكْل) x4,"V: 85%, N: 14%",46,,40,0.606,Alh (اله) x32; kwn (كون) x27; qwl (قول) x22; jnn (جنن) x14; Tyb (طيب) x14,True,56,high inter-cluster connectivity (56 clusters)
rgd,رغد,3,1,ragad (رَغَد) x3,"ADJ: 67%, N: 33%",10,,2,0.333,$yA (شيا) x2; Akl (اكل) x2; Hyv (حيث) x2; kwn (كون) x2; qwl (قول) x2,False,4,rare (3 occ.)
Hyv,حيث,31,2,Hayov (حَيْث) x29; Hayov2 (حَيْث2) x2,"N: 52%, LOC: 42%",10,,14,0.484,Alh (اله) x13; Aty (اتي) x10; $yA (شيا) x8; kwn (كون) x8; qwl (قول) x6,True,29,high inter-cluster connectivity (29 clusters)
qrb,قرب,96,11,qariyb (قَرِيب) x26; >aqorab (أَقْرَب) x19; qurobaY` (قُرْبَىٰ) x16,"N: 59%, V: 22%",19,Household Law & Lineage,41,0.521,Alh (اله) x47; kwn (كون) x33; qwl (قول) x30; Amn (امن) x21; Aty (اتي) x16,True,49,high inter-cluster connectivity (49 clusters); in named cluster: Household Law & Lineage
$jr,شجر,27,3,$ajarap (شَجَرَة) x19; $ajar (شَجَر) x7; $ajara (شَجَرَ) x1,"N: 96%, V: 4%",20,,19,0.778,Alh (اله) x7; rbb (ربب) x6; qwl (قول) x5; smw (سمو) x5; ArD (ارض) x5,True,23,high inter-cluster connectivity (23 clusters)
zll,زلل,4,3,zalalo (زَلَلْ) x2; >azal~a (أَزَلَّ) x1; {sotazal~a (ٱسْتَزَلَّ) x1,V: 100%,4,"Revelation, Speech & Disbelief",3,0.25,Alh (اله) x3; $Tn (شطن) x2; bED (بعض) x2; bEd (بعد) x2; byn (بين) x2,False,3,"verb-only; rare (4 occ.); in named cluster: Revelation, Speech & Disbelief"
hbT,هبط,8,1,yahobiTu (يَهْبِطُ) x8,V: 100%,199,,4,0.5,qwl (قول) x7; Edw (عدو) x4; xrj (خرج) x4; ArD (ارض) x3; bED (بعض) x3,True,7,verb-only; bridge (7 clusters)
Edw,عدو,106,13,Eaduw~ (عَدُوّ) x50; {EotadaY` (ٱعْتَدَىٰ) x15; Eudowa`n (عُدْوَٰن) x8,"N: 77%, V: 21%",90,Sin–Mercy Economy,34,0.443,Alh (اله) x46; kwn (كون) x33; qwl (قول) x28; byn (بين) x24; rbb (ربب) x20,True,61,high inter-cluster connectivity (61 clusters); in named cluster: Sin–Mercy Economy
qrr,قرر,38,8,musotaqar~ (مُسْتَقَرّ) x10; qaraAr (قَرَار) x9; taqar~a (تَقَرَّ) x5,"N: 74%, V: 26%",199,,22,0.763,qwl (قول) x11; Elm (علم) x11; Alh (اله) x8; Eyn (عين) x8; ArD (ارض) x7,True,21,high inter-cluster connectivity (21 clusters)
mtE,متع,70,4,mata`E (مَتَٰع) x35; m~at~aEo (مَّتَّعْ) x18; tamat~aEa (تَمَتَّعَ) x11,"N: 50%, V: 50%",96,Dunya vs. Ākhirah,38,0.614,Alh (اله) x22; dnw (دنو) x18; qwl (قول) x17; kwn (كون) x16; Hyy (حيي) x16,True,37,high inter-cluster connectivity (37 clusters); in named cluster: Dunya vs. Ākhirah
Hyn,حين,35,1,Hiyn (حِين) x35,"N: 89%, T: 11%",199,,23,0.829,Alh (اله) x9; mtE (متع) x8; Amn (امن) x6; qwm (قوم) x6; kwn (كون) x5,True,22,high inter-cluster connectivity (22 clusters)
klm,كلم,75,7,kalimap (كَلِمَة) x28; kal~ama (كَلَّمَ) x20; kalima`t (كَلِمَٰت) x14,"N: 68%, V: 32%",4,"Revelation, Speech & Disbelief",32,0.613,Alh (اله) x32; qwl (قول) x28; kwn (كون) x24; rbb (ربب) x21; Amn (امن) x14,True,42,"high inter-cluster connectivity (42 clusters); in named cluster: Revelation, Speech & Disbelief"
twb,توب,87,7,taAba (تَابَ) x63; taw~aAb (تَوَّاب) x12; tawobap (تَوْبَة) x7,"V: 72%, N: 25%",90,Sin–Mercy Economy,25,0.264,Alh (اله) x41; rHm (رحم) x29; gfr (غفر) x25; Amn (امن) x20; rbb (ربب) x18,True,33,high inter-cluster connectivity (33 clusters); in named cluster: Sin–Mercy Economy
tbE,تبع,172,9,{t~abaEa (ٱتَّبَعَ) x136; >atobaEa (أَتْبَعَ) x15; tabiEa (تَبِعَ) x9,"V: 93%, N: 6%",4,"Revelation, Speech & Disbelief",51,0.651,Alh (اله) x65; qwl (قول) x59; Amn (امن) x36; Elm (علم) x32; kwn (كون) x30,True,52,"high inter-cluster connectivity (52 clusters); in named cluster: Revelation, Speech & Disbelief"
xwf,خوف,124,7,xaAfa (خَافَ) x83; xawof (خَوْف) x26; xiyfap (خِيفَة) x6,"V: 70%, N: 30%",202,,42,0.621,Alh (اله) x44; qwl (قول) x32; rbb (ربب) x32; qwm (قوم) x24; Amn (امن) x22,True,49,high inter-cluster connectivity (49 clusters)
Hzn,حزن,42,3,yaHozun (يَحْزُن) x37; Hazan (حَزَن) x3; Huzon (حُزْن) x2,"V: 88%, N: 12%",202,,25,0.619,Alh (اله) x23; xwf (خوف) x18; qwl (قول) x15; rbb (ربب) x9; Amn (امن) x8,True,27,high inter-cluster connectivity (27 clusters)
Ayy,ايي,382,1,'aAyap (ءَايَة) x382,N: 100%,4,"Revelation, Speech & Disbelief",59,0.757,Alh (اله) x121; kwn (كون) x98; qwl (قول) x78; qwm (قوم) x67; Amn (امن) x64,True,82,"noun-only; high inter-cluster connectivity (82 clusters); in named cluster: Revelation, Speech & Disbelief"
SHb,صحب,97,6,>aSoHa`b (أَصْحَٰب) x78; SaAHib (صَاحِب) x10; Sa`Hibap (صَٰحِبَة) x4,"N: 97%, V: 3%",0,The Believers' Reward,47,0.732,nwr (نور) x21; Alh (اله) x21; kwn (كون) x20; kfr (كفر) x18; qwl (قول) x18,True,38,high inter-cluster connectivity (38 clusters); in named cluster: The Believers' Reward
*kr,ذكر,292,14,*akara (ذَكَرَ) x84; *ikor (ذِكْر) x76; ta*ak~ara (تَذَكَّرَ) x51,"V: 53%, N: 47%",19,Household Law & Lineage,71,0.74,Alh (اله) x91; kwn (كون) x50; rbb (ربب) x48; qwl (قول) x48; Elm (علم) x44,True,74,high inter-cluster connectivity (74 clusters); in named cluster: Household Law & Lineage
wfy,وفي,66,8,tawaf~aY` (تَوَفَّىٰ) x24; >awofaY` (أَوْفَىٰ) x18; waf~aY`^ (وَفَّىٰ^) x18,"V: 92%, N: 6%",77,Creation & the Appointed Term,27,0.53,Alh (اله) x31; kwn (كون) x18; nfs (نفس) x16; Eml (عمل) x12; qwl (قول) x12,True,37,high inter-cluster connectivity (37 clusters); in named cluster: Creation & the Appointed Term
rhb,رهب,12,8,yarohabu (يَرْهَبُ) x3; ruhoba`n (رُهْبَٰن) x3; {sotarohabu (ٱسْتَرْهَبُ) x1,"N: 58%, V: 42%",166,,10,0.417,Alh (اله) x6; bny (بني) x3; Amn (امن) x3; nws (نوس) x3; qwl (قول) x3,True,10,high inter-cluster connectivity (10 clusters)
Awl,اول,170,4,>aw~al (أَوَّل) x82; >uwliY (أُولِى) x45; 'aAl (ءَال) x26,"N: 88%, ADJ: 11%",4,"Revelation, Speech & Disbelief",54,0.694,qwl (قول) x51; Alh (اله) x48; kwn (كون) x31; rbb (ربب) x27; Amn (امن) x24,True,55,"high inter-cluster connectivity (55 clusters); in named cluster: Revelation, Speech & Disbelief"
vmn,ثمن,19,6,vaman (ثَمَن) x11; vama`niyap (ثَمَٰنِيَة) x4; v~umun (ثُّمُن) x1,"N: 95%, T: 5%",35,,13,0.421,Alh (اله) x12; $ry (شري) x11; qll (قلل) x10; kwn (كون) x8; nzl (نزل) x5,True,15,high inter-cluster connectivity (15 clusters)
qll,قلل,76,6,qaliyl (قَلِيل) x70; >aqal~ (أَقَلّ) x2; qaliylap (قَلِيلَة) x1,"N: 59%, ADJ: 37%",35,,33,0.553,Alh (اله) x28; qwl (قول) x26; kwn (كون) x16; Amn (امن) x14; vmn (ثمن) x10,True,36,high inter-cluster connectivity (36 clusters)
lbs,لبس,23,4,labaso (لَبَسْ) x11; libaAs (لِبَاس) x10; labuws (لَبُوس) x1,"N: 52%, V: 48%",7,Sea-Rescue / Bounty / Gratitude,13,0.783,Alh (اله) x5; Hly (حلي) x5; Elm (علم) x4; jEl (جعل) x4; Amn (امن) x4,True,18,high inter-cluster connectivity (18 clusters); in named cluster: Sea-Rescue / Bounty / Gratitude
bTl,بطل,36,4,ba`Til (بَٰطِل) x26; muboTiluwn (مُبْطِلُون) x5; yuboTila (يُبْطِلَ) x4,"N: 86%, V: 14%",4,"Revelation, Speech & Disbelief",24,0.611,Alh (اله) x16; Hqq (حقق) x15; kfr (كفر) x9; kwn (كون) x9; nws (نوس) x8,True,23,"high inter-cluster connectivity (23 clusters); in named cluster: Revelation, Speech & Disbelief"
zkw,زكو,59,7,zakaw`p (زَكَوٰة) x32; zak~aY` (زَكَّىٰ) x12; tazak~aY` (تَزَكَّىٰ) x8,"N: 63%, V: 36%",17,Bodily Purity & Prayer,29,0.424,Aty (اتي) x29; Slw (صلو) x28; Alh (اله) x28; qwm (قوم) x27; Elm (علم) x13,True,29,high inter-cluster connectivity (29 clusters); in named cluster: Bodily Purity & Prayer
rkE,ركع,13,2,raAkiE (رَاكِع) x8; yarokaEu (يَرْكَعُ) x5,"N: 62%, V: 38%",162,,8,0.231,Amn (امن) x6; sjd (سجد) x6; qwm (قوم) x4; Slw (صلو) x3; rbb (ربب) x3,True,9,bridge (9 clusters)
brr,برر,32,3,bar~ (بَرّ) x22; bir~ (بِرّ) x8; tabar~u (تَبَرُّ) x2,"N: 91%, V: 6%",7,Sea-Rescue / Bounty / Gratitude,18,0.562,Alh (اله) x13; bHr (بحر) x9; wqy (وقي) x7; dEw (دعو) x6; kwn (كون) x6,True,22,high inter-cluster connectivity (22 clusters); in named cluster: Sea-Rescue / Bounty / Gratitude
nsy,نسي,45,5,nasiYa (نَسِىَ) x35; >ansaY` (أَنسَىٰ) x7; nasoy (نَسْي) x1,"V: 93%, N: 7%",7,Sea-Rescue / Bounty / Gratitude,20,0.733,Alh (اله) x14; qwl (قول) x14; *kr (ذكر) x12; kwn (كون) x11; Ax* (اخذ) x10,True,26,high inter-cluster connectivity (26 clusters); in named cluster: Sea-Rescue / Bounty / Gratitude
tlw,تلو,63,3,talaY` (تَلَىٰ) x61; tilaAwat (تِلَاوَت) x1; t~a`liya`t (تَّٰلِيَٰت) x1,"V: 97%, N: 3%",4,"Revelation, Speech & Disbelief",33,0.571,Ayy (ايي) x33; Alh (اله) x25; qwl (قول) x24; kwn (كون) x22; ktb (كتب) x16,True,26,"high inter-cluster connectivity (26 clusters); in named cluster: Revelation, Speech & Disbelief"
Eql,عقل,49,1,Eaqalu (عَقَلُ) x49,V: 100%,36,,30,0.612,Alh (اله) x19; Ayy (ايي) x13; kwn (كون) x12; qwm (قوم) x11; Hyy (حيي) x10,True,33,verb-only; high inter-cluster connectivity (33 clusters)
Sbr,صبر,103,8,Sabara (صَبَرَ) x58; SaAbir (صَابِر) x20; Sabor (صَبْر) x15,"V: 60%, N: 34%",5,The Commanded Self,45,0.689,Alh (اله) x37; rbb (ربب) x23; qwl (قول) x21; kwn (كون) x17; Amn (امن) x13,True,44,high inter-cluster connectivity (44 clusters); in named cluster: The Commanded Self
x$E,خشع,17,3,xaA$iE (خَاشِع) x14; xa$aEati (خَشَعَتِ) x2; xu$uwE (خُشُوع) x1,"N: 88%, V: 12%",54,,16,0.647,Alh (اله) x4; Amn (امن) x4; nzl (نزل) x4; kwn (كون) x4; bSr (بصر) x4,True,11,high inter-cluster connectivity (11 clusters)
Znn,ظنن,69,3,Zan~a (ظَنَّ) x47; Zan~ (ظَنّ) x21; Z~aA^n~iyn (ظَّا^نِّين) x1,"V: 68%, N: 30%",4,"Revelation, Speech & Disbelief",32,0.696,Alh (اله) x25; qwl (قول) x17; Elm (علم) x12; rbb (ربب) x9; qwm (قوم) x9,True,34,"high inter-cluster connectivity (34 clusters); in named cluster: Revelation, Speech & Disbelief"
fDl,فضل,104,4,faDol (فَضْل) x84; faD~ala (فَضَّلَ) x17; tafoDiyl (تَفْضِيل) x2,"N: 83%, V: 17%",7,Sea-Rescue / Bounty / Gratitude,32,0.404,Alh (اله) x62; Elm (علم) x25; Aty (اتي) x24; $yA (شيا) x21; rHm (رحم) x20,True,46,high inter-cluster connectivity (46 clusters); in named cluster: Sea-Rescue / Bounty / Gratitude
jzy,جزي,118,5,jazaY` (جَزَىٰ) x73; jazaA^' (جَزَا^ء) x42; jizoyap (جِزْيَة) x1,"V: 63%, N: 37%",0,The Believers' Reward,47,0.754,kwn (كون) x41; Alh (اله) x38; Eml (عمل) x30; Hsn (حسن) x23; qwl (قول) x18,True,42,high inter-cluster connectivity (42 clusters); in named cluster: The Believers' Reward
$fE,شفع,31,5,$afa`Eap (شَفَٰعَة) x13; $afiyE (شَفِيع) x10; ya$ofaEu (يَشْفَعُ) x5,"N: 81%, V: 16%",12,,19,0.742,Alh (اله) x10; $yA (شيا) x7; ywm (يوم) x7; dwn (دون) x7; Ax* (اخذ) x6,True,20,high inter-cluster connectivity (20 clusters)
Ax*,اخذ,273,7,>axa*a (أَخَذَ) x127; {t~axa*a (ٱتَّخَذَ) x124; yu&aAxi*u (يُؤَاخِذُ) x9,"V: 95%, N: 5%",95,,55,0.626,Alh (اله) x113; qwl (قول) x63; kwn (كون) x61; qwm (قوم) x39; rbb (ربب) x35,True,79,high inter-cluster connectivity (79 clusters)
Edl,عدل,28,2,Eadol (عَدْل) x14; Eadala (عَدَلَ) x14,"N: 50%, V: 50%",19,Household Law & Lineage,11,0.464,Alh (اله) x17; Amn (امن) x10; kwn (كون) x10; qwm (قوم) x8; wqy (وقي) x6,True,21,high inter-cluster connectivity (21 clusters); in named cluster: Household Law & Lineage
nSr,نصر,158,10,naSara (نَصَرَ) x59; naSiyr (نَصِير) x35; naSor (نَصْر) x22,"N: 46%, V: 44%",8,Allegiance & the Object of Worship,46,0.418,Alh (اله) x80; qwl (قول) x35; wly (ولي) x28; kwn (كون) x27; Amn (امن) x22,True,45,high inter-cluster connectivity (45 clusters); in named cluster: Allegiance & the Object of Worship
njw,نجو,84,10,naj~aY` (نَجَّىٰ) x37; >anjaY` (أَنجَىٰ) x23; najowaY`^ (نَجْوَىٰ^) x11,"V: 80%, N: 20%",7,Sea-Rescue / Bounty / Gratitude,31,0.798,Alh (اله) x19; kwn (كون) x19; qwl (قول) x16; qwm (قوم) x15; Amn (امن) x15,True,32,high inter-cluster connectivity (32 clusters); in named cluster: Sea-Rescue / Bounty / Gratitude
swm,سوم,15,5,siyma` (سِيمَٰ) x6; yasuwmu (يَسُومُ) x4; m~usaw~amap (مُّسَوَّمَة) x3,"N: 60%, V: 33%",5,The Commanded Self,10,0.533,rbb (ربب) x7; Alh (اله) x5; Erf (عرف) x5; E*b (عذب) x4; EZm (عظم) x4,True,12,high inter-cluster connectivity (12 clusters); in named cluster: The Commanded Self
swA,سوا,167,12,suw^' (سُو^ء) x50; say~i_#aAt (سَيِّـ#َات) x36; saA^'a (سَا^ءَ) x30,"N: 77%, V: 21%",0,The Believers' Reward,45,0.665,Alh (اله) x66; kwn (كون) x50; Eml (عمل) x42; qwl (قول) x33; rbb (ربب) x29,True,56,high inter-cluster connectivity (56 clusters); in named cluster: The Believers' Reward
*bH,ذبح,9,3,*ubiHa (ذُبِحَ) x5; yu*ab~iHu (يُذَبِّحُ) x3; *iboH (ذِبْح) x1,"V: 89%, N: 11%",5,The Commanded Self,6,0.556,bny (بني) x4; Alh (اله) x4; qwl (قول) x4; E*b (عذب) x3; EZm (عظم) x3,True,10,high inter-cluster connectivity (10 clusters); in named cluster: The Commanded Self
nsw,نسو,59,1,nisaA^' (نِسَا^ء) x59,N: 100%,5,The Commanded Self,16,0.153,Alh (اله) x37; kwn (كون) x20; qwl (قول) x18; Elm (علم) x17; bny (بني) x13,True,39,noun-only; high inter-cluster connectivity (39 clusters); in named cluster: The Commanded Self
blw,بلو,38,5,balawo (بَلَوْ) x20; {botalaY`^ (ٱبْتَلَىٰ^) x8; balaA^' (بَلَا^ء) x6,"V: 79%, N: 21%",5,The Commanded Self,25,0.553,Alh (اله) x11; qwl (قول) x9; rbb (ربب) x8; kwn (كون) x8; nfs (نفس) x6,True,24,high inter-cluster connectivity (24 clusters); in named cluster: The Commanded Self
frq,فرق,72,14,fariyq (فَرِيق) x33; far~aqu (فَرَّقُ) x9; tafar~aqa (تَفَرَّقَ) x8,"N: 68%, V: 32%",4,"Revelation, Speech & Disbelief",30,0.417,Alh (اله) x31; Amn (امن) x20; byn (بين) x20; kwn (كون) x16; qwl (قول) x15,True,30,"high inter-cluster connectivity (30 clusters); in named cluster: Revelation, Speech & Disbelief"
bHr,بحر,42,2,baHor (بَحْر) x41; baHiyrap (بَحِيرَة) x1,N: 100%,7,Sea-Rescue / Bounty / Gratitude,25,0.81,Alh (اله) x14; flk (فلك) x9; brr (برر) x9; jry (جري) x8; kwn (كون) x8,True,23,noun-only; high inter-cluster connectivity (23 clusters); in named cluster: Sea-Rescue / Bounty / Gratitude
grq,غرق,23,4,>ugoriqu (أُغْرِقُ) x17; m~ugoraquwn (مُّغْرَقُون) x4; garaq (غَرَق) x1,"V: 74%, N: 26%",7,Sea-Rescue / Bounty / Gratitude,18,0.913,kwn (كون) x7; Ayy (ايي) x6; k*b (كذب) x6; Zlm (ظلم) x5; flk (فلك) x4,True,12,high Meccan concentration; high inter-cluster connectivity (12 clusters); in named cluster: Sea-Rescue / Bounty / Gratitude
nZr,نظر,129,10,n~aZara (نَّظَرَ) x87; yunZaru (يُنظَرُ) x12; yantaZiru (يَنتَظِرُ) x8,"V: 83%, N: 17%",4,"Revelation, Speech & Disbelief",48,0.767,kwn (كون) x41; qwl (قول) x40; kyf (كيف) x36; Alh (اله) x30; Eqb (عقب) x21,True,47,"high inter-cluster connectivity (47 clusters); in named cluster: Revelation, Speech & Disbelief"
wEd,وعد,151,10,waEada (وَعَدَ) x70; waEod (وَعْد) x49; m~awoEid (مَّوْعِد) x12,"V: 50%, N: 49%",4,"Revelation, Speech & Disbelief",51,0.768,Alh (اله) x50; qwl (قول) x44; kwn (كون) x39; rbb (ربب) x25; Hqq (حقق) x23,True,49,"high inter-cluster connectivity (49 clusters); in named cluster: Revelation, Speech & Disbelief"
rbE,ربع,22,5,>arobaEap (أَرْبَعَة) x9; >arobaE (أَرْبَع) x7; ruba`E (رُبَٰع) x2,"N: 95%, T: 5%",19,Household Law & Lineage,11,0.227,Alh (اله) x13; vlv (ثلث) x7; Elm (علم) x6; $hr (شهر) x5; kll (كلل) x5,True,20,high inter-cluster connectivity (20 clusters); in named cluster: Household Law & Lineage
lyl,ليل,92,2,layol (لَيْل) x84; layolap (لَيْلَة) x8,"N: 97%, T: 3%",24,,49,0.804,nhr (نهر) x42; qwm (قوم) x22; Alh (اله) x17; Ayy (ايي) x17; jEl (جعل) x16,True,39,high inter-cluster connectivity (39 clusters)
Ejl,عجل,47,10,{sotaEojala (ٱسْتَعْجَلَ) x19; Eijol (عِجْل) x10; Eajila (عَجِلَ) x5,"V: 66%, N: 32%",128,,25,0.787,qwl (قول) x15; Alh (اله) x11; Ax* (اخذ) x10; Zlm (ظلم) x9; rbb (ربب) x9,True,22,high inter-cluster connectivity (22 clusters)
Efw,عفو,35,4,EafaA (عَفَا) x27; Eafuw~ (عَفُوّ) x5; Eafow (عَفْو) x2,"V: 77%, N: 23%",125,,11,0.171,Alh (اله) x23; gfr (غفر) x10; Amn (امن) x8; kwn (كون) x8; byn (بين) x7,True,26,high inter-cluster connectivity (26 clusters)
$kr,شكر,75,6,$akara (شَكَرَ) x46; $aAkir (شَاكِر) x14; $akuwr (شَكُور) x10,"V: 61%, N: 27%",7,Sea-Rescue / Bounty / Gratitude,35,0.733,Alh (اله) x30; kwn (كون) x17; jEl (جعل) x13; fDl (فضل) x12; rbb (ربب) x12,True,39,high inter-cluster connectivity (39 clusters); in named cluster: Sea-Rescue / Bounty / Gratitude
brA,برا,31,10,bariY^' (بَرِى^ء) x12; tabar~a>a (تَبَرَّأَ) x5; baAri} (بَارِئ) x3,"N: 61%, V: 32%",209,,20,0.355,qwl (قول) x16; Alh (اله) x14; kwn (كون) x6; rbb (ربب) x6; kfr (كفر) x6,True,17,high inter-cluster connectivity (17 clusters)
qtl,قتل,170,8,qatala (قَتَلَ) x83; qa`tala (قَٰتَلَ) x54; qitaAl (قِتَال) x13,"V: 85%, N: 15%",66,Jihād fī Sabīl Allāh,33,0.218,Alh (اله) x79; qwl (قول) x40; Amn (امن) x31; kwn (كون) x29; kfr (كفر) x28,True,64,high inter-cluster connectivity (64 clusters); in named cluster: Jihād fī Sabīl Allāh
xyr,خير,196,5,xayor (خَيْر) x178; xayora`t (خَيْرَٰت) x10; {xotaAra (ٱخْتَارَ) x4,"N: 82%, ADJ: 15%",5,The Commanded Self,55,0.526,Alh (اله) x99; qwl (قول) x50; kwn (كون) x47; Amn (امن) x41; rbb (ربب) x38,True,64,high inter-cluster connectivity (64 clusters); in named cluster: The Commanded Self
End,عند,201,2,Eind (عِند) x197; Eaniyd (عَنِيد) x4,"LOC: 80%, N: 19%",0,The Believers' Reward,62,0.542,Alh (اله) x112; qwl (قول) x71; rbb (ربب) x62; Elm (علم) x44; kwn (كون) x41,True,66,high inter-cluster connectivity (66 clusters); in named cluster: The Believers' Reward
rAy,راي,328,8,ra'aA (رَءَا) x271; >arayo (أَرَيْ) x40; r~u'oyaA (رُّءْيَا) x7,"V: 96%, N: 4%",75,Witnessing the Visible Sign,72,0.738,Alh (اله) x121; qwl (قول) x113; kwn (كون) x57; rbb (ربب) x41; qwm (قوم) x41,True,102,high inter-cluster connectivity (102 clusters); in named cluster: Witnessing the Visible Sign
jhr,جهر,16,4,jahor (جَهْر) x7; jahara (جَهَرَ) x5; jahorap (جَهْرَة) x3,"N: 69%, V: 31%",130,,13,0.625,qwl (قول) x11; Alh (اله) x8; Elm (علم) x7; srr (سرر) x5; rAy (راي) x3,True,10,high inter-cluster connectivity (10 clusters)
bEv,بعث,67,5,baEava (بَعَثَ) x52; m~aboEuwvuwn (مَّبْعُوثُون) x9; baEov (بَعْث) x4,"V: 79%, N: 21%",4,"Revelation, Speech & Disbelief",33,0.731,qwl (قول) x25; Alh (اله) x23; kwn (كون) x22; ywm (يوم) x18; Elm (علم) x14,True,27,"high inter-cluster connectivity (27 clusters); in named cluster: Revelation, Speech & Disbelief"
Zll,ظلل,33,5,Zil~ (ظِلّ) x14; Zal~a (ظَلَّ) x9; Zul~ap (ظُلَّة) x6,"N: 61%, V: 33%",239,,20,0.788,Alh (اله) x7; wqy (وقي) x5; $yA (شيا) x5; nzl (نزل) x4; Akl (اكل) x3,True,26,high inter-cluster connectivity (26 clusters)
gmm,غمم,11,3,gam~ (غَمّ) x6; gama`m (غَمَٰم) x4; gum~ap (غُمَّة) x1,N: 100%,239,,8,0.455,kwn (كون) x4; nfs (نفس) x4; nzl (نزل) x4; Alh (اله) x4; Zll (ظلل) x3,True,12,noun-only; high inter-cluster connectivity (12 clusters)
mnn,منن,27,4,man~a (مَنَّ) x16; man~ (مَنّ) x6; mamonuwn (مَمْنُون) x4,"V: 59%, N: 41%",239,,20,0.667,Alh (اله) x11; Amn (امن) x8; kwn (كون) x7; qwl (قول) x7; Ajr (اجر) x6,True,14,high inter-cluster connectivity (14 clusters)
slw,سلو,3,1,s~alowaY` (سَّلْوَىٰ) x3,N: 100%,239,,3,0.667,mnn (منن) x3; nzl (نزل) x3; Akl (اكل) x2; Tyb (طيب) x2; Zll (ظلل) x2,True,6,noun-only; rare (3 occ.); bridge (6 clusters)
Tyb,طيب,50,5,Tay~iba`t (طَيِّبَٰت) x21; Tay~ib (طَيِّب) x16; Tay~ibap (طَيِّبَة) x9,"N: 60%, ADJ: 34%",17,Bodily Purity & Prayer,23,0.42,Alh (اله) x21; kwn (كون) x16; rzq (رزق) x15; Akl (اكل) x14; Amn (امن) x14,True,29,high inter-cluster connectivity (29 clusters); in named cluster: Bodily Purity & Prayer
dxl,دخل,126,6,daxala (دَخَلَ) x76; >udoxila (أُدْخِلَ) x42; m~udoxal (مُّدْخَل) x3,"V: 94%, N: 6%",0,The Believers' Reward,45,0.484,Alh (اله) x48; jnn (جنن) x41; qwl (قول) x39; Amn (امن) x34; Eml (عمل) x20,True,46,high inter-cluster connectivity (46 clusters); in named cluster: The Believers' Reward
qry,قري,57,1,qaroyap (قَرْيَة) x57,N: 100%,4,"Revelation, Speech & Disbelief",26,0.825,kwn (كون) x21; hlk (هلك) x16; qwl (قول) x14; Ahl (اهل) x14; Zlm (ظلم) x10,True,29,"noun-only; high inter-cluster connectivity (29 clusters); in named cluster: Revelation, Speech & Disbelief"
bwb,بوب,27,1,baAb (بَاب) x27,N: 100%,162,,17,0.778,qwl (قول) x12; dxl (دخل) x11; ftH (فتح) x9; $yA (شيا) x4; Alh (اله) x4,True,18,noun-only; high inter-cluster connectivity (18 clusters)
HTT,حطط,2,1,HiT~ap (حِطَّة) x2,N: 100%,162,,2,0.5,$yA (شيا) x2; Akl (اكل) x2; Hsn (حسن) x2; Hyv (حيث) x2; bwb (بوب) x2,True,7,noun-only; rare (2 occ.); bridge (7 clusters)
gfr,غفر,234,9,gafuwr (غَفُور) x91; gafara (غَفَرَ) x65; {sotagofara (ٱسْتَغْفَرَ) x40,"V: 45%, N: 41%",90,Sin–Mercy Economy,56,0.423,Alh (اله) x120; rHm (رحم) x91; rbb (ربب) x62; qwl (قول) x51; Amn (امن) x50,True,60,high inter-cluster connectivity (60 clusters); in named cluster: Sin–Mercy Economy
xTA,خطا,22,7,xaTiy^_#ap (خَطِي^ـ#َة) x8; xa`Ti_#iyn (خَٰطِـ#ِين) x5; >axoTa>o (أَخْطَأْ) x2,"N: 86%, V: 9%",162,,13,0.682,gfr (غفر) x9; kwn (كون) x8; Alh (اله) x6; qwl (قول) x5; Amn (امن) x4,True,15,high inter-cluster connectivity (15 clusters)
Hsn,حسن,194,12,muHosin (مُحْسِن) x38; >aHosan (أَحْسَن) x36; Hasanap (حَسَنَة) x28,"N: 71%, ADJ: 16%",0,The Believers' Reward,50,0.624,Alh (اله) x86; qwl (قول) x41; kwn (كون) x36; Eml (عمل) x31; rbb (ربب) x29,True,68,high inter-cluster connectivity (68 clusters); in named cluster: The Believers' Reward
bdl,بدل,44,8,bad~ala (بَدَّلَ) x23; tabodiyl (تَبْدِيل) x7; yasotabodilo (يَسْتَبْدِلْ) x3,"V: 73%, N: 25%",4,"Revelation, Speech & Disbelief",25,0.523,Alh (اله) x20; kwn (كون) x14; qwl (قول) x10; rbb (ربب) x9; gyr (غير) x8,True,24,"high inter-cluster connectivity (24 clusters); in named cluster: Revelation, Speech & Disbelief"
rjz,رجز,10,2,rijoz (رِجْز) x9; r~ujoz (رُّجْز) x1,N: 100%,4,"Revelation, Speech & Disbelief",7,0.8,smw (سمو) x4; kwn (كون) x3; nzl (نزل) x3; qwl (قول) x3; Zlm (ظلم) x2,True,6,"noun-only; bridge (6 clusters); in named cluster: Revelation, Speech & Disbelief"
sqy,سقي,25,5,saqaY` (سَقَىٰ) x12; >asoqayo (أَسْقَيْ) x8; {sotasoqaY` (ٱسْتَسْقَىٰ) x2,"V: 88%, N: 12%",120,,19,0.72,mwh (موه) x7; qwl (قول) x6; qwm (قوم) x6; $rb (شرب) x5; Akl (اكل) x5,True,21,high inter-cluster connectivity (21 clusters)
ESw,عصو,12,2,EaSaA2 (عَصَا2) x10; EiSiy~ (عِصِيّ) x2,N: 100%,73,,6,0.917,lqy (لقي) x8; qwl (قول) x4; Drb (ضرب) x3; kll (كلل) x3; wHy (وحي) x3,True,15,noun-only; high Meccan concentration; high inter-cluster connectivity (15 clusters)
fjr,فجر,24,9,fajor (فَجْر) x6; fuj~irato (فُجِّرَتْ) x6; fuj~aAr (فُجَّار) x4,"N: 54%, V: 42%",11,Vegetative Signs / Reflective Gaze,16,0.75,Alh (اله) x5; ArD (ارض) x4; Eyn (عين) x4; $rb (شرب) x3; Akl (اكل) x3,True,17,high inter-cluster connectivity (17 clusters); in named cluster: Vegetative Signs / Reflective Gaze
vny,ثني,29,7,{vonayon (ٱثْنَيْن) x13; {vonatayon (ٱثْنَتَيْن) x7; mavonaY` (مَثْنَىٰ) x3,"N: 93%, V: 7%",19,Household Law & Lineage,18,0.621,Alh (اله) x13; qwl (قول) x12; Elm (علم) x8; kll (كلل) x8; qwm (قوم) x8,True,30,high inter-cluster connectivity (30 clusters); in named cluster: Household Law & Lineage
E$r,عشر,27,11,Ea$or (عَشْر) x7; Ea$ar (عَشَر) x4; Ea$orap (عَشْرَة) x3,"N: 89%, V: 4%",19,Household Law & Lineage,19,0.556,Alh (اله) x12; qwl (قول) x9; qwm (قوم) x8; kwn (كون) x8; ywm (يوم) x6,True,27,high inter-cluster connectivity (27 clusters); in named cluster: Household Law & Lineage
Eyn,عين,65,3,Eayon (عَيْن) x57; m~aEiyn (مَّعِين) x4; Eiyn (عِين) x4,"N: 97%, ADJ: 3%",153,,37,0.785,qwl (قول) x15; jnn (جنن) x10; Alh (اله) x9; kwn (كون) x9; qrr (قرر) x8,True,42,high inter-cluster connectivity (42 clusters)
Ans,انس,97,6,<insa`n (إِنسَٰن) x71; <ins (إِنس) x18; 'aAnasa (ءَانَسَ) x5,"N: 94%, V: 6%",34,,52,0.825,qwl (قول) x27; kwn (كون) x24; xlq (خلق) x19; jnn (جنن) x17; rbb (ربب) x12,True,45,high inter-cluster connectivity (45 clusters)
$rb,شرب,39,7,$ariba (شَرِبَ) x15; $araAb (شَرَاب) x11; $~a`ribiyn (شَّٰرِبِين) x5,"N: 59%, V: 41%",31,,22,0.718,Akl (اكل) x11; kll (كلل) x9; qwl (قول) x8; kwn (كون) x8; Alh (اله) x7,True,29,high inter-cluster connectivity (29 clusters)
Evw,عثو,5,1,taEova (تَعْثَ) x5,V: 100%,147,,5,0.8,ArD (ارض) x5; fsd (فسد) x5; Alh (اله) x3; qwm (قوم) x3; qwl (قول) x2,True,5,verb-only; rare (5 occ.); bridge (5 clusters)
TEm,طعم,48,7,TaEaAm (طَعَام) x24; >aToEama (أَطْعَمَ) x13; TaEimu (طَعِمُ) x5,"N: 60%, V: 40%",157,,26,0.542,Alh (اله) x17; kwn (كون) x12; qwl (قول) x12; skn (سكن) x10; Amn (امن) x9,True,29,high inter-cluster connectivity (29 clusters)
wHd,وحد,68,4,wa`Hidap (وَٰحِدَة) x31; wa`Hid (وَٰحِد) x30; waHod (وَحْد) x6,"N: 51%, ADJ: 49%",19,Household Law & Lineage,35,0.721,Alh (اله) x43; kwn (كون) x21; qwl (قول) x21; rbb (ربب) x14; $yA (شيا) x12,True,32,high inter-cluster connectivity (32 clusters); in named cluster: Household Law & Lineage
nbt,نبت,26,3,>an[bata (أَن[بَتَ) x16; nabaAt (نَبَات) x9; tan[butu (تَن[بُتُ) x1,"V: 65%, N: 35%",11,Vegetative Signs / Reflective Gaze,21,0.769,ArD (ارض) x12; kll (كلل) x11; mwh (موه) x8; nzl (نزل) x8; smw (سمو) x8,True,21,high inter-cluster connectivity (21 clusters); in named cluster: Vegetative Signs / Reflective Gaze
bql,بقل,1,1,baqol (بَقْل) x1,N: 100%,256,,1,0.0,,False,0,noun-only; single occurrence; confined to 1 surah
qvA,قثا,1,1,qiv~aA^} (قِثَّا^ئ) x1,N: 100%,518,,1,0.0,,False,0,noun-only; single occurrence; confined to 1 surah
fwm,فوم,1,1,fuwm (فُوم) x1,N: 100%,316,,1,0.0,,False,0,noun-only; single occurrence; confined to 1 surah
Eds,عدس,1,1,Eadas (عَدَس) x1,N: 100%,123,,1,0.0,,False,0,noun-only; single occurrence; confined to 1 surah
bSl,بصل,1,1,baSal (بَصَل) x1,N: 100%,245,,1,0.0,,False,0,noun-only; single occurrence; confined to 1 surah
dnw,دنو,133,5,d~unoyaA (دُّنْيَا) x115; >adonaY` (أَدْنَىٰ) x12; daAniyap (دَانِيَة) x3,"ADJ: 57%, N: 41%",96,Dunya vs. Ākhirah,46,0.541,Hyy (حيي) x66; Alh (اله) x63; Axr (اخر) x57; kwn (كون) x34; qwl (قول) x28,True,57,high inter-cluster connectivity (57 clusters); in named cluster: Dunya vs. Ākhirah
mSr,مصر,5,1,miSor (مِصْر) x5,"PN: 80%, N: 20%",86,,4,0.8,qwl (قول) x4; Alh (اله) x3; ArD (ارض) x2; bwA (بوا) x2; Amn (امن) x2,True,5,rare (5 occ.); bridge (5 clusters)
sAl,سال,129,6,sa>ala (سَأَلَ) x106; yatasaA^'alu (يَتَسَا^ءَلُ) x9; saA^}il (سَا^ئِل) x7,"V: 89%, N: 11%",4,"Revelation, Speech & Disbelief",47,0.69,qwl (قول) x40; Alh (اله) x37; kwn (كون) x27; Elm (علم) x27; rbb (ربب) x20,True,44,"high inter-cluster connectivity (44 clusters); in named cluster: Revelation, Speech & Disbelief"
*ll,ذلل,24,10,*il~ap (ذِلَّة) x7; >a*il~ap (أَذِلَّة) x4; *~ul~ (ذُّلّ) x3,"N: 71%, V: 17%",54,,17,0.583,Alh (اله) x9; qwl (قول) x9; kwn (كون) x5; rbb (ربب) x5; Ayy (ايي) x4,True,22,high inter-cluster connectivity (22 clusters)
bwA,بوا,17,4,baA^'a (بَا^ءَ) x6; baw~a>a (بَوَّأَ) x6; yatabaw~a>u (يَتَبَوَّأُ) x4,"V: 94%, N: 6%",86,,12,0.471,Alh (اله) x9; kwn (كون) x7; ArD (ارض) x4; gDb (غضب) x4; qtl (قتل) x4,True,19,high inter-cluster connectivity (19 clusters)
ESy,عصي,32,4,EaSaA (عَصَا) x27; EaSiy~ (عَصِيّ) x2; maEoSiyat (مَعْصِيَت) x2,"V: 84%, N: 12%",90,Sin–Mercy Economy,23,0.562,Alh (اله) x15; kwn (كون) x11; qwl (قول) x11; rbb (ربب) x10; rsl (رسل) x10,True,27,high inter-cluster connectivity (27 clusters); in named cluster: Sin–Mercy Economy
hwd,هود,21,3,haAdu (هَادُ) x11; huwd (هُود) x7; huwd2 (هُود2) x3,"V: 52%, PN: 48%",202,,10,0.476,Alh (اله) x12; qwl (قول) x11; Amn (امن) x8; kwn (كون) x7; qwm (قوم) x7,True,17,high inter-cluster connectivity (17 clusters)
SbA,صبا,3,1,S~a`bi_#iyn (صَّٰبِـ#ِين) x3,PN: 100%,202,,3,0.0,Alh (اله) x3; Amn (امن) x3; hwd (هود) x3; nSr (نصر) x3; ywm (يوم) x3,True,5,proper-noun-only; rare (3 occ.); bridge (5 clusters)
Ajr,اجر,108,3,>ajor (أَجْر) x105; {sota_#ojaro (ٱسْتَـ#ْجَرْ) x2; ta>ojura (تَأْجُرَ) x1,"N: 97%, V: 3%",0,The Believers' Reward,39,0.556,Alh (اله) x54; Amn (امن) x36; SlH (صلح) x25; Eml (عمل) x24; Aty (اتي) x23,True,45,high inter-cluster connectivity (45 clusters); in named cluster: The Believers' Reward
rfE,رفع,29,6,rafaEa (رَفَعَ) x22; m~arofuwEap (مَّرْفُوعَة) x3; raAfiE (رَافِع) x1,"V: 76%, N: 14%",236,,21,0.586,fwq (فوق) x8; Alh (اله) x8; drj (درج) x7; Aty (اتي) x6; kwn (كون) x6,True,23,high inter-cluster connectivity (23 clusters)
Twr,طور,11,2,Tuwr (طُور) x10; >aTowaAr (أَطْوَار) x1,N: 100%,236,,9,0.727,Aty (اتي) x4; jnb (جنب) x4; Ax* (اخذ) x3; fwq (فوق) x3; rfE (رفع) x3,True,10,noun-only; high inter-cluster connectivity (10 clusters)
qwy,قوي,42,3,quw~ap (قُوَّة) x30; qawiY~ (قَوِىّ) x11; muqowiyn (مُقْوِين) x1,"N: 95%, ADJ: 5%",4,"Revelation, Speech & Disbelief",25,0.714,Alh (اله) x20; $dd (شدد) x15; kwn (كون) x11; qwl (قول) x11; Ax* (اخذ) x10,True,19,"high inter-cluster connectivity (19 clusters); in named cluster: Revelation, Speech & Disbelief"
wly,ولي,232,12,waliY~ (وَلِىّ) x86; tawal~aY` (تَوَلَّىٰ) x78; wal~aY` (وَلَّىٰ) x30,"N: 52%, V: 47%",8,Allegiance & the Object of Worship,55,0.431,Alh (اله) x124; kwn (كون) x41; qwl (قول) x39; Amn (امن) x38; dwn (دون) x35,True,63,high inter-cluster connectivity (63 clusters); in named cluster: Allegiance & the Object of Worship
sbt,سبت,9,3,s~abot (سَّبْت) x6; subaAt (سُبَات) x2; yasobitu (يَسْبِتُ) x1,"N: 89%, V: 11%",486,,6,0.667,kwn (كون) x4; Edw (عدو) x3; jEl (جعل) x3; qwl (قول) x2; Aty (اتي) x2,True,5,bridge (5 clusters)
qrd,قرد,3,1,qiradap (قِرَدَة) x3,N: 100%,515,,3,0.333,kwn (كون) x3; qwl (قول) x3; xsA (خسا) x2,False,2,noun-only; rare (3 occ.)
xsA,خسا,4,2,xaAsi} (خَاسِئ) x3; {xosa_#u (ٱخْسَـ#ُ) x1,"ADJ: 50%, V: 25%",515,,4,0.75,qwl (قول) x3; kwn (كون) x2; qrd (قرد) x2,False,2,rare (4 occ.)
nkl,نكل,5,3,naka`l (نَكَٰل) x3; tankiyl (تَنكِيل) x1; >ankaAl (أَنكَال) x1,N: 100%,17,Bodily Purity & Prayer,5,0.4,Alh (اله) x3; ydy (يدي) x2,False,2,noun-only; rare (5 occ.); in named cluster: Bodily Purity & Prayer
byn,بين,523,13,bayon (بَيْن) x266; m~ubiyn (مُّبِين) x119; bay~inap (بَيِّنَة) x71,"LOC: 46%, N: 30%",4,"Revelation, Speech & Disbelief",71,0.581,Alh (اله) x207; qwl (قول) x137; kwn (كون) x113; Elm (علم) x82; Amn (امن) x79,True,93,"high inter-cluster connectivity (93 clusters); in named cluster: Revelation, Speech & Disbelief"
ydy,يدي,120,1,yad (يَد) x120,N: 100%,17,Bodily Purity & Prayer,47,0.492,Alh (اله) x53; byn (بين) x44; qwl (قول) x33; Amn (امن) x23; kwn (كون) x22,True,56,noun-only; high inter-cluster connectivity (56 clusters); in named cluster: Bodily Purity & Prayer
wEZ,وعظ,25,3,waEaZo (وَعَظْ) x15; m~awoEiZap (مَّوْعِظَة) x9; wa`EiZiyn (وَٰعِظِين) x1,"V: 60%, N: 40%",5,The Commanded Self,14,0.44,Alh (اله) x13; kwn (كون) x8; qwl (قول) x8; byn (بين) x7; wqy (وقي) x7,True,18,high inter-cluster connectivity (18 clusters); in named cluster: The Commanded Self
bqr,بقر,9,3,baqarap (بَقَرَة) x4; baqar (بَقَر) x3; baqara`t (بَقَرَٰت) x2,N: 100%,46,,3,0.444,qwl (قول) x7; Alh (اله) x3; kwn (كون) x3; byn (بين) x3; dEw (دعو) x3,True,6,noun-only; bridge (6 clusters)
Ew*,عوذ,17,4,Eu*o (عُذْ) x10; {sotaEi*o (ٱسْتَعِذْ) x4; maEaA* (مَعَاذ) x2,"V: 88%, N: 12%",9,,14,0.882,qwl (قول) x10; rbb (ربب) x9; Alh (اله) x8; $Tn (شطن) x5; kwn (كون) x4,True,7,high Meccan concentration; bridge (7 clusters)
jhl,جهل,24,6,jaAhil (جَاهِل) x10; yajohalu (يَجْهَلُ) x5; jaha`lap (جَهَٰلَة) x4,"N: 62%, V: 21%",4,"Revelation, Speech & Disbelief",17,0.625,Alh (اله) x13; qwl (قول) x11; kwn (كون) x9; qwm (قوم) x8; Elm (علم) x7,True,15,"high inter-cluster connectivity (15 clusters); in named cluster: Revelation, Speech & Disbelief"
frD,فرض,18,4,faraDa (فَرَضَ) x9; fariyDap (فَرِيضَة) x6; m~aforuwD (مَّفْرُوض) x2,"V: 50%, N: 33%",5,The Commanded Self,7,0.056,Alh (اله) x9; Elm (علم) x7; byn (بين) x4; nsw (نسو) x4; Hkm (حكم) x4,True,13,high Medinan concentration; high inter-cluster connectivity (13 clusters); in named cluster: The Commanded Self
bkr,بكر,12,3,bukorap (بُكْرَة) x7; bikor (بِكْر) x3; <iboka`r (إِبْكَٰر) x2,"T: 50%, N: 33%",67,,11,0.5,rbb (ربب) x5; sbH (سبح) x5; E$w (عشو) x4; ASl (اصل) x4; qwl (قول) x3,True,6,bridge (6 clusters)
lwn,لون,9,1,lawon (لَوْن) x9,N: 100%,164,,5,0.778,xlf (خلف) x6; ArD (ارض) x3; Ayy (ايي) x3; xrj (خرج) x3; smw (سمو) x3,True,8,noun-only; bridge (8 clusters)
Sfr,صفر,5,3,muSofar~ (مُصْفَرّ) x3; SaforaA^' (صَفْرَا^ء) x1; Sufor (صُفْر) x1,"N: 60%, ADJ: 40%",164,,5,0.6,rAy (راي) x3; byn (بين) x2; lwn (لون) x2; kfr (كفر) x2; Alh (اله) x2,True,5,rare (5 occ.); bridge (5 clusters)
fqE,فقع,1,1,faAqiE (فَاقِع) x1,ADJ: 100%,305,,1,0.0,,False,0,single occurrence; confined to 1 surah
srr,سرر,44,9,>asar~a (أَسَرَّ) x18; sir~ (سِرّ) x11; surur (سُرُر) x6,"N: 57%, V: 43%",130,,33,0.682,Alh (اله) x18; Elm (علم) x18; qwl (قول) x15; Eln (علن) x12; nfq (نفق) x6,True,29,high inter-cluster connectivity (29 clusters)
vwr,ثور,5,1,>avaAru (أَثَارُ) x5,V: 100%,75,Witnessing the Visible Sign,4,0.8,ArD (ارض) x3; Alh (اله) x3; rsl (رسل) x3; jyA (جيا) x2; kyf (كيف) x2,True,5,verb-only; rare (5 occ.); bridge (5 clusters); in named cluster: Witnessing the Visible Sign
Hrv,حرث,14,2,Harov (حَرْث) x13; taHoruvu (تَحْرُثُ) x1,"N: 93%, V: 7%",8,Allegiance & the Object of Worship,7,0.571,Alh (اله) x6; kwn (كون) x5; qwl (قول) x3; dnw (دنو) x3; nEm (نعم) x3,True,9,bridge (9 clusters); in named cluster: Allegiance & the Object of Worship
slm,سلم,140,16,sala`m (سَلَٰم) x42; musolim (مُسْلِم) x39; >asolama (أَسْلَمَ) x22,"N: 60%, V: 20%",4,"Revelation, Speech & Disbelief",48,0.593,Alh (اله) x57; qwl (قول) x45; Amn (امن) x31; rbb (ربب) x30; kwn (كون) x25,True,47,"high inter-cluster connectivity (47 clusters); in named cluster: Revelation, Speech & Disbelief"
w$y,وشي,1,1,$iyap (شِيَة) x1,N: 100%,602,,1,0.0,,False,0,noun-only; single occurrence; confined to 1 surah
jyA,جيا,278,1,jaA^'a (جَا^ءَ) x278,V: 100%,4,"Revelation, Speech & Disbelief",62,0.748,qwl (قول) x118; Alh (اله) x97; kwn (كون) x73; byn (بين) x65; rsl (رسل) x62,True,79,"verb-only; high inter-cluster connectivity (79 clusters); in named cluster: Revelation, Speech & Disbelief"
drA,درا,5,2,yadora&uA@ (يَدْرَؤُا@) x4; {d~a`ra`#o (ٱدَّٰرَٰ#ْ) x1,V: 100%,66,Jihād fī Sabīl Allāh,5,0.2,Alh (اله) x2; kwn (كون) x2; nfs (نفس) x2; qtl (قتل) x2; Hsn (حسن) x2,True,6,verb-only; rare (5 occ.); bridge (6 clusters); in named cluster: Jihād fī Sabīl Allāh
qsw,قسو,7,3,qasato (قَسَتْ) x3; qa`siyap (قَٰسِيَة) x3; qasowap (قَسْوَة) x1,"N: 57%, V: 43%",28,,6,0.286,qlb (قلب) x6; Alh (اله) x4; *kr (ذكر) x3; $qq (شقق) x2; Eml (عمل) x2,True,7,bridge (7 clusters)
$dd,شدد,102,5,$adiyd (شَدِيد) x56; >a$ad~ (أَشَدّ) x31; >a$ud~ (أَشُدّ) x8,"N: 55%, ADJ: 38%",4,"Revelation, Speech & Disbelief",48,0.559,Alh (اله) x47; E*b (عذب) x30; kwn (كون) x24; qwl (قول) x19; kfr (كفر) x18,True,48,"high inter-cluster connectivity (48 clusters); in named cluster: Revelation, Speech & Disbelief"
$qq,شقق,28,9,$iqaAq (شِقَاق) x7; $aA^q~u (شَا^قُّ) x7; {n$aq~a (ٱنشَقَّ) x5,"V: 61%, N: 36%",28,,21,0.5,Alh (اله) x11; bEd (بعد) x8; kwn (كون) x6; smw (سمو) x5; Elm (علم) x4,True,13,high inter-cluster connectivity (13 clusters)
x$y,خشي,48,2,xa$iYa (خَشِىَ) x40; xa$oyap (خَشْيَة) x8,"V: 83%, N: 17%",4,"Revelation, Speech & Disbelief",24,0.458,Alh (اله) x21; rbb (ربب) x12; kwn (كون) x10; qwl (قول) x9; nws (نوس) x8,True,24,"high inter-cluster connectivity (24 clusters); in named cluster: Revelation, Speech & Disbelief"
gfl,غفل,35,5,ga`fil (غَٰفِل) x27; gafolap (غَفْلَة) x5; tagofulu (تَغْفُلُ) x1,"N: 91%, V: 6%",42,,21,0.771,kwn (كون) x16; Alh (اله) x13; Eml (عمل) x11; rbb (ربب) x9; qwl (قول) x8,True,26,high inter-cluster connectivity (26 clusters)
TmE,طمع,12,2,yaTomaEu (يَطْمَعُ) x8; TamaE (طَمَع) x4,"V: 67%, N: 33%",75,Witnessing the Visible Sign,10,0.667,xwf (خوف) x4; Alh (اله) x3; Amn (امن) x3; bEd (بعد) x3; dxl (دخل) x3,True,11,high inter-cluster connectivity (11 clusters); in named cluster: Witnessing the Visible Sign
Hrf,حرف,6,3,yuHar~ifu (يُحَرِّفُ) x4; mutaHar~if (مُتَحَرِّف) x1; Harof (حَرْف) x1,"V: 67%, N: 33%",156,,5,0.0,Alh (اله) x6; klm (كلم) x4; Amn (امن) x3; smE (سمع) x3; wDE (وضع) x3,True,11,high Medinan concentration; high inter-cluster connectivity (11 clusters)
Hdv,حدث,36,4,Hadiyv (حَدِيث) x28; tuHad~ivu (تُحَدِّثُ) x3; yuHodivu (يُحْدِثُ) x3,"N: 83%, V: 17%",4,"Revelation, Speech & Disbelief",28,0.75,Alh (اله) x13; Aty (اتي) x10; Amn (امن) x8; rbb (ربب) x8; bEd (بعد) x8,True,21,"high inter-cluster connectivity (21 clusters); in named cluster: Revelation, Speech & Disbelief"
ftH,فتح,38,8,fataHa (فَتَحَ) x16; fatoH (فَتْح) x12; {sotafotaHu (ٱسْتَفْتَحُ) x3,"V: 53%, N: 47%",162,,25,0.632,Alh (اله) x14; qwl (قول) x10; Amn (امن) x9; bwb (بوب) x9; kwn (كون) x7,True,23,high inter-cluster connectivity (23 clusters)
Hjj,حجج,33,8,HaA^j~a (حَا^جَّ) x12; Haj~ (حَجّ) x9; Huj~ap (حُجَّة) x7,"N: 58%, V: 42%",4,"Revelation, Speech & Disbelief",10,0.303,Alh (اله) x20; qwl (قول) x13; Elm (علم) x10; rbb (ربب) x8; hdy (هدي) x8,True,22,"high inter-cluster connectivity (22 clusters); in named cluster: Revelation, Speech & Disbelief"
Eln,علن,16,2,>aEolan (أَعْلَن) x12; EalaAniyap (عَلَانِيَة) x4,"V: 75%, N: 25%",130,,12,0.688,srr (سرر) x12; Elm (علم) x11; Alh (اله) x8; rbb (ربب) x6; nfq (نفق) x4,True,13,high inter-cluster connectivity (13 clusters)
Amm,امم,118,6,>um~ap (أُمَّة) x64; >um~ (أُمّ) x34; <imaAm (إِمَام) x12,"N: 97%, ADJ: 2%",4,"Revelation, Speech & Disbelief",42,0.686,kwn (كون) x35; Alh (اله) x35; qwl (قول) x26; rbb (ربب) x23; kll (كلل) x23,True,45,"high inter-cluster connectivity (45 clusters); in named cluster: Revelation, Speech & Disbelief"
mny,مني,21,6,>umoniy~at (أُمْنِيَّت) x6; yataman~a (يَتَمَنَّ) x6; taman~aY`^ (تَمَنَّىٰ^) x3,"V: 67%, N: 33%",8,Allegiance & the Object of Worship,10,0.286,Alh (اله) x10; kwn (كون) x8; Elm (علم) x5; qwl (قول) x5; dwn (دون) x4,True,13,high inter-cluster connectivity (13 clusters); in named cluster: Allegiance & the Object of Worship
ksb,كسب,67,2,kasaba (كَسَبَ) x62; {kotasaba (ٱكْتَسَبَ) x5,V: 100%,406,,27,0.567,Alh (اله) x26; kwn (كون) x26; nfs (نفس) x15; kll (كلل) x14; ywm (يوم) x11,True,30,verb-only; high inter-cluster connectivity (30 clusters)
mss,مسس,61,4,mas~a (مَسَّ) x56; mas~ (مَسّ) x2; yatamaA^s~a (يَتَمَا^سَّ) x2,"V: 95%, N: 3%",34,,29,0.705,Alh (اله) x26; qwl (قول) x22; Drr (ضرر) x17; E*b (عذب) x14; kwn (كون) x12,True,30,high inter-cluster connectivity (30 clusters)
wld,ولد,102,8,walad (وَلَد) x56; waAlid (وَالِد) x14; wa`liday (وَٰلِدَي) x10,"N: 91%, V: 9%",19,Household Law & Lineage,39,0.539,Alh (اله) x42; qwl (قول) x30; kwn (كون) x22; $yA (شيا) x16; mwl (مول) x16,True,42,high inter-cluster connectivity (42 clusters); in named cluster: Household Law & Lineage
ytm,يتم,23,1,yatiym (يَتِيم) x23,"N: 91%, ADJ: 9%",19,Household Law & Lineage,12,0.348,Alh (اله) x10; qrb (قرب) x10; kwn (كون) x9; skn (سكن) x8; bny (بني) x6,True,19,high inter-cluster connectivity (19 clusters); in named cluster: Household Law & Lineage
dwr,دور,55,6,daAr (دَار) x48; daA^}irap (دَا^ئِرَة) x3; tudiyru (تُدِيرُ) x1,"N: 96%, V: 4%",95,,27,0.509,Alh (اله) x27; kwn (كون) x16; xrj (خرج) x12; Axr (اخر) x11; qwl (قول) x11,True,30,high inter-cluster connectivity (30 clusters)
Zhr,ظهر,59,10,Zahor (ظَهْر) x15; Zahara (ظَهَرَ) x10; Za`hir (ظَٰهِر) x8,"N: 53%, V: 44%",8,Allegiance & the Object of Worship,30,0.559,Alh (اله) x27; qwl (قول) x23; kwn (كون) x13; Elm (علم) x12; rbb (ربب) x10,True,44,high inter-cluster connectivity (44 clusters); in named cluster: Allegiance & the Object of Worship
Avm,اثم,48,5,<ivom (إِثْم) x35; >aviym (أَثِيم) x7; A^vim (ا^ثِم) x3,"N: 85%, ADJ: 15%",90,Sin–Mercy Economy,21,0.271,Alh (اله) x22; Edw (عدو) x9; kwn (كون) x9; byn (بين) x8; Amn (امن) x7,True,30,high inter-cluster connectivity (30 clusters); in named cluster: Sin–Mercy Economy
Asr,اسر,6,3,>asiyr (أَسِير) x4; ta>osiru (تَأْسِرُ) x1; >asor (أَسْر) x1,"N: 83%, V: 17%",4,"Revelation, Speech & Disbelief",4,0.0,Alh (اله) x3; $dd (شدد) x2; Aty (اتي) x2; Zhr (ظهر) x2; dnw (دنو) x2,True,5,"high Medinan concentration; bridge (5 clusters); in named cluster: Revelation, Speech & Disbelief"
fdy,فدي,13,5,{fotadaY` (ٱفْتَدَىٰ) x7; fidoyap (فِدْيَة) x3; tufa`du (تُفَٰدُ) x1,"V: 69%, N: 31%",62,The Prepared Fire,10,0.308,E*b (عذب) x6; ywm (يوم) x6; Alh (اله) x5; kfr (كفر) x5; ArD (ارض) x5,True,17,high inter-cluster connectivity (17 clusters); in named cluster: The Prepared Fire
Hrm,حرم,83,6,Har~ama (حَرَّمَ) x39; HaraAm (حَرَام) x33; muHar~am (مُحَرَّم) x4,"V: 47%, N: 33%",174,,25,0.422,Alh (اله) x51; qwl (قول) x22; Elm (علم) x18; kwn (كون) x18; Amn (امن) x17,True,39,high inter-cluster connectivity (39 clusters)
xzy,خزي,26,5,>axozayo (أَخْزَيْ) x12; xizoY (خِزْى) x11; muxoziY (مُخْزِى) x1,"N: 50%, V: 50%",0,The Believers' Reward,15,0.538,Alh (اله) x13; E*b (عذب) x13; qwm (قوم) x12; dnw (دنو) x8; Aty (اتي) x7,True,15,high inter-cluster connectivity (15 clusters); in named cluster: The Believers' Reward
rdd,ردد,59,8,rad~a (رَدَّ) x36; {rotad~a (ٱرْتَدَّ) x8; marad~ (مَرَدّ) x6,"V: 76%, N: 24%",4,"Revelation, Speech & Disbelief",30,0.593,Alh (اله) x30; qwl (قول) x18; Amn (امن) x15; Elm (علم) x15; Aty (اتي) x14,True,36,"high inter-cluster connectivity (36 clusters); in named cluster: Revelation, Speech & Disbelief"
xff,خفف,17,5,xaf~afa (خَفَّفَ) x8; xaf~ato (خَفَّتْ) x3; {sotaxaf~a (ٱسْتَخَفَّ) x3,"V: 82%, N: 12%",242,,13,0.588,E*b (عذب) x7; Alh (اله) x6; kwn (كون) x5; nfs (نفس) x4; nZr (نظر) x3,True,11,high inter-cluster connectivity (11 clusters)
qfw,قفو,5,2,qaf~ayo (قَفَّيْ) x4; taqofu (تَقْفُ) x1,V: 100%,4,"Revelation, Speech & Disbelief",4,0.2,Aty (اتي) x3; bny (بني) x3; byn (بين) x2; kll (كلل) x2; ktb (كتب) x2,False,3,"verb-only; rare (5 occ.); in named cluster: Revelation, Speech & Disbelief"
rsl,رسل,513,8,rasuwl (رَسُول) x332; >arosala (أَرْسَلَ) x130; m~urosal (مُّرْسَل) x35,"N: 74%, V: 25%",4,"Revelation, Speech & Disbelief",69,0.538,Alh (اله) x211; qwl (قول) x120; Amn (امن) x107; kwn (كون) x100; byn (بين) x69,True,83,"high inter-cluster connectivity (83 clusters); in named cluster: Revelation, Speech & Disbelief"
Ayd,ايد,11,2,>ay~ada (أَيَّدَ) x9; >ayoyd (أَيْيد) x2,"V: 82%, N: 18%",97,,9,0.182,Alh (اله) x7; bny (بني) x6; kfr (كفر) x5; nSr (نصر) x5; rwH (روح) x4,True,12,high inter-cluster connectivity (12 clusters)
rwH,روح,57,6,riyH (رِيح) x29; ruwH (رُوح) x21; r~awoH (رَّوْح) x3,"N: 98%, V: 2%",97,,40,0.789,rsl (رسل) x19; Alh (اله) x17; kwn (كون) x11; nzl (نزل) x10; $yA (شيا) x9,True,36,high inter-cluster connectivity (36 clusters)
hwy,هوي,38,5,>ahowaA^' (أَهْوَا^ء) x17; hawaA^' (هَوَا^ء) x11; hawaY` (هَوَىٰ) x8,"N: 76%, V: 24%",4,"Revelation, Speech & Disbelief",22,0.684,tbE (تبع) x22; Alh (اله) x18; Elm (علم) x11; rbb (ربب) x9; jyA (جيا) x7,True,20,"high inter-cluster connectivity (20 clusters); in named cluster: Revelation, Speech & Disbelief"
glf,غلف,2,1,gulof (غُلْف) x2,N: 100%,35,,2,0.0,Alh (اله) x2; Amn (امن) x2; kfr (كفر) x2; qlb (قلب) x2; qll (قلل) x2,True,6,noun-only; rare (2 occ.); bridge (6 clusters)
lEn,لعن,41,6,laEana (لَعَنَ) x23; laEonap (لَعْنَة) x14; l~a`Einuwn (لَّٰعِنُون) x1,"V: 56%, N: 44%",156,,18,0.268,Alh (اله) x24; qwl (قول) x11; kfr (كفر) x10; ywm (يوم) x8; qwm (قوم) x7,True,26,high inter-cluster connectivity (26 clusters)
Erf,عرف,70,8,m~aEoruwf (مَّعْرُوف) x38; Earafa (عَرَفَ) x20; {Eotarafu (ٱعْتَرَفُ) x3,"N: 56%, V: 39%",5,The Commanded Self,26,0.286,Alh (اله) x36; Amn (امن) x16; qwl (قول) x16; kwn (كون) x15; Amr (امر) x14,True,35,high inter-cluster connectivity (35 clusters); in named cluster: The Commanded Self
bAs,باس,73,6,bi}osa (بِئْسَ) x40; ba>os (بَأْس) x25; ba>osaA^' (بَأْسَا^ء) x4,"V: 58%, N: 41%",94,,33,0.493,qwl (قول) x25; Alh (اله) x24; kfr (كفر) x18; kwn (كون) x15; qwm (قوم) x14,True,40,high inter-cluster connectivity (40 clusters)
bgy,بغي,96,8,{botagaY` (ٱبْتَغَىٰ) x34; bagaY` (بَغَىٰ) x25; {botigaA^' (ٱبْتِغَا^ء) x14,"V: 68%, N: 32%",7,Sea-Rescue / Bounty / Gratitude,41,0.573,Alh (اله) x55; kwn (كون) x25; qwl (قول) x20; rbb (ربب) x19; fDl (فضل) x18,True,46,high inter-cluster connectivity (46 clusters); in named cluster: Sea-Rescue / Bounty / Gratitude
hwn,هون,26,7,m~uhiyn (مُّهِين) x14; huwn (هُون) x4; hay~in (هَيِّن) x3,"N: 62%, ADJ: 31%",62,The Prepared Fire,19,0.538,E*b (عذب) x19; Alh (اله) x11; kfr (كفر) x8; kwn (كون) x7; qwl (قول) x6,True,23,high inter-cluster connectivity (23 clusters); in named cluster: The Prepared Fire
wry,وري,32,5,"waraA^' (وَرَا^ء) x24; wu,riYa (وُ,رِىَ) x4; tawaArato (تَوَارَتْ) x2","N: 41%, LOC: 38%",172,,25,0.625,Alh (اله) x12; kwn (كون) x11; qwl (قول) x7; Aty (اتي) x6; Zhr (ظهر) x6,True,22,high inter-cluster connectivity (22 clusters)
xlS,خلص,31,7,muxoliS (مُخْلِص) x11; muxolaS (مُخْلَص) x9; xaAliSap (خَالِصَة) x5,"N: 61%, ADJ: 26%",7,Sea-Rescue / Bounty / Gratitude,17,0.839,Alh (اله) x21; Ebd (عبد) x14; dyn (دين) x12; qwl (قول) x9; kwn (كون) x6,True,16,high inter-cluster connectivity (16 clusters); in named cluster: Sea-Rescue / Bounty / Gratitude
Abd,ابد,28,1,>abadFA (أَبَدًا) x28,T: 100%,0,The Believers' Reward,15,0.179,Alh (اله) x19; xld (خلد) x11; Amn (امن) x9; jnn (جنن) x8; dxl (دخل) x7,True,14,high inter-cluster connectivity (14 clusters); in named cluster: The Believers' Reward
qdm,قدم,48,8,qad~ama (قَدَّمَ) x27; qadam (قَدَم) x8; yasotaqodimu (يَسْتَقْدِمُ) x4,"V: 73%, N: 21%",17,Bodily Purity & Prayer,37,0.604,Alh (اله) x20; ydy (يدي) x14; qwl (قول) x14; Axr (اخر) x10; Amn (امن) x9,True,22,high inter-cluster connectivity (22 clusters); in named cluster: Bodily Purity & Prayer
wjd,وجد,107,2,wajada (وَجَدَ) x106; wujod (وُجْد) x1,"V: 99%, N: 1%",17,Bodily Purity & Prayer,32,0.551,Alh (اله) x49; qwl (قول) x32; Amn (امن) x19; kwn (كون) x18; qwm (قوم) x14,True,51,high inter-cluster connectivity (51 clusters); in named cluster: Bodily Purity & Prayer
HrS,حرص,5,3,HaraSo (حَرَصْ) x3; >aHoraS (أَحْرَص) x1; HariyS (حَرِيص) x1,"V: 60%, N: 40%",90,Sin–Mercy Economy,5,0.4,Alh (اله) x3; nws (نوس) x2; rHm (رحم) x2; Amn (امن) x2,False,4,rare (5 occ.); in named cluster: Sin–Mercy Economy
$rk,شرك,168,8,>a$oraka (أَشْرَكَ) x71; mu$orik (مُشْرِك) x44; $ariyk (شَرِيك) x40,"N: 57%, V: 43%",8,Allegiance & the Object of Worship,44,0.696,Alh (اله) x85; qwl (قول) x54; kwn (كون) x50; $yA (شيا) x27; rbb (ربب) x23,True,45,high inter-cluster connectivity (45 clusters); in named cluster: Allegiance & the Object of Worship
wdd,ودد,29,5,wad~a (وَدَّ) x17; m~awad~ap (مَّوَدَّة) x8; waduwd (وَدُود) x2,"V: 59%, N: 34%",0,The Believers' Reward,18,0.345,Alh (اله) x16; kwn (كون) x11; kfr (كفر) x10; byn (بين) x8; Amn (امن) x7,True,24,high inter-cluster connectivity (24 clusters); in named cluster: The Believers' Reward
AHd,احد,85,2,>aHad (أَحَد) x74; <iHodaY (إِحْدَى) x11,N: 100%,17,Bodily Purity & Prayer,33,0.553,Alh (اله) x41; qwl (قول) x37; rbb (ربب) x19; kwn (كون) x17; Elm (علم) x16,True,42,noun-only; high inter-cluster connectivity (42 clusters); in named cluster: Bodily Purity & Prayer
Emr,عمر,24,10,Eumur (عُمُر) x7; yuEam~aru (يُعَمَّرُ) x5; Eamaru (عَمَرُ) x4,"N: 54%, V: 46%",135,,14,0.625,Alh (اله) x11; kwn (كون) x7; Elm (علم) x5; sjd (سجد) x4; ArD (ارض) x4,True,23,high inter-cluster connectivity (23 clusters)
Alf,الف,22,4,>alof (أَلْف) x14; >al~afa (أَلَّفَ) x5; <ila`f (إِلَٰف) x2,"N: 77%, V: 23%",78,,12,0.318,Alh (اله) x8; snw (سنو) x6; kwn (كون) x5; mlk (ملك) x4; rbb (ربب) x4,True,14,high inter-cluster connectivity (14 clusters)
snw,سنو,20,3,siniyn (سِنِين) x12; sanap (سَنَة) x7; sanaA (سَنَا) x1,"N: 95%, T: 5%",78,,17,0.8,qwl (قول) x7; Alf (الف) x6; Edd (عدد) x6; lbv (لبث) x6; Alh (اله) x5,True,18,high inter-cluster connectivity (18 clusters)
zHzH,زحزح,2,2,muzaHoziH (مُزَحْزِح) x1; zuHoziHa (زُحْزِحَ) x1,"N: 50%, V: 50%",96,Dunya vs. Ākhirah,2,0.0,Hyy (حيي) x2,False,1,rare (2 occ.); in named cluster: Dunya vs. Ākhirah
nb*,نبذ,12,2,naba*a (نَبَذَ) x10; {ntaba*ato (ٱنتَبَذَتْ) x2,V: 100%,142,,10,0.667,Alh (اله) x3; ktb (كتب) x3; Ax* (اخذ) x3; kwn (كون) x3; frq (فرق) x2,True,7,verb-only; bridge (7 clusters)
sHr,سحر,63,7,siHor (سِحْر) x28; sa`Hir (سَٰحِر) x22; m~asoHuwr (مَّسْحُور) x4,"N: 95%, V: 5%",4,"Revelation, Speech & Disbelief",27,0.937,qwl (قول) x44; jyA (جيا) x18; byn (بين) x14; Elm (علم) x11; Aty (اتي) x11,True,22,"high Meccan concentration; high inter-cluster connectivity (22 clusters); in named cluster: Revelation, Speech & Disbelief"
ftn,فتن,60,5,fitonap (فِتْنَة) x34; fatanu (فَتَنُ) x23; futuwn (فُتُون) x1,"N: 62%, V: 38%",156,,32,0.567,Alh (اله) x23; qwl (قول) x20; rbb (ربب) x14; Elm (علم) x12; kwn (كون) x11,True,32,high inter-cluster connectivity (32 clusters)
mrA,مرا,38,6,{mora>at (ٱمْرَأَت) x26; {mori} (ٱمْرِئ) x5; maro' (مَرْء) x4,"N: 97%, ADJ: 3%",19,Household Law & Lineage,22,0.632,qwl (قول) x17; kwn (كون) x15; Alh (اله) x12; Elm (علم) x10; kll (كلل) x9,True,23,high inter-cluster connectivity (23 clusters); in named cluster: Household Law & Lineage
Drr,ضرر,74,11,yaDur~a (يَضُرَّ) x19; Dur~ (ضُرّ) x19; Dar~ (ضَرّ) x10,"N: 61%, V: 39%",90,Sin–Mercy Economy,31,0.581,Alh (اله) x47; qwl (قول) x24; $yA (شيا) x21; nfE (نفع) x17; mss (مسس) x17,True,38,high inter-cluster connectivity (38 clusters); in named cluster: Sin–Mercy Economy
nfE,نفع,50,3,nafaEa (نَفَعَ) x31; nafoE (نَفْع) x11; mana`fiE (مَنَٰفِع) x8,"V: 62%, N: 38%",90,Sin–Mercy Economy,31,0.64,Alh (اله) x24; qwl (قول) x20; Drr (ضرر) x17; kwn (كون) x10; mlk (ملك) x10,True,30,high inter-cluster connectivity (30 clusters); in named cluster: Sin–Mercy Economy
vwb,ثوب,28,6,vawaAb (ثَوَاب) x13; viyaAb (ثِيَاب) x8; >ava`ba (أَثَٰبَ) x3,"N: 86%, V: 14%",0,The Believers' Reward,15,0.357,Alh (اله) x14; Elm (علم) x6; End (عند) x6; xyr (خير) x6; Amn (امن) x5,True,19,high inter-cluster connectivity (19 clusters); in named cluster: The Believers' Reward
rEy,رعي,10,6,ra`Ei (رَٰعِ) x2; raEa (رَعَ) x2; ra`Euwn (رَٰعُون) x2,"N: 60%, V: 40%",126,,9,0.6,Amn (امن) x5; qwl (قول) x3; kfr (كفر) x2; nZr (نظر) x2; smE (سمع) x2,True,8,bridge (8 clusters)
Ahl,اهل,127,1,>ahol (أَهْل) x127,N: 100%,4,"Revelation, Speech & Disbelief",40,0.583,qwl (قول) x46; Alh (اله) x42; kwn (كون) x34; ktb (كتب) x33; Amn (امن) x28,True,65,"noun-only; high inter-cluster connectivity (65 clusters); in named cluster: Revelation, Speech & Disbelief"
xSS,خصص,4,3,yaxotaS~u (يَخْتَصُّ) x2; xaA^S~ap (خَا^صَّة) x1; xaSaASap (خَصَاصَة) x1,"V: 50%, N: 50%",7,Sea-Rescue / Bounty / Gratitude,4,0.0,Alh (اله) x3; $yA (شيا) x2; EZm (عظم) x2; fDl (فضل) x2; rHm (رحم) x2,True,6,rare (4 occ.); bridge (6 clusters); in named cluster: Sea-Rescue / Bounty / Gratitude
nsx,نسخ,4,3,yansaxu (يَنسَخُ) x2; nusoxat (نُسْخَت) x1; nasotansixu (نَسْتَنسِخُ) x1,"V: 75%, N: 25%",4,"Revelation, Speech & Disbelief",4,0.5,Alh (اله) x2; Ayy (ايي) x2; Elm (علم) x2,False,2,"rare (4 occ.); in named cluster: Revelation, Speech & Disbelief"
sbl,سبل,176,1,sabiyl (سَبِيل) x176,N: 100%,66,Jihād fī Sabīl Allāh,47,0.426,Alh (اله) x112; qwl (قول) x42; kwn (كون) x41; Amn (امن) x37; Dll (ضلل) x34,True,68,noun-only; high inter-cluster connectivity (68 clusters); in named cluster: Jihād fī Sabīl Allāh
Hsd,حسد,5,3,Hasada (حَسَدَ) x3; Hasad (حَسَد) x1; HaAsid (حَاسِد) x1,"V: 60%, N: 40%",4,"Revelation, Speech & Disbelief",4,0.4,Alh (اله) x3; Aty (اتي) x2; ktb (كتب) x2,False,2,"rare (5 occ.); in named cluster: Revelation, Speech & Disbelief"
SfH,صفح,8,2,yaSofaHu (يَصْفَحُ) x6; SafoH (صَفْح) x2,"V: 75%, N: 25%",125,,6,0.5,Alh (اله) x4; Efw (عفو) x4; Aty (اتي) x3; Amn (امن) x2; Hqq (حقق) x2,True,7,bridge (7 clusters)
hAt,هات,4,1,haAtu (هَاتُ) x4,V: 100%,257,,4,0.75,brhn (برهن) x4; qwl (قول) x4; kwn (كون) x3; Alh (اله) x3; Sdq (صدق) x2,False,3,verb-only; rare (4 occ.)
brhn,برهن,8,1,buroha`n (بُرْهَٰن) x8,N: 100%,257,,7,0.75,hAt (هات) x4; kwn (كون) x4; qwl (قول) x4; rbb (ربب) x4; Alh (اله) x4,False,4,noun-only
wjh,وجه,78,5,wajoh (وَجْه) x72; wajiyh (وَجِيه) x2; waj~aho (وَجَّهْ) x2,"N: 95%, V: 4%",17,Bodily Purity & Prayer,38,0.564,Alh (اله) x32; kwn (كون) x16; qwm (قوم) x15; qwl (قول) x14; rbb (ربب) x11,True,41,high inter-cluster connectivity (41 clusters); in named cluster: Bodily Purity & Prayer
lys,ليس,89,1,l~ayosa (لَّيْسَ) x89,V: 100%,8,Allegiance & the Object of Worship,33,0.539,Alh (اله) x49; qwl (قول) x29; Elm (علم) x27; kwn (كون) x24; rbb (ربب) x15,True,41,verb-only; high inter-cluster connectivity (41 clusters); in named cluster: Allegiance & the Object of Worship
mnE,منع,17,5,m~anaEa (مَّنَعَ) x12; m~an~aAE (مَّنَّاع) x2; mamonuwEap (مَمْنُوعَة) x1,"V: 71%, N: 18%",443,,16,0.765,Alh (اله) x6; qwl (قول) x6; Amn (امن) x4; xyr (خير) x4; Aty (اتي) x4,True,12,high inter-cluster connectivity (12 clusters)
sEy,سعي,30,2,saEaY` (سَعَىٰ) x20; saEoy (سَعْي) x10,"V: 67%, N: 33%",183,,20,0.667,Alh (اله) x8; qwl (قول) x7; Amn (امن) x6; ywm (يوم) x5; E*b (عذب) x4,True,21,high inter-cluster connectivity (21 clusters)
xrb,خرب,2,2,xaraAb (خَرَاب) x1; yuxoribu (يُخْرِبُ) x1,"N: 50%, V: 50%",443,,2,0.0,Alh (اله) x2; mnE (منع) x2,False,2,rare (2 occ.)
$rq,شرق,17,6,ma$oriq (مَشْرِق) x11; m~u$oriqiyn (مُّشْرِقِين) x2; $aroqiy~ (شَرْقِيّ) x1,"N: 88%, ADJ: 6%",33,,13,0.647,grb (غرب) x10; rbb (ربب) x8; Alh (اله) x6; kwn (كون) x4; qwl (قول) x4,True,10,high inter-cluster connectivity (10 clusters)
grb,غرب,19,7,magorib (مَغْرِب) x10; guraAb (غُرَاب) x2; garabat (غَرَبَت) x2,"N: 84%, V: 11%",33,,13,0.579,$rq (شرق) x10; Alh (اله) x9; rbb (ربب) x8; qwl (قول) x7; kwn (كون) x5,True,14,high inter-cluster connectivity (14 clusters)
wsE,وسع,32,6,wa`siE (وَٰسِع) x9; saEap (سَعَة) x6; wasiEa (وَسِعَ) x6,"N: 78%, V: 19%",401,,15,0.406,Alh (اله) x20; Elm (علم) x14; $yA (شيا) x10; nfs (نفس) x8; qwl (قول) x8,True,21,high inter-cluster connectivity (21 clusters)
qnt,قنت,13,3,qaAnit (قَانِت) x8; qa`nita`t (قَٰنِتَٰت) x3; yaqonuto (يَقْنُتْ) x2,"N: 77%, V: 15%",169,,8,0.231,Alh (اله) x6; rbb (ربب) x4; HfZ (حفظ) x3; qwm (قوم) x3; Sdq (صدق) x3,True,11,high inter-cluster connectivity (11 clusters)
bdE,بدع,4,3,badiyE (بَدِيع) x2; bidoE (بِدْع) x1; {botadaEu (ٱبْتَدَعُ) x1,"N: 75%, V: 25%",4,"Revelation, Speech & Disbelief",4,0.5,kwn (كون) x3; ArD (ارض) x2; qwl (قول) x2; smw (سمو) x2; rsl (رسل) x2,False,2,"rare (4 occ.); in named cluster: Revelation, Speech & Disbelief"
qDy,قضي,63,4,qaDaY`^ (قَضَىٰ^) x59; m~aqoDiy~ (مَّقْضِيّ) x2; qaAD (قَاض) x1,"V: 94%, ADJ: 3%",4,"Revelation, Speech & Disbelief",29,0.778,Amr (امر) x24; Alh (اله) x23; kwn (كون) x22; qwl (قول) x21; byn (بين) x20,True,28,"high inter-cluster connectivity (28 clusters); in named cluster: Revelation, Speech & Disbelief"
jHm,جحم,26,1,jaHiym (جَحِيم) x26,N: 100%,214,,18,0.769,SHb (صحب) x6; Ayy (ايي) x4; Sly (صلي) x4; k*b (كذب) x3; kfr (كفر) x3,True,10,noun-only; high inter-cluster connectivity (10 clusters)
rDw,رضو,73,11,r~aDiYa (رَّضِىَ) x38; riDowa`n (رِضْوَٰن) x13; maroDaAt (مَرْضَات) x5,"V: 63%, N: 34%",0,The Believers' Reward,32,0.288,Alh (اله) x43; kwn (كون) x16; rbb (ربب) x16; Elm (علم) x14; Amn (امن) x14,True,40,high inter-cluster connectivity (40 clusters); in named cluster: The Believers' Reward
mll,ملل,18,2,mil~ap (مِلَّة) x15; yumil~a (يُمِلَّ) x3,"N: 83%, V: 17%",8,Allegiance & the Object of Worship,11,0.5,kwn (كون) x9; Alh (اله) x8; qwl (قول) x7; qwm (قوم) x6; tbE (تبع) x5,True,11,high inter-cluster connectivity (11 clusters); in named cluster: Allegiance & the Object of Worship
tmm,تمم,22,4,>atam~a (أَتَمَّ) x16; tam~a (تَمَّ) x4; tamaAm (تَمَام) x1,"V: 91%, N: 9%",71,,12,0.455,Alh (اله) x12; rbb (ربب) x8; nEm (نعم) x6; kwn (كون) x5; Elm (علم) x5,True,20,high inter-cluster connectivity (20 clusters)
*rr,ذرر,38,3,*ur~iy~ap (ذُرِّيَّة) x28; *ar~ap (ذَرَّة) x6; *ur~iy~a`t (ذُرِّيَّٰت) x4,N: 100%,59,,21,0.658,rbb (ربب) x14; qwl (قول) x12; jEl (جعل) x9; Alh (اله) x8; kwn (كون) x8,True,22,noun-only; high inter-cluster connectivity (22 clusters)
nyl,نيل,12,2,yanaAlu (يَنَالُ) x11; n~ayol (نَّيْل) x1,"V: 92%, N: 8%",332,,7,0.25,Alh (اله) x8; kfr (كفر) x4; kwn (كون) x4; qwl (قول) x3; rsl (رسل) x3,True,11,high inter-cluster connectivity (11 clusters)
byt,بيت,73,4,bayot (بَيْت) x65; bay~ata (بَيَّتَ) x4; baya`t (بَيَٰت) x3,"N: 92%, V: 7%",127,,29,0.384,Alh (اله) x26; Amn (امن) x15; qwm (قوم) x13; rbb (ربب) x13; kwn (كون) x13,True,36,high inter-cluster connectivity (36 clusters)
Twf,طوف,41,6,TaA^}ifap (طَا^ئِفَة) x24; TaAfa (طَافَ) x8; TaA^}if (طَا^ئِف) x4,"N: 73%, V: 24%",151,,22,0.341,kwn (كون) x15; Alh (اله) x14; Amn (امن) x11; qwm (قوم) x8; byt (بيت) x7,True,27,high inter-cluster connectivity (27 clusters)
Ekf,عكف,9,3,EaAkif (عَاكِف) x7; yaEokufu (يَعْكُفُ) x1; maEokuwf (مَعْكُوف) x1,"N: 89%, V: 11%",129,,7,0.556,Alh (اله) x5; qwl (قول) x5; sjd (سجد) x4; jEl (جعل) x3; nws (نوس) x3,True,11,high inter-cluster connectivity (11 clusters)
bld,بلد,19,2,balad (بَلَد) x14; balodap (بَلْدَة) x5,N: 100%,75,Witnessing the Visible Sign,15,0.895,rbb (ربب) x6; mwt (موت) x5; xrj (خرج) x4; Alh (اله) x3; Amn (امن) x3,True,19,noun-only; high Meccan concentration; high inter-cluster connectivity (19 clusters); in named cluster: Witnessing the Visible Sign
Syr,صير,29,2,maSiyr (مَصِير) x28; taSiyru (تَصِيرُ) x1,"N: 97%, V: 3%",94,,22,0.31,Alh (اله) x17; bAs (باس) x11; kfr (كفر) x10; qwl (قول) x10; Awy (اوي) x7,True,19,high inter-cluster connectivity (19 clusters)
qEd,قعد,31,6,qaEada (قَعَدَ) x12; qaAEid (قَاعِد) x7; maqoEad (مَقْعَد) x4,"N: 61%, V: 39%",66,Jihād fī Sabīl Allāh,15,0.387,Alh (اله) x15; kwn (كون) x7; qwl (قول) x7; qwm (قوم) x6; smE (سمع) x5,True,18,high inter-cluster connectivity (18 clusters); in named cluster: Jihād fī Sabīl Allāh
nsk,نسك,7,3,mansak (مَنسَك) x4; nusuk (نُسُك) x2; naAsikuw (نَاسِكُو) x1,N: 100%,4,"Revelation, Speech & Disbelief",3,0.143,rbb (ربب) x4; Alh (اله) x4; Amm (امم) x3; jEl (جعل) x3; slm (سلم) x2,True,5,"noun-only; high Medinan concentration; bridge (5 clusters); in named cluster: Revelation, Speech & Disbelief"
Ezz,عزز,119,7,Eaziyz (عَزِيز) x101; Eiz~ap (عِزَّة) x11; >aEaz~ (أَعَزّ) x3,"N: 66%, ADJ: 32%",4,"Revelation, Speech & Disbelief",47,0.597,Alh (اله) x69; Hkm (حكم) x49; qwl (قول) x24; Elm (علم) x22; rbb (ربب) x22,True,39,"high inter-cluster connectivity (39 clusters); in named cluster: Revelation, Speech & Disbelief"
rgb,رغب,8,3,yarogabu (يَرْغَبُ) x4; raAgib (رَاغِب) x3; ragab (رَغَب) x1,"V: 50%, N: 50%",5,The Commanded Self,7,0.5,Alh (اله) x4; SlH (صلح) x3; kwn (كون) x3; qwl (قول) x3; xyr (خير) x3,False,4,in named cluster: The Commanded Self
Sfw,صفو,17,5,{SoTafaY` (ٱصْطَفَىٰ) x12; >aSofaY` (أَصْفَىٰ) x2; SafowaAn (صَفْوَان) x1,"V: 82%, N: 18%",5,The Commanded Self,12,0.471,Alh (اله) x9; qwl (قول) x5; bny (بني) x4; mlk (ملك) x4; Ax* (اخذ) x4,True,9,bridge (9 clusters); in named cluster: The Commanded Self
wSy,وصي,32,7,waS~aY` (وَصَّىٰ) x11; waSiy~ap (وَصِيَّة) x8; >awoSa` (أَوْصَٰ) x5,"V: 69%, N: 31%",19,Household Law & Lineage,13,0.5,Alh (اله) x11; kwn (كون) x9; wld (ولد) x7; qrb (قرب) x5; dyn (دين) x4,True,15,high inter-cluster connectivity (15 clusters); in named cluster: Household Law & Lineage
HDr,حضر,25,7,m~uHoDar (مُّحْضَر) x10; HaDara (حَضَرَ) x7; >aHoDarato (أَحْضَرَتْ) x3,"N: 56%, V: 40%",19,Household Law & Lineage,16,0.64,kwn (كون) x8; Alh (اله) x6; byn (بين) x6; qwl (قول) x5; AHd (احد) x5,True,13,high inter-cluster connectivity (13 clusters); in named cluster: Household Law & Lineage
Abw,ابو,117,3,A^baA' (ا^بَاء) x64; >abN (أَبٌ) x46; >abawaAn (أَبَوَان) x7,N: 100%,4,"Revelation, Speech & Disbelief",37,0.795,qwl (قول) x60; kwn (كون) x40; Alh (اله) x34; Ebd (عبد) x16; $yA (شيا) x16,True,43,"noun-only; high inter-cluster connectivity (43 clusters); in named cluster: Revelation, Speech & Disbelief"
Hnf,حنف,12,1,Haniyf (حَنِيف) x12,N: 100%,8,Allegiance & the Object of Worship,9,0.5,$rk (شرك) x9; kwn (كون) x8; Alh (اله) x6; mll (ملل) x5; dyn (دين) x5,True,5,noun-only; bridge (5 clusters); in named cluster: Allegiance & the Object of Worship
sbT,سبط,5,1,>asobaAT (أَسْبَاط) x5,N: 100%,4,"Revelation, Speech & Disbelief",4,0.2,Alh (اله) x3; Aty (اتي) x3; nbA (نبا) x3; nzl (نزل) x3; qwl (قول) x3,False,4,"noun-only; rare (5 occ.); in named cluster: Revelation, Speech & Disbelief"
kfy,كفي,33,2,kafaY` (كَفَىٰ) x32; kaAf (كَاف) x1,"V: 97%, N: 3%",8,Allegiance & the Object of Worship,15,0.424,Alh (اله) x21; $hd (شهد) x10; Amn (امن) x7; Elm (علم) x7; qwl (قول) x7,True,15,high inter-cluster connectivity (15 clusters); in named cluster: Allegiance & the Object of Worship
Sbg,صبغ,3,2,Sibogap (صِبْغَة) x2; Sibog (صِبْغ) x1,N: 100%,206,,2,0.333,,False,0,noun-only; rare (3 occ.)
wsT,وسط,5,4,>awosaT (أَوْسَط) x2; wasaT (وَسَط) x1; wusoTaY` (وُسْطَىٰ) x1,"ADJ: 40%, N: 40%",169,,4,0.4,Alh (اله) x3; HfZ (حفظ) x2,False,2,rare (5 occ.)
Eqb,عقب,80,11,Ea`qibap (عَٰقِبَة) x32; EiqaAb (عِقَاب) x20; Eaqib (عَقِب) x8,"N: 89%, V: 11%",4,"Revelation, Speech & Disbelief",32,0.575,kwn (كون) x35; Alh (اله) x33; kyf (كيف) x23; qbl (قبل) x21; nZr (نظر) x21,True,33,"high inter-cluster connectivity (33 clusters); in named cluster: Revelation, Speech & Disbelief"
DyE,ضيع,10,1,>aDaAEu (أَضَاعُ) x10,V: 100%,0,The Believers' Reward,8,0.6,Ajr (اجر) x7; Alh (اله) x6; Hsn (حسن) x6; Amn (امن) x3; Eml (عمل) x3,True,9,verb-only; bridge (9 clusters); in named cluster: The Believers' Reward
rAf,راف,13,2,ra'uwf (رَءُوف) x11; ra>ofap (رَأْفَة) x2,"N: 92%, ADJ: 8%",4,"Revelation, Speech & Disbelief",8,0.154,rHm (رحم) x10; Alh (اله) x9; Amn (امن) x5; qlb (قلب) x4; nfs (نفس) x4,True,11,"high inter-cluster connectivity (11 clusters); in named cluster: Revelation, Speech & Disbelief"
$Tr,شطر,5,1,$aTor (شَطْر) x5,LOC: 100%,10,,1,0.0,Hrm (حرم) x3; Hyv (حيث) x3; sjd (سجد) x3; wjh (وجه) x3; wly (ولي) x3,True,9,rare (5 occ.); high Medinan concentration; bridge (9 clusters); confined to 1 surah
mry,مري,20,6,yamotaru (يَمْتَرُ) x5; miroyap (مِرْيَة) x5; mumotariyn (مُمْتَرِين) x4,"N: 50%, V: 50%",4,"Revelation, Speech & Disbelief",16,0.85,kwn (كون) x9; rbb (ربب) x8; Hqq (حقق) x7; Elm (علم) x4; ktb (كتب) x4,True,6,"high Meccan concentration; bridge (6 clusters); in named cluster: Revelation, Speech & Disbelief"
sbq,سبق,37,7,sabaqa (سَبَقَ) x20; saAbiq (سَابِق) x7; {sotabaqa (ٱسْتَبَقَ) x5,"V: 70%, N: 30%",4,"Revelation, Speech & Disbelief",24,0.811,qwl (قول) x9; Aty (اتي) x8; kwn (كون) x7; byn (بين) x7; rbb (ربب) x7,True,18,"high inter-cluster connectivity (18 clusters); in named cluster: Revelation, Speech & Disbelief"
jwE,جوع,5,2,juwE (جُوع) x4; tajuwEa (تَجُوعَ) x1,"N: 80%, V: 20%",202,,5,0.8,xwf (خوف) x3; Amn (امن) x2,False,2,rare (5 occ.)
nqS,نقص,10,3,yunqaSu (يُنقَصُ) x7; naqoS (نَقْص) x2; manquwS (مَنقُوص) x1,"V: 70%, N: 30%",234,,9,0.7,Alh (اله) x4; rAy (راي) x3; ArD (ارض) x3; $yA (شيا) x2; vmr (ثمر) x2,True,10,high inter-cluster connectivity (10 clusters)
mwl,مول,86,1,maAl (مَال) x86,N: 100%,66,Jihād fī Sabīl Allāh,38,0.372,Alh (اله) x44; kwn (كون) x20; Amn (امن) x18; nfs (نفس) x17; sbl (سبل) x16,True,43,noun-only; high inter-cluster connectivity (43 clusters); in named cluster: Jihād fī Sabīl Allāh
jnH,جنح,34,3,junaAH (جُنَاح) x25; janaAH (جَنَاح) x7; janaHu (جَنَحُ) x2,"N: 94%, V: 6%",5,The Commanded Self,14,0.206,Alh (اله) x24; Elm (علم) x13; kwn (كون) x11; lys (ليس) x9; byn (بين) x8,True,35,high inter-cluster connectivity (35 clusters); in named cluster: The Commanded Self
TwE,طوع,129,10,>aTaAEa (أَطَاعَ) x72; {sotaTaAEa (ٱسْتَطَاعَ) x42; TawoE (طَوْع) x4,"V: 92%, N: 7%",8,Allegiance & the Object of Worship,40,0.434,Alh (اله) x72; qwl (قول) x32; kwn (كون) x28; rsl (رسل) x28; Amn (امن) x20,True,40,high inter-cluster connectivity (40 clusters); in named cluster: Allegiance & the Object of Worship
flk,فلك,25,2,fulok (فُلْك) x23; falak (فَلَك) x2,N: 100%,7,Sea-Rescue / Bounty / Gratitude,20,0.92,bHr (بحر) x9; kll (كلل) x9; Alh (اله) x8; jry (جري) x7; Ayy (ايي) x6,True,22,noun-only; high Meccan concentration; high inter-cluster connectivity (22 clusters); in named cluster: Sea-Rescue / Bounty / Gratitude
bvv,بثث,9,5,bav~a (بَثَّ) x5; bav~ (بَثّ) x1; m~unbav~ (مُّنبَثّ) x1,"V: 56%, ADJ: 33%",268,,9,0.778,xlq (خلق) x5; dbb (دبب) x4; Alh (اله) x3; ArD (ارض) x3; Ayy (ايي) x3,True,8,bridge (8 clusters)
dbb,دبب,18,1,daA^b~ap (دَا^بَّة) x18,N: 100%,268,,14,0.722,Alh (اله) x12; ArD (ارض) x9; smw (سمو) x7; nws (نوس) x6; xlq (خلق) x5,True,18,noun-only; high inter-cluster connectivity (18 clusters)
Srf,صرف,30,7,Sarafa (صَرَفَ) x14; Sar~afo (صَرَّفْ) x10; taSoriyf (تَصْرِيف) x2,"V: 83%, N: 17%",4,"Revelation, Speech & Disbelief",17,0.833,Alh (اله) x9; Ayy (ايي) x9; qwl (قول) x9; rAy (راي) x8; rbb (ربب) x8,True,25,"high inter-cluster connectivity (25 clusters); in named cluster: Revelation, Speech & Disbelief"
sHb,سحب,11,2,saHaAb (سَحَاب) x9; yusoHabu (يُسْحَبُ) x2,"N: 82%, V: 18%",75,Witnessing the Visible Sign,10,0.636,Alh (اله) x6; rAy (راي) x6; rwH (روح) x4; smw (سمو) x4; xrj (خرج) x4,True,16,high inter-cluster connectivity (16 clusters); in named cluster: Witnessing the Visible Sign
sxr,سخر,42,8,sax~ara (سَخَّرَ) x22; saxira (سَخِرَ) x11; musax~ara`t (مُسَخَّرَٰت) x3,"V: 81%, N: 17%",24,,21,0.786,Alh (اله) x16; smw (سمو) x14; jry (جري) x9; ArD (ارض) x8; lyl (ليل) x8,True,26,high inter-cluster connectivity (26 clusters)
Hbb,حبب,95,9,>aHobabo (أَحْبَبْ) x64; Hub~ (حُبّ) x9; Hab~ (حَبّ) x7,"V: 73%, N: 25%",11,Vegetative Signs / Reflective Gaze,35,0.358,Alh (اله) x57; Amn (امن) x19; qwl (قول) x15; Aty (اتي) x14; qwm (قوم) x13,True,43,high inter-cluster connectivity (43 clusters); in named cluster: Vegetative Signs / Reflective Gaze
sbb,سبب,11,2,sabab (سَبَب) x9; yasub~u (يَسُبُّ) x2,"N: 82%, V: 18%",411,,6,0.818,tbE (تبع) x4; Alh (اله) x3; smw (سمو) x3; qTE (قطع) x2; Eml (عمل) x2,True,8,bridge (8 clusters)
krr,كرر,6,1,kar~ap (كَرَّة) x6,N: 100%,190,,6,0.833,qwl (قول) x3; Hsr (حسر) x2; rAy (راي) x2; kwn (كون) x2,False,3,noun-only
Hsr,حسر,12,6,Hasorap (حَسْرَة) x7; Hasorat (حَسْرَت) x1; m~aHosuwr (مَّحْسُور) x1,"N: 92%, V: 8%",190,,12,0.75,Alh (اله) x6; qwl (قول) x4; kwn (كون) x4; Eml (عمل) x3; kfr (كفر) x3,True,11,high inter-cluster connectivity (11 clusters)
Hll,حلل,51,8,>aHal~a (أَحَلَّ) x20; Halalo (حَلَلْ) x14; Hala`l (حَلَٰل) x6,"V: 67%, N: 33%",174,,21,0.255,Alh (اله) x31; Hrm (حرم) x17; Amn (امن) x13; Tyb (طيب) x10; Elm (علم) x10,True,32,high inter-cluster connectivity (32 clusters)
xTw,خطو,5,1,xuTuwa`t (خُطُوَٰت) x5,N: 100%,9,,3,0.2,$Tn (شطن) x4; tbE (تبع) x4; Edw (عدو) x3; byn (بين) x3; Akl (اكل) x2,True,6,noun-only; rare (5 occ.); bridge (6 clusters)
fH$,فحش,24,2,fa`Hi$ap (فَٰحِشَة) x17; faHo$aA^' (فَحْشَا^ء) x7,N: 100%,5,The Commanded Self,15,0.542,Alh (اله) x15; Elm (علم) x12; Aty (اتي) x9; qwl (قول) x7; Amr (امر) x6,True,19,noun-only; high inter-cluster connectivity (19 clusters); in named cluster: The Commanded Self
lfw,لفو,3,1,>alofa (أَلْفَ) x3,V: 100%,4,"Revelation, Speech & Disbelief",3,0.667,Abw (ابو) x2; qwl (قول) x2,False,1,"verb-only; rare (3 occ.); in named cluster: Revelation, Speech & Disbelief"
nEq,نعق,1,1,yanoEiqu (يَنْعِقُ) x1,V: 100%,456,,1,0.0,,False,0,verb-only; single occurrence; confined to 1 surah
ndw,ندو,53,8,naAdaY` (نَادَىٰ) x44; nidaA^' (نِدَا^ء) x2; naAdiy (نَادِي) x2,"V: 85%, N: 15%",8,Allegiance & the Object of Worship,26,0.849,rbb (ربب) x17; qwl (قول) x17; kwn (كون) x13; Alh (اله) x11; qwm (قوم) x8,True,24,high inter-cluster connectivity (24 clusters); in named cluster: Allegiance & the Object of Worship
lHm,لحم,12,1,laHom (لَحْم) x12,N: 100%,90,Sin–Mercy Economy,10,0.583,Alh (اله) x8; mwt (موت) x6; bgy (بغي) x5; dmw (دمو) x5; rHm (رحم) x5,True,14,noun-only; high inter-cluster connectivity (14 clusters); in named cluster: Sin–Mercy Economy
xnzr,خنزر,5,1,xinziyr (خِنزِير) x5,N: 100%,90,Sin–Mercy Economy,4,0.4,Alh (اله) x5; Drr (ضرر) x4; Hrm (حرم) x4; dmw (دمو) x4; gfr (غفر) x4,True,5,noun-only; rare (5 occ.); bridge (5 clusters); in named cluster: Sin–Mercy Economy
hll,هلل,5,2,>uhil~a (أُهِلَّ) x4; >ahil~ap (أَهِلَّة) x1,"V: 80%, N: 20%",90,Sin–Mercy Economy,4,0.4,Alh (اله) x5; Drr (ضرر) x4; Hrm (حرم) x4; dmw (دمو) x4; gfr (غفر) x4,True,5,rare (5 occ.); bridge (5 clusters); in named cluster: Sin–Mercy Economy
bTn,بطن,25,5,baTon (بَطْن) x17; baATin (بَاطِن) x3; biTaAnap (بِطَانَة) x2,"N: 92%, V: 8%",120,,18,0.6,Alh (اله) x8; Elm (علم) x7; rbb (ربب) x6; Zhr (ظهر) x6; Akl (اكل) x5,True,24,high inter-cluster connectivity (24 clusters)
rqb,رقب,24,6,raqabap (رَقَبَة) x9; raqiyb (رَقِيب) x5; {rotaqibo (ٱرْتَقِبْ) x4,"N: 62%, V: 38%",55,,14,0.458,Alh (اله) x9; qwl (قول) x6; kwn (كون) x5; byn (بين) x5; qwm (قوم) x4,True,21,high inter-cluster connectivity (21 clusters)
qSS,قصص,30,3,qaS~a (قَصَّ) x20; qaSaS (قَصَص) x6; qiSaAS (قِصَاص) x4,"V: 67%, N: 33%",4,"Revelation, Speech & Disbelief",14,0.767,kwn (كون) x8; Alh (اله) x7; rsl (رسل) x6; qwl (قول) x6; Amn (امن) x5,True,13,"high inter-cluster connectivity (13 clusters); in named cluster: Revelation, Speech & Disbelief"
Hrr,حرر,15,6,taHoriyr (تَحْرِير) x5; Har~ (حَرّ) x3; Hariyr (حَرِير) x3,N: 100%,51,,10,0.2,Alh (اله) x6; Amn (امن) x3; qwl (قول) x3; rqb (رقب) x3; jnn (جنن) x3,True,11,noun-only; high inter-cluster connectivity (11 clusters)
Anv,انث,30,2,>unvaY` (أُنثَىٰ) x24; >unvayayon (أُنثَيَيْن) x6,N: 100%,19,Household Law & Lineage,17,0.633,*kr (ذكر) x16; Elm (علم) x10; Alh (اله) x9; xlq (خلق) x7; qwl (قول) x6,True,16,noun-only; high inter-cluster connectivity (16 clusters); in named cluster: Household Law & Lineage
Axw,اخو,96,3,>ax (أَخ) x75; >uxot (أُخْت) x14; <ixowapN (إِخْوَةٌ) x7,N: 100%,19,Household Law & Lineage,31,0.604,qwl (قول) x43; Alh (اله) x32; kwn (كون) x19; qwm (قوم) x17; Abw (ابو) x15,True,45,noun-only; high inter-cluster connectivity (45 clusters); in named cluster: Household Law & Lineage
Ady,ادي,6,2,yu&ad~i (يُؤَدِّ) x5; >adaA^' (أَدَا^ء) x1,"V: 83%, N: 17%",4,"Revelation, Speech & Disbelief",4,0.167,Amn (امن) x5; Alh (اله) x4; ktb (كتب) x3; Ebd (عبد) x2; rbb (ربب) x2,False,3,"in named cluster: Revelation, Speech & Disbelief"
lbb,لبب,16,1,>aloba`b (أَلْبَٰب) x16,N: 100%,4,"Revelation, Speech & Disbelief",10,0.5,Awl (اول) x16; *kr (ذكر) x10; Alh (اله) x7; Elm (علم) x5; nzl (نزل) x5,True,11,"noun-only; high inter-cluster connectivity (11 clusters); in named cluster: Revelation, Speech & Disbelief"
jnf,جنف,2,2,janaf (جَنَف) x1; mutajaAnif (مُتَجَانِف) x1,N: 100%,90,Sin–Mercy Economy,2,0.0,Alh (اله) x2; Avm (اثم) x2; gfr (غفر) x2; rHm (رحم) x2,False,2,noun-only; rare (2 occ.); in named cluster: Sin–Mercy Economy
Swm,صوم,14,5,SiyaAm (صِيَام) x9; yaSumo (يَصُمْ) x2; Sawom (صَوْم) x1,"N: 86%, V: 14%",71,,6,0.071,Alh (اله) x8; Amn (امن) x6; kwn (كون) x5; ywm (يوم) x5; Elm (علم) x4,True,24,high Medinan concentration; high inter-cluster connectivity (24 clusters)
sfr,سفر,12,5,safar (سَفَر) x7; >asofaAr (أَسْفَار) x2; >asofara (أَسْفَرَ) x1,"N: 92%, V: 8%",17,Bodily Purity & Prayer,9,0.417,kwn (كون) x6; Alh (اله) x6; Elm (علم) x4; mrD (مرض) x4; $kr (شكر) x3,True,11,high inter-cluster connectivity (11 clusters); in named cluster: Bodily Purity & Prayer
Twq,طوق,4,3,TaAqap (طَاقَة) x2; yuTiyqu (يُطِيقُ) x1; yuTaw~aqu (يُطَوَّقُ) x1,"V: 50%, N: 50%",157,,2,0.0,ywm (يوم) x3; Alh (اله) x3; TEm (طعم) x2; xyr (خير) x2; qwm (قوم) x2,False,4,rare (4 occ.)
$hr,شهر,21,1,$ahor (شَهْر) x21,N: 100%,19,Household Law & Lineage,9,0.19,Alh (اله) x14; Elm (علم) x6; Hrm (حرم) x6; wqy (وقي) x5; rbE (ربع) x5,True,23,noun-only; high inter-cluster connectivity (23 clusters); in named cluster: Household Law & Lineage
qrA,قرا,88,4,quro'aAn (قُرْءَان) x70; qara>a (قَرَأَ) x16; quruw^' (قُرُو^ء) x1,"PN: 77%, V: 19%",4,"Revelation, Speech & Disbelief",42,0.886,qwl (قول) x19; kwn (كون) x16; rbb (ربب) x14; nzl (نزل) x13; Alh (اله) x12,True,35,"high Meccan concentration; high inter-cluster connectivity (35 clusters); in named cluster: Revelation, Speech & Disbelief"
ysr,يسر,44,9,yasiyr (يَسِير) x15; yas~ara (يَسَّرَ) x11; yusor (يُسْر) x7,"N: 43%, V: 34%",145,,27,0.614,Alh (اله) x16; kwn (كون) x8; Esr (عسر) x6; qrA (قرا) x6; *kr (ذكر) x6,True,24,high inter-cluster connectivity (24 clusters)
Esr,عسر,12,6,Eusor (عُسْر) x5; Eusorap (عُسْرَة) x2; Easiyr (عَسِير) x2,"N: 67%, ADJ: 25%",145,,9,0.583,ysr (يسر) x6; kwn (كون) x4; ywm (يوم) x4; Alh (اله) x3; Axr (اخر) x2,True,9,bridge (9 clusters)
kml,كمل,5,3,>akomalo (أَكْمَلْ) x2; kaAmilap (كَامِلَة) x2; kaAmilayon (كَامِلَيْن) x1,"V: 40%, ADJ: 40%",71,,3,0.2,Alh (اله) x4; ywm (يوم) x4; Elm (علم) x3; tmm (تمم) x3; Swm (صوم) x2,True,11,rare (5 occ.); high inter-cluster connectivity (11 clusters)
jwb,جوب,43,5,{sotajaAba (ٱسْتَجَابَ) x28; >ujiybat (أُجِيبَت) x8; jawaAb (جَوَاب) x4,"V: 86%, N: 14%",8,Allegiance & the Object of Worship,23,0.767,Alh (اله) x18; dEw (دعو) x17; qwl (قول) x13; qwm (قوم) x11; rbb (ربب) x10,True,16,high inter-cluster connectivity (16 clusters); in named cluster: Allegiance & the Object of Worship
r$d,رشد,19,7,ru$od (رُشْد) x6; ra$ad (رَشَد) x5; r~a$iyd (رَّشِيد) x3,"N: 79%, ADJ: 16%",209,,9,0.789,qwl (قول) x8; Alh (اله) x7; Amn (امن) x6; hdy (هدي) x5; Elm (علم) x4,True,13,high inter-cluster connectivity (13 clusters)
rfv,رفث,2,1,rafav (رَفَث) x2,N: 100%,5,The Commanded Self,1,0.0,Alh (اله) x2; Elm (علم) x2; wqy (وقي) x2,False,3,noun-only; rare (2 occ.); in named cluster: The Commanded Self; confined to 1 surah
xwn,خون,16,6,xaAnu (خَانُ) x5; xaA^}iniyn (خَا^ئِنِين) x3; yaxotaAnu (يَخْتَانُ) x2,"N: 50%, V: 44%",11,Vegetative Signs / Reflective Gaze,8,0.188,Alh (اله) x10; Elm (علم) x5; kwn (كون) x4; Hbb (حبب) x4; Efw (عفو) x2,True,7,bridge (7 clusters); in named cluster: Vegetative Signs / Reflective Gaze
xyT,خيط,3,2,xayoT (خَيْط) x2; xiyaAT (خِيَاط) x1,N: 100%,4,"Revelation, Speech & Disbelief",2,0.333,Ayy (ايي) x2,False,1,"noun-only; rare (3 occ.); in named cluster: Revelation, Speech & Disbelief"
byD,بيض,12,3,>aboyaD (أَبْيَض) x8; {boyaD~ato (ٱبْيَضَّتْ) x3; bayoD (بَيْض) x1,"N: 50%, ADJ: 25%",107,,10,0.75,ydy (يدي) x5; kwn (كون) x4; xrj (خرج) x4; Alh (اله) x3; Ayy (ايي) x3,True,10,high inter-cluster connectivity (10 clusters)
swd,سود,10,6,say~id (سَيِّد) x3; {sowad~ato (ٱسْوَدَّتْ) x2; musowad~ (مُسْوَدّ) x2,"N: 50%, ADJ: 30%",107,,8,0.5,Alh (اله) x4; b$r (بشر) x4; wjh (وجه) x4; byD (بيض) x3; kwn (كون) x2,True,9,bridge (9 clusters)
Hdd,حدد,25,5,Huduwd (حُدُود) x14; Hadiyd (حَدِيد) x6; HaA^d~a (حَا^دَّ) x2,"N: 84%, V: 16%",0,The Believers' Reward,12,0.16,Alh (اله) x15; rsl (رسل) x9; byn (بين) x6; Elm (علم) x5; kwn (كون) x5,True,12,high inter-cluster connectivity (12 clusters); in named cluster: The Believers' Reward
dlw,دلو,4,3,>adolaY` (أَدْلَىٰ) x2; dalow (دَلْو) x1; tadal~aY` (تَدَلَّىٰ) x1,"V: 75%, N: 25%",4,"Revelation, Speech & Disbelief",3,0.75,Elm (علم) x2,False,1,"rare (4 occ.); in named cluster: Revelation, Speech & Disbelief"
wqt,وقت,13,4,miyqa`t (مِيقَٰت) x8; waqot (وَقْت) x3; m~awoquwt (مَّوْقُوت) x1,"N: 85%, ADJ: 8%",369,,10,0.846,ywm (يوم) x6; qwl (قول) x5; Elm (علم) x5; rbb (ربب) x4; Alh (اله) x3,True,5,bridge (5 clusters)
vqf,ثقف,6,1,vuqifu (ثُقِفُ) x6,V: 100%,10,,6,0.0,qtl (قتل) x4; kfr (كفر) x3; Hyv (حيث) x2; ftn (فتن) x2; Edw (عدو) x2,True,8,verb-only; high Medinan concentration; bridge (8 clusters)
nhy,نهي,56,7,nahaY` (نَهَىٰ) x32; {ntahaY` (ٱنتَهَىٰ) x16; muntahaY` (مُنتَهَىٰ) x3,"V: 88%, N: 12%",5,The Commanded Self,26,0.5,Alh (اله) x24; kwn (كون) x18; qwl (قول) x18; Amr (امر) x12; nkr (نكر) x12,True,28,high inter-cluster connectivity (28 clusters); in named cluster: The Commanded Self
hlk,هلك,68,8,>aholaka (أَهْلَكَ) x51; halaka (هَلَكَ) x5; muholik (مُهْلِك) x5,"V: 82%, N: 18%",4,"Revelation, Speech & Disbelief",40,0.838,qbl (قبل) x19; qwl (قول) x18; kwn (كون) x16; qry (قري) x16; Alh (اله) x15,True,23,"high inter-cluster connectivity (23 clusters); in named cluster: Revelation, Speech & Disbelief"
HSr,حصر,6,4,>uHoSiru (أُحْصِرُ) x2; HaSirato (حَصِرَتْ) x2; HaSuwr (حَصُور) x1,"V: 67%, N: 33%",66,Jihād fī Sabīl Allāh,5,0.167,Alh (اله) x5; sbl (سبل) x3; qwm (قوم) x3; Elm (علم) x2; Hrm (حرم) x2,True,7,bridge (7 clusters); in named cluster: Jihād fī Sabīl Allāh
Hlq,حلق,3,3,taHoliqu (تَحْلِقُ) x1; muHal~iqiyn (مُحَلِّقِين) x1; Huloquwm (حُلْقُوم) x1,"N: 67%, V: 33%",175,,3,0.333,Alh (اله) x2; Amn (امن) x2; Elm (علم) x2; Hrm (حرم) x2; Sdq (صدق) x2,True,7,rare (3 occ.); bridge (7 clusters)
rAs,راس,18,1,ra>os (رَأْس) x18,N: 100%,175,,15,0.611,qwl (قول) x6; Alh (اله) x5; rbb (ربب) x5; kwn (كون) x4; rAy (راي) x4,True,19,noun-only; high inter-cluster connectivity (19 clusters)
blg,بلغ,77,8,balaga (بَلَغَ) x40; bala`g (بَلَٰغ) x15; bal~ago (بَلَّغْ) x6,"V: 66%, N: 30%",77,Creation & the Appointed Term,36,0.636,Alh (اله) x34; qwl (قول) x22; Elm (علم) x20; rsl (رسل) x19; rbb (ربب) x15,True,38,high inter-cluster connectivity (38 clusters); in named cluster: Creation & the Appointed Term
A*y,اذي,24,2,>uw*iYa (أُوذِىَ) x15; >a*FY (أَذًى) x9,"V: 62%, N: 38%",66,Jihād fī Sabīl Allāh,10,0.167,Alh (اله) x18; Amn (امن) x8; qwl (قول) x8; kwn (كون) x7; Aty (اتي) x6,True,17,high inter-cluster connectivity (17 clusters); in named cluster: Jihād fī Sabīl Allāh
vlv,ثلث,32,6,vala`vap (ثَلَٰثَة) x13; vala`v (ثَلَٰث) x8; v~uluv (ثُّلُث) x6,"N: 91%, T: 9%",19,Household Law & Lineage,20,0.438,Alh (اله) x15; qwl (قول) x11; kwn (كون) x9; Elm (علم) x8; rbb (ربب) x8,True,29,high inter-cluster connectivity (29 clusters); in named cluster: Household Law & Lineage
jdl,جدل,29,3,ja`dalu (جَٰدَلُ) x25; jidaAl (جِدَال) x2; jadal (جَدَل) x2,"V: 86%, N: 14%",4,"Revelation, Speech & Disbelief",16,0.655,Alh (اله) x17; Elm (علم) x7; Ayy (ايي) x7; qwl (قول) x7; kll (كلل) x6,True,15,"high inter-cluster connectivity (15 clusters); in named cluster: Revelation, Speech & Disbelief"
zwd,زود,2,2,tazaw~adu (تَزَوَّدُ) x1; z~aAd (زَّاد) x1,"V: 50%, N: 50%",665,,1,0.0,,False,0,rare (2 occ.); confined to 1 surah
fyD,فيض,9,2,>afaADa (أَفَاضَ) x7; tafiyDu (تَفِيضُ) x2,V: 100%,153,,7,0.333,Alh (اله) x5; qwl (قول) x4; rbb (ربب) x3; rHm (رحم) x3; $hd (شهد) x3,True,6,verb-only; bridge (6 clusters)
nSb,نصب,32,6,naSiyb (نَصِيب) x21; naSab (نَصَب) x4; nuSub (نُصُب) x3,"N: 91%, V: 6%",460,,19,0.469,Alh (اله) x13; kwn (كون) x11; Aty (اتي) x8; qwl (قول) x7; ktb (كتب) x5,True,23,high inter-cluster connectivity (23 clusters)
srE,سرع,23,4,sariyE (سَرِيع) x10; yusa`riEu (يُسَٰرِعُ) x9; >asoraE (أَسْرَع) x2,"N: 52%, V: 39%",188,,14,0.478,Alh (اله) x14; Hsb (حسب) x9; Aty (اتي) x5; ywm (يوم) x5; End (عند) x4,True,20,high inter-cluster connectivity (20 clusters)
Hsb,حسب,109,8,Hasiba (حَسِبَ) x44; HisaAb (حِسَاب) x39; Hasob (حَسْب) x11,"N: 52%, V: 46%",188,,40,0.495,Alh (اله) x51; qwl (قول) x18; rbb (ربب) x18; $yA (شيا) x15; Amn (امن) x14,True,43,high inter-cluster connectivity (43 clusters)
H$r,حشر,43,4,Ha$ara (حَشَرَ) x37; Ha`$iriyn (حَٰشِرِين) x3; Ha$or (حَشْر) x2,"V: 86%, N: 14%",57,,28,0.791,ywm (يوم) x16; Alh (اله) x14; qwl (قول) x11; kwn (كون) x11; wqy (وقي) x6,True,22,high inter-cluster connectivity (22 clusters)
Ejb,عجب,27,5,>aEojaba (أَعْجَبَ) x11; Eajibu (عَجِبُ) x8; Eajab (عَجَب) x5,"V: 70%, ADJ: 22%",4,"Revelation, Speech & Disbelief",17,0.519,Alh (اله) x13; qwl (قول) x11; kfr (كفر) x8; n*r (نذر) x5; $yA (شيا) x5,True,17,"high inter-cluster connectivity (17 clusters); in named cluster: Revelation, Speech & Disbelief"
ldd,لدد,2,2,>alad~ (أَلَدّ) x1; l~ud~ (لُّدّ) x1,"N: 50%, ADJ: 50%",418,,2,0.5,,False,0,rare (2 occ.)
xSm,خصم,18,5,{xotaSamu (ٱخْتَصَمُ) x8; xaSiym (خَصِيم) x5; xaSom (خَصْم) x3,"N: 50%, V: 44%",77,Creation & the Appointed Term,12,0.722,qwl (قول) x5; byn (بين) x5; Alh (اله) x4; kwn (كون) x3; Hqq (حقق) x3,True,6,bridge (6 clusters); in named cluster: Creation & the Appointed Term
nsl,نسل,4,2,nasol (نَسْل) x2; yansilu (يَنسِلُ) x2,"N: 50%, V: 50%",479,,4,0.75,,False,0,rare (4 occ.)
mhd,مهد,16,6,miha`d (مِهَٰد) x7; mahod (مَهْد) x5; yamohadu (يَمْهَدُ) x1,"N: 88%, V: 12%",398,,13,0.625,bAs (باس) x5; ArD (ارض) x5; qwl (قول) x4; kfr (كفر) x3; klm (كلم) x3,True,12,high inter-cluster connectivity (12 clusters)
kff,كفف,15,3,kaf~a (كَفَّ) x8; kaA^f~ap (كَا^فَّة) x5; kaf~ay (كَفَّي) x2,"V: 53%, N: 47%",4,"Revelation, Speech & Disbelief",9,0.2,Alh (اله) x7; Amn (امن) x6; qwm (قوم) x6; ydy (يدي) x5; nws (نوس) x4,True,13,"high inter-cluster connectivity (13 clusters); in named cluster: Revelation, Speech & Disbelief"
zyn,زين,46,3,zay~ana (زَيَّنَ) x26; ziynap (زِينَة) x19; {z~ay~anato (ٱزَّيَّنَتْ) x1,"V: 59%, N: 41%",96,Dunya vs. Ākhirah,28,0.696,Alh (اله) x17; dnw (دنو) x15; Eml (عمل) x15; Hyy (حيي) x13; kwn (كون) x12,True,29,high inter-cluster connectivity (29 clusters); in named cluster: Dunya vs. Ākhirah
zlzl,زلزل,6,3,zulozilu (زُلْزِلُ) x3; zilozaAl (زِلْزَال) x2; zalozalap (زَلْزَلَة) x1,"V: 50%, N: 50%",0,The Believers' Reward,4,0.0,Amn (امن) x2,False,1,high Medinan concentration; in named cluster: The Believers' Reward
krh,كره,41,8,kariha (كَرِهَ) x17; ka`rihuwn (كَٰرِهُون) x7; karoh (كَرْه) x5,"V: 56%, N: 44%",71,,21,0.341,Alh (اله) x22; Amn (امن) x9; qwl (قول) x9; Hqq (حقق) x8; kfr (كفر) x7,True,17,high inter-cluster connectivity (17 clusters)
Esy,عسي,30,1,EasaY (عَسَى) x30,V: 100%,90,Sin–Mercy Economy,16,0.5,Alh (اله) x15; qwl (قول) x11; rbb (ربب) x10; Amn (امن) x8; kwn (كون) x8,True,19,verb-only; high inter-cluster connectivity (19 clusters); in named cluster: Sin–Mercy Economy
$rr,شرر,31,2,$ar~ (شَرّ) x30; $arar (شَرَر) x1,N: 100%,34,,22,0.613,Alh (اله) x9; kwn (كون) x8; xyr (خير) x7; qwl (قول) x5; Ans (انس) x4,True,18,noun-only; high inter-cluster connectivity (18 clusters)
Sdd,صدد,42,5,Sad~a (صَدَّ) x37; Sad~ (صَدّ) x2; Suduwd (صُدُود) x1,"V: 90%, N: 7%",66,Jihād fī Sabīl Allāh,23,0.452,Alh (اله) x32; sbl (سبل) x25; kfr (كفر) x14; kwn (كون) x13; Eml (عمل) x10,True,25,high inter-cluster connectivity (25 clusters); in named cluster: Jihād fī Sabīl Allāh
zyl,زيل,10,3,zaAlat (زَالَت) x8; zay~alo (زَيَّلْ) x1; tazay~alu (تَزَيَّلُ) x1,V: 100%,174,,10,0.4,Alh (اله) x6; kfr (كفر) x4; qwl (قول) x3; jEl (جعل) x3; $yA (شيا) x3,True,14,verb-only; high inter-cluster connectivity (14 clusters)
HbT,حبط,16,2,HabiTa (حَبِطَ) x12; >aHobaTa (أَحْبَطَ) x4,V: 100%,0,The Believers' Reward,12,0.312,Eml (عمل) x16; Alh (اله) x8; kwn (كون) x7; Axr (اخر) x6; kfr (كفر) x5,True,12,verb-only; high inter-cluster connectivity (12 clusters); in named cluster: The Believers' Reward
hjr,هجر,31,6,haAjara (هَاجَرَ) x16; muhaAjir (مُهَاجِر) x7; {hojuro (ٱهْجُرْ) x5,"V: 68%, N: 29%",66,Jihād fī Sabīl Allāh,17,0.29,Alh (اله) x20; Amn (امن) x10; sbl (سبل) x10; rHm (رحم) x8; kwn (كون) x8,True,21,high inter-cluster connectivity (21 clusters); in named cluster: Jihād fī Sabīl Allāh
jhd,جهد,41,5,ja`hada (جَٰهَدَ) x27; jahod (جَهْد) x5; muja`hidiyn (مُجَٰهِدِين) x4,"V: 66%, N: 34%",66,Jihād fī Sabīl Allāh,19,0.268,Alh (اله) x28; Amn (امن) x19; sbl (سبل) x16; Elm (علم) x13; mwl (مول) x10,True,23,high inter-cluster connectivity (23 clusters); in named cluster: Jihād fī Sabīl Allāh
rjw,رجو,28,5,yarojuwA@ (يَرْجُوا@) x22; turojiY (تُرْجِى) x3; murojawon (مُرْجَوْن) x1,"V: 89%, N: 11%",88,,21,0.714,Alh (اله) x14; kwn (كون) x13; qwl (قول) x10; rbb (ربب) x8; lqy (لقي) x7,True,20,high inter-cluster connectivity (20 clusters)
xmr,خمر,7,2,xamor (خَمْر) x6; xumur (خُمُر) x1,N: 100%,567,,5,0.286,Alh (اله) x3; qwl (قول) x3; ysr (يسر) x3; byn (بين) x2; $Tn (شطن) x2,True,14,noun-only; high inter-cluster connectivity (14 clusters)
fkr,فكر,18,2,yatafak~aru (يَتَفَكَّرُ) x17; fak~ara (فَكَّرَ) x1,V: 100%,11,Vegetative Signs / Reflective Gaze,13,0.722,Ayy (ايي) x10; qwm (قوم) x10; Alh (اله) x8; byn (بين) x7; nws (نوس) x6,True,14,verb-only; high inter-cluster connectivity (14 clusters); in named cluster: Vegetative Signs / Reflective Gaze
xlT,خلط,6,4,{xotalaTa (ٱخْتَلَطَ) x3; tuxaAliTu (تُخَالِطُ) x1; xalaTu (خَلَطُ) x1,"V: 83%, N: 17%",96,Dunya vs. Ākhirah,6,0.667,Alh (اله) x3; SlH (صلح) x3; dnw (دنو) x3; $yA (شيا) x2; Axr (اخر) x2,True,11,high inter-cluster connectivity (11 clusters); in named cluster: Dunya vs. Ākhirah
Ent,عنت,5,3,Eani (عَنِ) x3; >aEonata (أَعْنَتَ) x1; Eanat (عَنَت) x1,"V: 80%, N: 20%",8,Allegiance & the Object of Worship,5,0.0,Amn (امن) x4; Alh (اله) x3; Elm (علم) x3; Ezz (عزز) x2; xyr (خير) x2,True,6,rare (5 occ.); high Medinan concentration; bridge (6 clusters); in named cluster: Allegiance & the Object of Worship
nkH,نكح,23,4,nakaHa (نَكَحَ) x14; nikaAH (نِكَاح) x5; tunkiHu (تُنكِحُ) x3,"V: 78%, N: 22%",82,,6,0.043,Alh (اله) x15; Elm (علم) x10; Amn (امن) x8; kwn (كون) x7; nsw (نسو) x6,True,20,high Medinan concentration; high inter-cluster connectivity (20 clusters)
Amw,امو,2,1,>amap (أَمَة) x2,N: 100%,82,,2,0.0,Alh (اله) x2; Ebd (عبد) x2; nkH (نكح) x2,False,2,noun-only; rare (2 occ.)
HyD,حيض,4,2,maHiyD (مَحِيض) x3; yaHiDo (يَحِضْ) x1,"N: 75%, V: 25%",5,The Commanded Self,2,0.0,Alh (اله) x2; Amr (امر) x2; nsw (نسو) x2,False,2,rare (4 occ.); in named cluster: The Commanded Self
Ezl,عزل,10,4,{Eotazala (ٱعْتَزَلَ) x7; maEozil (مَعْزِل) x1; maEozuwluwn (مَعْزُولُون) x1,"V: 80%, N: 20%",10,,8,0.6,Alh (اله) x6; jEl (جعل) x3; kll (كلل) x3; kwn (كون) x3; Amr (امر) x2,True,10,high inter-cluster connectivity (10 clusters)
Any,اني,36,6,>an~aY` (أَنَّىٰ) x28; 'aAnaA^' (ءَانَا^ء) x3; 'aAniyap (ءَانِيَة) x2,"INTG: 75%, N: 17%",84,,25,0.556,Alh (اله) x22; qwl (قول) x17; kwn (كون) x11; $yA (شيا) x10; rbb (ربب) x9,True,26,high inter-cluster connectivity (26 clusters)
ymn,يمن,71,3,yamiyn (يَمِين) x65; >ayoman (أَيْمَن) x3; mayomanap (مَيْمَنَة) x3,"N: 96%, ADJ: 4%",23,,34,0.563,Alh (اله) x33; mlk (ملك) x14; kwn (كون) x14; Aty (اتي) x13; Elm (علم) x11,True,38,high inter-cluster connectivity (38 clusters)
lgw,لغو,11,3,lagow (لَغْو) x9; {loga (ٱلْغَ) x1; la`giyap (لَٰغِيَة) x1,"N: 91%, V: 9%",191,,11,0.818,smE (سمع) x6; Alh (اله) x2; Ax* (اخذ) x2; ymn (يمن) x2; kfr (كفر) x2,True,8,bridge (8 clusters)
Hlm,حلم,21,2,Haliym (حَلِيم) x15; Hulum (حُلُم) x6,"ADJ: 52%, N: 48%",93,,16,0.429,Alh (اله) x13; gfr (غفر) x9; Elm (علم) x7; qwl (قول) x5; kwn (كون) x5,True,17,high inter-cluster connectivity (17 clusters)
Alw,الو,37,4,'aAlaA^' (ءَالَا^ء) x34; yu&olu (يُؤْلُ) x1; ya>olu (يَأْلُ) x1,"N: 92%, V: 8%",4,"Revelation, Speech & Disbelief",6,0.081,rbb (ربب) x33; k*b (كذب) x31; Alh (اله) x4; gfr (غفر) x2; rHm (رحم) x2,True,6,"high Medinan concentration; bridge (6 clusters); in named cluster: Revelation, Speech & Disbelief"
rbS,ربص,17,3,tarab~aSo (تَرَبَّصْ) x13; m~utarab~iS (مُّتَرَبِّص) x3; tarab~uS (تَرَبُّص) x1,"V: 76%, N: 24%",19,Household Law & Lineage,7,0.353,Alh (اله) x8; qwl (قول) x7; kwn (كون) x4; nfs (نفس) x3; $hr (شهر) x2,True,8,bridge (8 clusters); in named cluster: Household Law & Lineage
fyA,فيا,7,3,faA^'u (فَا^ءُ) x3; >afaA^'a (أَفَا^ءَ) x3; yatafay~a&uA@ (يَتَفَيَّؤُا@) x1,V: 100%,23,,5,0.143,Alh (اله) x6; gfr (غفر) x2; rHm (رحم) x2; $yA (شيا) x2; ymn (يمن) x2,True,7,verb-only; high Medinan concentration; bridge (7 clusters)
Ezm,عزم,9,2,Eazom (عَزْم) x5; Eazama (عَزَمَ) x4,"N: 56%, V: 44%",5,The Commanded Self,7,0.444,Amr (امر) x5; Alh (اله) x4; Sbr (صبر) x4; Erf (عرف) x3; gfr (غفر) x3,True,6,bridge (6 clusters); in named cluster: The Commanded Self
Tlq,طلق,23,4,Tal~aqa (طَلَّقَ) x10; {nTalaqa (ٱنطَلَقَ) x9; T~ala`q (طَّلَٰق) x2,"V: 83%, N: 17%",5,The Commanded Self,10,0.348,Alh (اله) x10; Erf (عرف) x6; $yA (شيا) x6; Elm (علم) x4; Amn (امن) x4,True,16,high inter-cluster connectivity (16 clusters); in named cluster: The Commanded Self
bEl,بعل,7,2,baEol (بَعْل) x6; baEol2 (بَعْل2) x1,"N: 86%, PN: 14%",0,The Believers' Reward,5,0.286,Alh (اله) x3; Amn (امن) x2; SlH (صلح) x2; kwn (كون) x2; nfs (نفس) x2,True,6,bridge (6 clusters); in named cluster: The Believers' Reward
rjl,رجل,73,4,rajul (رَجُل) x29; rijaAl (رِجَال) x28; rijol (رِجْل) x15,N: 100%,19,Household Law & Lineage,32,0.603,Alh (اله) x28; kwn (كون) x26; qwl (قول) x26; Amn (امن) x14; Elm (علم) x14,True,41,noun-only; high inter-cluster connectivity (41 clusters); in named cluster: Household Law & Lineage
drj,درج,20,2,darajap (دَرَجَة) x18; nasotadoriju (نَسْتَدْرِجُ) x2,"N: 90%, V: 10%",236,,16,0.55,Alh (اله) x9; Amn (امن) x7; rfE (رفع) x7; Eml (عمل) x6; Aty (اتي) x5,True,18,high inter-cluster connectivity (18 clusters)
mrr,مرر,35,7,mar~ap (مَرَّة) x19; mar~a (مَرَّ) x10; m~usotamir~ (مُّسْتَمِرّ) x2,"N: 71%, V: 29%",78,,22,0.686,Alh (اله) x10; Awl (اول) x9; kll (كلل) x7; qwl (قول) x7; xlq (خلق) x6,True,21,high inter-cluster connectivity (21 clusters)
msk,مسك,27,8,>amosaka (أَمْسَكَ) x18; {sotamosaka (ٱسْتَمْسَكَ) x3; <imosaAk (إِمْسَاك) x1,"V: 81%, N: 19%",5,The Commanded Self,17,0.63,Alh (اله) x15; qwm (قوم) x7; smw (سمو) x6; Amn (امن) x5; rHm (رحم) x5,True,21,high inter-cluster connectivity (21 clusters); in named cluster: The Commanded Self
srH,سرح,7,4,sar~iHu (سَرِّحُ) x3; saraAH (سَرَاح) x2; tasoriyH (تَسْرِيح) x1,"V: 57%, N: 43%",5,The Commanded Self,3,0.143,Tlq (طلق) x3; jml (جمل) x3; $yA (شيا) x2; Alh (اله) x2; Ax* (اخذ) x2,True,7,high Medinan concentration; bridge (7 clusters); in named cluster: The Commanded Self
Ajl,اجل,56,4,>ajal (أَجَل) x52; >aj~ala (أَجَّلَ) x2; m~u&aj~al (مُّؤَجَّل) x1,"N: 95%, V: 4%",77,Creation & the Appointed Term,29,0.696,Alh (اله) x27; smw (سمو) x23; Axr (اخر) x18; kwn (كون) x16; kll (كلل) x11,True,29,high inter-cluster connectivity (29 clusters); in named cluster: Creation & the Appointed Term
EDl,عضل,2,1,taEoDulu (تَعْضُلُ) x2,V: 100%,5,The Commanded Self,2,0.0,Alh (اله) x2; Amn (امن) x2; Erf (عرف) x2; byn (بين) x2; nsw (نسو) x2,False,4,verb-only; rare (2 occ.); in named cluster: The Commanded Self
rDE,رضع,11,6,>aroDaEato (أَرْضَعَتْ) x5; r~aDaAEap (رَّضَاعَة) x2; yuroDiEo (يُرْضِعْ) x1,"V: 64%, N: 36%",156,,5,0.182,Alh (اله) x3; Aty (اتي) x2; Drr (ضرر) x2; Erf (عرف) x2; jnH (جنح) x2,True,6,bridge (6 clusters)
ksw,كسو,5,2,kasawo (كَسَوْ) x3; kisowat (كِسْوَت) x2,"V: 60%, N: 40%",90,Sin–Mercy Economy,4,0.2,Alh (اله) x5; Aty (اتي) x2; Elm (علم) x2; Erf (عرف) x2; rzq (رزق) x2,True,9,rare (5 occ.); bridge (9 clusters); in named cluster: Sin–Mercy Economy
klf,كلف,8,2,yukal~ifu (يُكَلِّفُ) x7; mutakal~ifiyn (مُتَكَلِّفِين) x1,"V: 88%, N: 12%",401,,7,0.5,nfs (نفس) x7; wsE (وسع) x6; Alh (اله) x5; Aty (اتي) x2; Eml (عمل) x2,True,7,bridge (7 clusters)
wrv,ورث,35,5,wariva (وَرِثَ) x13; >aworava (أَوْرَثَ) x12; waAriv (وَارِث) x7,"V: 71%, N: 29%",19,Household Law & Lineage,20,0.771,Alh (اله) x13; ArD (ارض) x10; kwn (كون) x9; bEd (بعد) x8; Aty (اتي) x7,True,16,high inter-cluster connectivity (16 clusters); in named cluster: Household Law & Lineage
fSl,فصل,43,9,faS~ala (فَصَّلَ) x17; faSol (فَصْل) x9; faSala (فَصَلَ) x5,"V: 51%, N: 44%",4,"Revelation, Speech & Disbelief",24,0.86,Ayy (ايي) x16; qwm (قوم) x16; Alh (اله) x12; Elm (علم) x11; ywm (يوم) x11,True,27,"high Meccan concentration; high inter-cluster connectivity (27 clusters); in named cluster: Revelation, Speech & Disbelief"
$wr,شور,4,4,ta$aAwur (تَشَاوُر) x1; $aAwiro (شَاوِرْ) x1; >a$aArato (أَشَارَتْ) x1,"N: 50%, V: 50%",4,"Revelation, Speech & Disbelief",4,0.5,Alh (اله) x2; Hwl (حول) x2; rzq (رزق) x2; Amr (امر) x2; kwn (كون) x2,False,4,"rare (4 occ.); in named cluster: Revelation, Speech & Disbelief"
w*r,وذر,45,1,ya*ara (يَذَرَ) x45,V: 100%,96,Dunya vs. Ākhirah,29,0.8,Alh (اله) x19; qwl (قول) x11; kwn (كون) x10; rbb (ربب) x6; Amn (امن) x5,True,23,verb-only; high inter-cluster connectivity (23 clusters); in named cluster: Dunya vs. Ākhirah
xbr,خبر,52,4,xabiyr (خَبِير) x45; >axobaAr (أَخْبَار) x3; xubor (خُبْر) x2,"N: 56%, ADJ: 44%",415,,31,0.462,Alh (اله) x34; Eml (عمل) x22; kwn (كون) x13; qwl (قول) x12; Elm (علم) x10,True,28,high inter-cluster connectivity (28 clusters)
xTb,خطب,12,4,xaTob (خَطْب) x5; xaATaba (خَاطَبَ) x3; xiTaAb (خِطَاب) x3,"N: 75%, V: 25%",7,Sea-Rescue / Bounty / Gratitude,11,0.917,qwl (قول) x9; Alh (اله) x2; Elm (علم) x2; nfs (نفس) x2; Eyn (عين) x2,True,9,high Meccan concentration; bridge (9 clusters); in named cluster: Sea-Rescue / Bounty / Gratitude
knn,كنن,12,4,>akin~ap (أَكِنَّة) x4; m~akonuwn (مَّكْنُون) x4; >akonan (أَكْنَن) x3,"N: 67%, V: 25%",65,,11,0.917,A*n (اذن) x4; jEl (جعل) x4; qlb (قلب) x4; wqr (وقر) x4; rbb (ربب) x4,True,10,high Meccan concentration; high inter-cluster connectivity (10 clusters)
Eqd,عقد,7,4,Euqodap (عُقْدَة) x4; Eaqadato (عَقَدَتْ) x1; Euquwd (عُقُود) x1,"N: 71%, V: 29%",82,,5,0.286,Alh (اله) x5; nkH (نكح) x2; byn (بين) x2; qrb (قرب) x2; ymn (يمن) x2,True,6,bridge (6 clusters)
qtr,قتر,5,5,muqotir (مُقْتِر) x1; qatar (قَتَر) x1; qatuwr (قَتُور) x1,"N: 60%, ADJ: 20%",54,,5,0.8,Hsn (حسن) x2; rhq (رهق) x2; kwn (كون) x2; nfq (نفق) x2,False,4,rare (5 occ.)
nSf,نصف,7,1,niSof (نِصْف) x7,"N: 86%, T: 14%",19,Household Law & Lineage,3,0.286,Alh (اله) x6; Elm (علم) x5; kwn (كون) x4; vlv (ثلث) x4; Axw (اخو) x3,True,10,high inter-cluster connectivity (10 clusters); in named cluster: Household Law & Lineage
HfZ,حفظ,44,8,Ha`fiZ (حَٰفِظ) x13; HafiyZ (حَفِيظ) x12; HafiZa (حَفِظَ) x7,"N: 59%, V: 27%",169,,23,0.705,Alh (اله) x15; Amn (امن) x8; Elm (علم) x7; rsl (رسل) x7; kll (كلل) x7,True,24,high inter-cluster connectivity (24 clusters)
rkb,ركب,15,7,rakiba (رَكِبَ) x9; rukobaAn (رُكْبَان) x1; m~utaraAkib (مُّتَرَاكِب) x1,"V: 67%, N: 27%",307,,13,0.8,Alh (اله) x6; $yA (شيا) x4; Elm (علم) x3; kwn (كون) x3; kll (كلل) x3,True,13,high inter-cluster connectivity (13 clusters)
qrD,قرض,13,3,>aqoraDu (أَقْرَضُ) x6; qaroD (قَرْض) x6; t~aqoriDu (تَّقْرِضُ) x1,"V: 54%, N: 46%",0,The Believers' Reward,6,0.231,Alh (اله) x7; Hsn (حسن) x6; DEf (ضعف) x4; Ajr (اجر) x3; Aty (اتي) x2,True,7,bridge (7 clusters); in named cluster: The Believers' Reward
DEf,ضعف,52,11,DiEof (ضِعْف) x11; yuDa`Eifu (يُضَٰعِفُ) x9; DaEiyf (ضَعِيف) x8,"N: 48%, V: 37%",0,The Believers' Reward,21,0.481,Alh (اله) x26; kwn (كون) x17; qwl (قول) x15; rbb (ربب) x10; Elm (علم) x9,True,32,high inter-cluster connectivity (32 clusters); in named cluster: The Believers' Reward
qbD,قبض,9,4,qabaDo (قَبَضْ) x5; qaboDap (قَبْضَة) x2; m~aqobuwDap (مَّقْبُوضَة) x1,"V: 56%, N: 33%",191,,6,0.667,Alh (اله) x4; bED (بعض) x2; bSr (بصر) x2,False,3,
bsT,بسط,25,6,basaTa (بَسَطَ) x16; ba`siT (بَٰسِط) x4; baSTap (بَصطَة) x2,"V: 64%, N: 36%",43,Divine Will & Dominion,15,0.64,Alh (اله) x15; $yA (شيا) x15; qdr (قدر) x10; rzq (رزق) x10; Elm (علم) x6,True,18,high inter-cluster connectivity (18 clusters); in named cluster: Divine Will & Dominion
mlA,ملا,40,5,mala> (مَلَأ) x30; muli}ato (مُلِئَتْ) x6; maAli_#uwn (مَالِـ#ُون) x2,"N: 82%, V: 18%",4,"Revelation, Speech & Disbelief",18,0.95,qwl (قول) x24; qwm (قوم) x15; kwn (كون) x8; Elm (علم) x7; rAy (راي) x6,True,23,"high Meccan concentration; high inter-cluster connectivity (23 clusters); in named cluster: Revelation, Speech & Disbelief"
jsm,جسم,2,1,jisom (جِسْم) x2,N: 100%,84,,2,0.0,Alh (اله) x2; Any (اني) x2; qwl (قول) x2,False,3,noun-only; rare (2 occ.)
bqy,بقي,21,8,>aboqaY`^ (أَبْقَىٰ^) x7; baqiy~at (بَقِيَّت) x3; baqiYa (بَقِىَ) x3,"N: 81%, V: 19%",96,Dunya vs. Ākhirah,16,0.857,rbb (ربب) x8; xyr (خير) x8; Amn (امن) x7; Alh (اله) x7; kwn (كون) x5,True,8,high Meccan concentration; bridge (8 clusters); in named cluster: Dunya vs. Ākhirah
Hml,حمل,64,10,Hamala (حَمَلَ) x41; Hamol (حَمْل) x7; Hum~ila (حُمِّلَ) x5,"V: 77%, N: 23%",156,,29,0.641,Alh (اله) x14; qwl (قول) x12; qwm (قوم) x11; kwn (كون) x9; rbb (ربب) x8,True,31,high inter-cluster connectivity (31 clusters)
jnd,جند,29,1,jund (جُند) x29,N: 100%,373,,18,0.69,Alh (اله) x8; kwn (كون) x8; qwl (قول) x7; Amn (امن) x6; kfr (كفر) x5,True,20,noun-only; high inter-cluster connectivity (20 clusters)
grf,غرف,7,3,gurofap (غُرْفَة) x5; {gotarafa (ٱغْتَرَفَ) x1; gurufa`t (غُرُفَٰت) x1,"N: 86%, V: 14%",0,The Believers' Reward,5,0.714,Amn (امن) x3; nhr (نهر) x3; Alh (اله) x2; Sbr (صبر) x2; lqy (لقي) x2,False,4,in named cluster: The Believers' Reward
jwz,جوز,5,2,jaAwaza (جَاوَزَ) x4; natajaAwazu (نَتَجَاوَزُ) x1,V: 100%,373,,5,0.8,qwl (قول) x4; Alh (اله) x3; Amn (امن) x2; jnd (جند) x2; lqy (لقي) x2,True,7,verb-only; rare (5 occ.); bridge (7 clusters)
fAy,فاي,11,2,fi}ap (فِئَة) x10; fi}at (فِئَت) x1,N: 100%,8,Allegiance & the Object of Worship,6,0.182,Alh (اله) x9; Amn (امن) x3; kvr (كثر) x3; lqy (لقي) x3; kwn (كون) x3,True,8,noun-only; bridge (8 clusters); in named cluster: Allegiance & the Object of Worship
glb,غلب,31,5,galabu (غَلَبُ) x15; gaAlib (غَالِب) x13; galab (غَلَب) x1,"V: 48%, N: 48%",78,,18,0.581,qwl (قول) x12; Alh (اله) x11; kwn (كون) x9; Amn (امن) x5; kfr (كفر) x4,True,17,high inter-cluster connectivity (17 clusters)
brz,برز,9,4,baraza (بَرَزَ) x5; bur~izati (بُرِّزَتِ) x2; baArizap (بَارِزَة) x1,"V: 78%, N: 22%",259,,8,0.667,Alh (اله) x5; qwl (قول) x4; $yA (شيا) x3; gyr (غير) x3; ywm (يوم) x3,True,14,high inter-cluster connectivity (14 clusters)
frg,فرغ,6,3,>aforigo (أَفْرِغْ) x3; farago (فَرَغْ) x2; fa`rig (فَٰرِغ) x1,"V: 83%, N: 17%",5,The Commanded Self,6,0.667,Sbr (صبر) x2; qwl (قول) x2; rbb (ربب) x2; Amn (امن) x2,False,3,in named cluster: The Commanded Self
vbt,ثبت,18,6,vab~ato (ثَبَّتْ) x10; tavobiyt (تَثْبِيت) x2; yuvobitu (يُثْبِتُ) x2,"V: 72%, N: 28%",5,The Commanded Self,11,0.444,Alh (اله) x8; Amn (امن) x7; kfr (كفر) x5; qdm (قدم) x5; qwl (قول) x5,True,15,high inter-cluster connectivity (15 clusters); in named cluster: The Commanded Self
hzm,هزم,3,2,hazamu (هَزَمُ) x2; mahozuwm (مَهْزُوم) x1,"V: 67%, N: 33%",355,,3,0.667,,False,0,rare (3 occ.)
dfE,دفع,10,4,dafaEo (دَفَعْ) x5; dafoE (دَفْع) x2; daAfiE (دَافِع) x2,"V: 60%, N: 40%",0,The Believers' Reward,8,0.4,Alh (اله) x5; Elm (علم) x3; kfr (كفر) x3; bED (بعض) x2; nws (نوس) x2,True,5,bridge (5 clusters); in named cluster: The Believers' Reward
byE,بيع,15,4,bayoE (بَيْع) x7; baAyaEo (بَايَعْ) x6; tabaAyaEo (تَبَايَعْ) x1,"N: 53%, V: 47%",269,,8,0.067,Alh (اله) x9; Amn (امن) x7; Aty (اتي) x5; ywm (يوم) x4; qwm (قوم) x4,True,16,high Medinan concentration; high inter-cluster connectivity (16 clusters)
xll,خلل,13,3,xila`l (خِلَٰل) x8; xaliyl (خَلِيل) x4; xul~ap (خُلَّة) x1,N: 100%,75,Witnessing the Visible Sign,11,0.692,Alh (اله) x5; Aty (اتي) x3; Zlm (ظلم) x3; Ax* (اخذ) x3; xrj (خرج) x3,True,13,noun-only; high inter-cluster connectivity (13 clusters); in named cluster: Witnessing the Visible Sign
wsn,وسن,1,1,sinap (سِنَة) x1,N: 100%,626,,1,0.0,,False,0,noun-only; single occurrence; confined to 1 surah
nwm,نوم,9,3,manaAm (مَنَام) x4; nawom (نَوْم) x3; naA^}imuwn (نَا^ئِمُون) x2,N: 100%,486,,9,0.778,Alh (اله) x4; qwm (قوم) x3; $yA (شيا) x2; Elm (علم) x2; smw (سمو) x2,True,10,noun-only; high inter-cluster connectivity (10 clusters)
krs,كرس,2,1,kurosiy~ (كُرْسِيّ) x2,N: 100%,405,,2,0.5,,False,0,noun-only; rare (2 occ.)
Awd,اود,1,1,ya_#uwdu (يَـ#ُودُ) x1,V: 100%,92,,1,0.0,,False,0,verb-only; single occurrence; confined to 1 surah
Elw,علو,70,14,taEa`laY` (تَعَٰلَىٰ) x20; Ealiy~ (عَلِيّ) x11; >aEolaY` (أَعْلَىٰ) x9,"N: 43%, V: 41%",131,,41,0.786,Alh (اله) x28; qwl (قول) x16; kwn (كون) x14; $rk (شرك) x13; ArD (ارض) x11,True,30,high inter-cluster connectivity (30 clusters)
gwy,غوي,22,5,>agowayo (أَغْوَيْ) x8; ga`wiyn (غَٰوِين) x6; gay~ (غَيّ) x4,"N: 50%, V: 50%",4,"Revelation, Speech & Disbelief",11,0.955,qwl (قول) x5; kwn (كون) x5; tbE (تبع) x4; rbb (ربب) x4; Alh (اله) x2,True,5,"high Meccan concentration; bridge (5 clusters); in named cluster: Revelation, Speech & Disbelief"
Erw,عرو,3,2,Eurowap (عُرْوَة) x2; {EotaraY` (ٱعْتَرَىٰ) x1,"N: 67%, V: 33%",5,The Commanded Self,3,0.667,Alh (اله) x3; msk (مسك) x2; wvq (وثق) x2,False,3,rare (3 occ.); in named cluster: The Commanded Self
fSm,فصم,1,1,{nfiSaAm (ٱنفِصَام) x1,N: 100%,295,,1,0.0,,False,0,noun-only; single occurrence; confined to 1 surah
$ms,شمس,33,1,$amos (شَمْس) x33,N: 100%,24,,28,0.848,qmr (قمر) x18; lyl (ليل) x12; Alh (اله) x11; nhr (نهر) x10; rAy (راي) x9,True,21,noun-only; high inter-cluster connectivity (21 clusters)
bht,بهت,8,2,buhota`n (بُهْتَٰن) x6; buhita (بُهِتَ) x2,"N: 75%, V: 25%",90,Sin–Mercy Economy,6,0.125,Aty (اتي) x4; byn (بين) x4; qwl (قول) x3; Avm (اثم) x3; Alh (اله) x2,True,8,high Medinan concentration; bridge (8 clusters); in named cluster: Sin–Mercy Economy
xwy,خوي,5,1,xaAwiyap (خَاوِيَة) x5,"N: 80%, ADJ: 20%",12,,5,0.6,Er$ (عرش) x3; Ayy (ايي) x2; Elm (علم) x2; qry (قري) x2; qwl (قول) x2,False,4,rare (5 occ.)
Er$,عرش,33,3,Earo$ (عَرْش) x29; m~aEoruw$a`t (مَّعْرُوشَٰت) x2; yaEori$u (يَعْرِشُ) x2,"N: 91%, V: 6%",12,,25,0.848,rbb (ربب) x16; Alh (اله) x12; qwl (قول) x11; ywm (يوم) x9; smw (سمو) x9,True,21,high inter-cluster connectivity (21 clusters)
mAy,ماي,10,1,miA}ap (مِائَة) x10,N: 100%,78,,5,0.2,Alh (اله) x4; Elm (علم) x3; kll (كلل) x3; Alf (الف) x3; kwn (كون) x3,True,7,noun-only; bridge (7 clusters)
Ewm,عوم,9,1,EaAm (عَام) x9,N: 100%,78,,5,0.333,Alh (اله) x3; bEd (بعد) x3; $yA (شيا) x2; Elm (علم) x2; kll (كلل) x2,True,5,noun-only; bridge (5 clusters)
lbv,لبث,31,2,labiva (لَبِثَ) x30; l~a`biviyn (لَّٰبِثِين) x1,"V: 97%, N: 3%",78,,17,0.871,qwl (قول) x13; ywm (يوم) x11; Elm (علم) x8; snw (سنو) x6; Alh (اله) x5,True,16,high Meccan concentration; high inter-cluster connectivity (16 clusters)
snh,سنه,1,1,yatasan~aho (يَتَسَنَّهْ) x1,V: 100%,577,,1,0.0,,False,0,verb-only; single occurrence; confined to 1 surah
Hmr,حمر,6,2,HimaAr (حِمَار) x5; Humor (حُمْر) x1,N: 100%,4,"Revelation, Speech & Disbelief",6,0.667,Alh (اله) x3; Ayy (ايي) x2; Elm (علم) x2,False,2,"noun-only; in named cluster: Revelation, Speech & Disbelief"
n$z,نشز,5,3,nu$uwz (نُشُوز) x2; {n$uzu (ٱنشُزُ) x2; nun$izu (نُنشِزُ) x1,"V: 60%, N: 40%",415,,3,0.0,Alh (اله) x4; Elm (علم) x2; bED (بعض) x2; byn (بين) x2; qwl (قول) x2,True,5,rare (5 occ.); high Medinan concentration; bridge (5 clusters)
Tmn,طمن,13,3,{Toma>an~a (ٱطْمَأَنَّ) x9; muToma}in~ (مُطْمَئِنّ) x2; m~uToma}in~ap (مُّطْمَئِنَّة) x2,"V: 69%, N: 23%",28,,11,0.385,Alh (اله) x8; qlb (قلب) x7; Amn (امن) x5; kwn (كون) x4; Ezz (عزز) x3,True,9,bridge (9 clusters)
Tyr,طير,29,5,Tayor (طَيْر) x19; Ta`^}ir (طَٰ^ئِر) x5; {T~ay~aro (ٱطَّيَّرْ) x3,"N: 86%, V: 14%",209,,19,0.724,qwl (قول) x9; Alh (اله) x8; kll (كلل) x7; Elm (علم) x6; rAy (راي) x6,True,26,high inter-cluster connectivity (26 clusters)
Swr,صور,19,5,S~uwr (صُّور) x10; Saw~ara (صَوَّرَ) x4; Suwrap (صُورَة) x3,"N: 68%, V: 26%",209,,17,0.737,nfx (نفخ) x10; Alh (اله) x6; ArD (ارض) x6; smw (سمو) x6; ywm (يوم) x5,True,9,bridge (9 clusters)
jbl,جبل,41,2,jabal (جَبَل) x39; jibil~ap (جِبِلَّة) x2,N: 100%,127,,33,0.854,kwn (كون) x12; Alh (اله) x11; ArD (ارض) x9; rAy (راي) x8; Amn (امن) x5,True,25,noun-only; high Meccan concentration; high inter-cluster connectivity (25 clusters)
jzA,جزا,3,1,juzo' (جُزْء) x3,N: 100%,44,,3,0.667,jEl (جعل) x2; kll (كلل) x2,False,2,noun-only; rare (3 occ.)
snbl,سنبل,5,3,sunbulap (سُنبُلَة) x2; sunbula`t (سُنبُلَٰت) x2; sunbul (سُنبُل) x1,N: 100%,46,,2,0.6,sbE (سبع) x4; Akl (اكل) x3; Elm (علم) x2; Axr (اخر) x2; Ejf (عجف) x2,False,3,noun-only; rare (5 occ.)
gny,غني,73,5,>agonato (أَغْنَتْ) x28; ganiY~ (غَنِىّ) x24; >agonaY` (أَغْنَىٰ) x15,"V: 64%, N: 30%",82,,44,0.63,Alh (اله) x43; kwn (كون) x24; $yA (شيا) x22; qwl (قول) x15; Elm (علم) x14,True,30,high inter-cluster connectivity (30 clusters)
trb,ترب,22,4,turaAb (تُرَاب) x17; >atoraAb (أَتْرَاب) x3; t~araA^}ib (تَّرَا^ئِب) x1,"N: 95%, ADJ: 5%",77,Creation & the Appointed Term,18,0.818,kwn (كون) x12; qwl (قول) x7; xlq (خلق) x7; mwt (موت) x6; kfr (كفر) x5,True,12,high inter-cluster connectivity (12 clusters); in named cluster: Creation & the Appointed Term
wbl,وبل,8,3,wabaAl (وَبَال) x4; waAbil (وَابِل) x3; wabiyl (وَبِيل) x1,"N: 88%, ADJ: 12%",62,The Prepared Fire,6,0.125,mvl (مثل) x4; *wq (ذوق) x4; Amr (امر) x4; Alh (اله) x3; kfr (كفر) x3,True,8,high Medinan concentration; bridge (8 clusters); in named cluster: The Prepared Fire
Sld,صلد,1,1,Salod (صَلْد) x1,N: 100%,213,,1,0.0,,False,0,noun-only; single occurrence; confined to 1 surah
rbw,ربو,20,8,r~ibaw`A (رِّبَوٰا) x7; rabato (رَبَتْ) x4; rabowap (رَبْوَة) x2,"N: 55%, V: 40%",73,,12,0.45,Alh (اله) x8; Akl (اكل) x4; nws (نوس) x4; DEf (ضعف) x3; mvl (مثل) x3,True,18,high inter-cluster connectivity (18 clusters)
Tll,طلل,1,1,Tal~ (طَلّ) x1,N: 100%,231,,1,0.0,,False,0,noun-only; single occurrence; confined to 1 surah
nxl,نخل,20,3,naxol (نَخْل) x11; n~axiyl (نَّخِيل) x7; n~axolap (نَّخْلَة) x2,N: 100%,11,Vegetative Signs / Reflective Gaze,16,0.8,Enb (عنب) x9; jnn (جنن) x8; Ayy (ايي) x5; vmr (ثمر) x5; qwm (قوم) x5,True,16,noun-only; high inter-cluster connectivity (16 clusters); in named cluster: Vegetative Signs / Reflective Gaze
Enb,عنب,11,1,Einab (عِنَب) x11,N: 100%,11,Vegetative Signs / Reflective Gaze,10,0.818,nxl (نخل) x9; jnn (جنن) x7; Ayy (ايي) x5; vmr (ثمر) x4; qwm (قوم) x4,True,10,noun-only; high inter-cluster connectivity (10 clusters); in named cluster: Vegetative Signs / Reflective Gaze
ESr,عصر,5,4,yaEoSiru (يَعْصِرُ) x2; <iEoSaAr (إِعْصَار) x1; muEoSira`t (مُعْصِرَٰت) x1,"N: 60%, V: 40%",17,Bodily Purity & Prayer,4,0.8,AHd (احد) x2,False,1,rare (5 occ.); in named cluster: Bodily Purity & Prayer
Hrq,حرق,9,3,Hariyq (حَرِيق) x5; Har~iqu (حَرِّقُ) x3; {Hotaraqato (ٱحْتَرَقَتْ) x1,"N: 56%, V: 44%",62,The Prepared Fire,8,0.444,Alh (اله) x6; E*b (عذب) x5; *wq (ذوق) x4; qwl (قول) x4; kwn (كون) x3,True,6,bridge (6 clusters); in named cluster: The Prepared Fire
ymm,يمم,11,2,yam~ (يَمّ) x8; tayam~amu (تَيَمَّمُ) x3,"N: 73%, V: 27%",17,Bodily Purity & Prayer,7,0.727,Alh (اله) x4; Ax* (اخذ) x4; kwn (كون) x4; Amn (امن) x3; Tyb (طيب) x3,True,10,high inter-cluster connectivity (10 clusters); in named cluster: Bodily Purity & Prayer
xbv,خبث,16,4,xabiyv (خَبِيث) x9; xabiyvap (خَبِيثَة) x4; xabiyva`t (خَبِيثَٰت) x2,"N: 94%, V: 6%",17,Bodily Purity & Prayer,9,0.312,Tyb (طيب) x8; Alh (اله) x4; kwn (كون) x4; Amn (امن) x3; ArD (ارض) x2,True,7,bridge (7 clusters); in named cluster: Bodily Purity & Prayer
gmD,غمض,1,1,tugomiDu (تُغْمِضُ) x1,V: 100%,326,,1,0.0,,False,0,verb-only; single occurrence; confined to 1 surah
fqr,فقر,14,3,faqiyr (فَقِير) x12; faqor (فَقْر) x1; faAqirap (فَاقِرَة) x1,"N: 86%, ADJ: 14%",82,,11,0.214,Alh (اله) x12; gny (غني) x7; Elm (علم) x5; kwn (كون) x4; fDl (فضل) x3,True,13,high inter-cluster connectivity (13 clusters)
xfy,خفي,34,8,>uxofiYa (أُخْفِىَ) x18; yaxofaY` (يَخْفَىٰ) x6; yasotaxofu (يَسْتَخْفُ) x3,"V: 79%, N: 15%",130,,21,0.559,Alh (اله) x17; Elm (علم) x13; bdw (بدو) x11; kwn (كون) x11; $yA (شيا) x10,True,24,high inter-cluster connectivity (24 clusters)
Eff,عفف,4,2,yasotaEofifo (يَسْتَعْفِفْ) x3; t~aEaf~uf (تَّعَفُّف) x1,"V: 75%, N: 25%",82,,3,0.0,Alh (اله) x4; Elm (علم) x3; gny (غني) x3; xyr (خير) x3; nkH (نكح) x3,True,6,rare (4 occ.); bridge (6 clusters)
lHf,لحف,1,1,<iloHaAf (إِلْحَاف) x1,N: 100%,412,,1,0.0,,False,0,noun-only; single occurrence; confined to 1 surah
xbT,خبط,1,1,yataxab~aTu (يَتَخَبَّطُ) x1,V: 100%,636,,1,0.0,,False,0,verb-only; single occurrence; confined to 1 surah
slf,سلف,8,3,salafa (سَلَفَ) x5; >asolafato (أَسْلَفَتْ) x2; salaf (سَلَف) x1,"V: 88%, N: 12%",174,,7,0.375,Alh (اله) x4; Ewd (عود) x3; Hrm (حرم) x3; mvl (مثل) x3; kwn (كون) x3,True,9,bridge (9 clusters)
Ewd,عود,63,6,EaAd2 (عَاد2) x24; EaAda (عَادَ) x18; >uEiydu (أُعِيدُ) x18,"V: 57%, PN: 38%",148,,39,0.81,Alh (اله) x21; qwl (قول) x20; kwn (كون) x14; qwm (قوم) x13; rbb (ربب) x11,True,28,high inter-cluster connectivity (28 clusters)
mHq,محق,2,1,yamoHaqu (يَمْحَقُ) x2,V: 100%,62,The Prepared Fire,2,0.0,Alh (اله) x2; kfr (كفر) x2,False,2,verb-only; rare (2 occ.); in named cluster: The Prepared Fire
Hrb,حرب,11,4,Harob (حَرْب) x4; miHoraAb (مِحْرَاب) x4; HaAraba (حَارَبَ) x2,"N: 82%, V: 18%",183,,9,0.273,Alh (اله) x7; $yA (شيا) x4; rsl (رسل) x3; qwm (قوم) x3; kfr (كفر) x3,True,11,high inter-cluster connectivity (11 clusters)
bxs,بخس,7,2,yaboxaso (يَبْخَسْ) x5; baxos (بَخْس) x2,"V: 71%, ADJ: 14%",147,,6,0.857,$yA (شيا) x4; kwn (كون) x4; Amn (امن) x3; qwm (قوم) x3; rbb (ربب) x3,True,10,high Meccan concentration; high inter-cluster connectivity (10 clusters)
sAm,سام,3,1,yaso_#amu (يَسْـ#َمُ) x3,V: 100%,59,,2,0.667,End (عند) x2; dEw (دعو) x2; kbr (كبر) x2; rbb (ربب) x2,False,4,verb-only; rare (3 occ.)
Sgr,صغر,13,5,Sa`giruwn (صَٰغِرُون) x5; Sagiyr (صَغِير) x3; Sagiyrap (صَغِيرَة) x2,"N: 92%, ADJ: 8%",59,,11,0.769,kbr (كبر) x7; ktb (كتب) x6; kwn (كون) x6; qwl (قول) x6; rbb (ربب) x5,True,12,high inter-cluster connectivity (12 clusters)
qsT,قسط,25,5,qisoT (قِسْط) x15; tuqosiTu (تُقْسِطُ) x3; muqosiTiyn (مُقْسِطِين) x3,"N: 88%, V: 12%",19,Household Law & Lineage,15,0.36,Alh (اله) x13; qwm (قوم) x10; kwn (كون) x9; Edl (عدل) x6; byn (بين) x6,True,21,high inter-cluster connectivity (21 clusters); in named cluster: Household Law & Lineage
rhn,رهن,3,3,riha`n (رِهَٰن) x1; rahiyn (رَهِين) x1; rahiynap (رَهِينَة) x1,N: 100%,406,,3,0.667,Amn (امن) x2; Eml (عمل) x2; kll (كلل) x2; ksb (كسب) x2,False,3,noun-only; rare (3 occ.)
ASr,اصر,3,1,<iSor (إِصْر) x3,N: 100%,8,Allegiance & the Object of Worship,3,0.333,nSr (نصر) x3; Alh (اله) x2; Ax* (اخذ) x2; Amn (امن) x2; ktb (كتب) x2,False,4,noun-only; rare (3 occ.); in named cluster: Allegiance & the Object of Worship
nqm,نقم,17,4,{ntaqamo (ٱنتَقَمْ) x6; {ntiqaAm (ٱنتِقَام) x4; naqamu (نَقَمُ) x4,"V: 59%, N: 41%",4,"Revelation, Speech & Disbelief",12,0.706,Alh (اله) x7; Ezz (عزز) x5; Amn (امن) x5; Ayy (ايي) x4; kwn (كون) x4,True,5,"bridge (5 clusters); in named cluster: Revelation, Speech & Disbelief"
zyg,زيغ,9,3,zaAga (زَاغَ) x6; >azaAga (أَزَاغَ) x2; zayog (زَيْغ) x1,"V: 89%, N: 11%",28,,7,0.333,qlb (قلب) x5; Alh (اله) x4; rbb (ربب) x3; bSr (بصر) x3; Elm (علم) x2,True,5,bridge (5 clusters)
rsx,رسخ,2,1,r~a`sixuwn (رَّٰسِخُون) x2,N: 100%,96,Dunya vs. Ākhirah,2,0.0,Alh (اله) x2; Amn (امن) x2; Axr (اخر) x2; Elm (علم) x2; nzl (نزل) x2,False,4,noun-only; rare (2 occ.); in named cluster: Dunya vs. Ākhirah
whb,وهب,25,2,wahaba (وَهَبَ) x22; wah~aAb (وَهَّاب) x3,"V: 88%, N: 8%",0,The Believers' Reward,12,0.84,rbb (ربب) x10; rHm (رحم) x6; jEl (جعل) x6; SlH (صلح) x5; *rr (ذرر) x4,True,10,high inter-cluster connectivity (10 clusters); in named cluster: The Believers' Reward
ldn,لدن,18,1,l~adun (لَّدُن) x18,"N: 94%, T: 6%",0,The Believers' Reward,10,0.667,qwl (قول) x6; rbb (ربب) x5; Aty (اتي) x5; kwn (كون) x4; rHm (رحم) x3,True,8,bridge (8 clusters); in named cluster: The Believers' Reward
dAb,داب,6,3,da>ob (دَأْب) x4; da>ab (دَأَب) x1; daA^}ibayon (دَا^ئِبَيْن) x1,N: 100%,4,"Revelation, Speech & Disbelief",5,0.5,*nb (ذنب) x3; Alh (اله) x3; Awl (اول) x3; Ayy (ايي) x3; qbl (قبل) x3,False,3,"noun-only; in named cluster: Revelation, Speech & Disbelief"
*nb,ذنب,39,2,*anb (ذَنب) x37; *anuwb (ذَنُوب) x2,N: 100%,4,"Revelation, Speech & Disbelief",26,0.564,Alh (اله) x19; gfr (غفر) x19; qwl (قول) x9; kwn (كون) x9; rbb (ربب) x8,True,24,"noun-only; high inter-cluster connectivity (24 clusters); in named cluster: Revelation, Speech & Disbelief"
Ebr,عبر,9,4,Eiborap (عِبْرَة) x6; EaAbiriY (عَابِرِى) x1; taEoburu (تَعْبُرُ) x1,"N: 78%, V: 22%",120,,8,0.556,Alh (اله) x4; Awl (اول) x4; kwn (كون) x4; bSr (بصر) x3; Amn (امن) x3,True,14,high inter-cluster connectivity (14 clusters)
$hw,شهو,13,3,{$otahato (ٱشْتَهَتْ) x8; $~ahawa`t (شَّهَوَٰت) x3; $ahowap (شَهْوَة) x2,"V: 62%, N: 38%",5,The Commanded Self,13,0.846,Alh (اله) x3; nsw (نسو) x3; nfs (نفس) x3; *hb (ذهب) x2; Hyy (حيي) x2,True,9,bridge (9 clusters); in named cluster: The Commanded Self
qnTr,قنطر,4,2,qinTaAr (قِنطَار) x3; muqanTarap (مُقَنطَرَة) x1,"N: 75%, ADJ: 25%",8,Allegiance & the Object of Worship,2,0.0,Alh (اله) x2,False,1,rare (4 occ.); in named cluster: Allegiance & the Object of Worship
fDD,فضض,9,2,fiD~ap (فِضَّة) x6; {nfaD~u (ٱنفَضُّ) x3,"N: 67%, V: 33%",199,,6,0.111,Alh (اله) x5; End (عند) x3; nws (نوس) x3; kwn (كون) x3; *hb (ذهب) x2,True,8,high Medinan concentration; bridge (8 clusters)
xyl,خيل,9,3,xayol (خَيْل) x5; muxotaAl (مُخْتَال) x3; yuxay~alu (يُخَيَّلُ) x1,"N: 67%, ADJ: 22%",307,,9,0.444,Alh (اله) x6; Hbb (حبب) x4; $yA (شيا) x3; fxr (فخر) x3; kll (كلل) x3,True,10,high inter-cluster connectivity (10 clusters)
Awb,اوب,17,4,ma_#aAb (مَـ#َاب) x9; >aw~aAb (أَوَّاب) x6; >aw~ibi (أَوِّبِ) x1,"N: 88%, V: 6%",0,The Believers' Reward,8,0.824,Hsn (حسن) x5; Ebd (عبد) x4; End (عند) x3; nEm (نعم) x3; Alh (اله) x2,True,11,high inter-cluster connectivity (11 clusters); in named cluster: The Believers' Reward
grr,غرر,27,3,gar~a (غَرَّ) x15; guruwr (غُرُور) x9; garuwr (غَرُور) x3,"V: 56%, N: 44%",96,Dunya vs. Ākhirah,14,0.63,Alh (اله) x10; qwl (قول) x8; Hyy (حيي) x8; dnw (دنو) x8; kwn (كون) x6,True,18,high inter-cluster connectivity (18 clusters); in named cluster: Dunya vs. Ākhirah
fry,فري,60,8,{fotaraY` (ٱفْتَرَىٰ) x50; {fotiraA^' (ٱفْتِرَا^ء) x2; mufotaruwn (مُفْتَرُون) x2,"V: 85%, N: 13%",4,"Revelation, Speech & Disbelief",24,0.883,Alh (اله) x38; qwl (قول) x26; kwn (كون) x22; k*b (كذب) x22; Zlm (ظلم) x11,True,22,"high Meccan concentration; high inter-cluster connectivity (22 clusters); in named cluster: Revelation, Speech & Disbelief"
nzE,نزع,20,5,nazaEa (نَزَعَ) x10; tana`zaEu (تَنَٰزَعُ) x7; yuna`ziEu (يُنَٰزِعُ) x1,"V: 90%, N: 10%",291,,16,0.7,Alh (اله) x8; Amr (امر) x6; kll (كلل) x4; qwl (قول) x4; ydy (يدي) x3,True,15,high inter-cluster connectivity (15 clusters)
wlj,ولج,14,3,yuwliju (يُولِجُ) x10; yalija (يَلِجَ) x3; waliyjap (وَلِيجَة) x1,"V: 93%, N: 7%",24,,8,0.429,lyl (ليل) x5; nhr (نهر) x5; smw (سمو) x5; Alh (اله) x5; Elm (علم) x4,True,12,high inter-cluster connectivity (12 clusters)
Sdr,صدر,46,3,Sador (صَدْر) x44; yuSodira (يُصْدِرَ) x1; yaSoduru (يَصْدُرُ) x1,"N: 96%, V: 4%",14,,31,0.674,Alh (اله) x20; Elm (علم) x19; qwl (قول) x13; Amn (امن) x10; kwn (كون) x9,True,29,high inter-cluster connectivity (29 clusters)
Amd,امد,4,1,>amad (أَمَد) x4,N: 100%,8,Allegiance & the Object of Worship,4,0.5,Alh (اله) x2,False,1,noun-only; rare (4 occ.); in named cluster: Allegiance & the Object of Worship
wDE,وضع,26,4,waDaEa (وَضَعَ) x21; m~awaADiE (مَّوَاضِع) x3; >awoDaEu (أَوْضَعُ) x1,"V: 85%, N: 12%",156,,18,0.346,Alh (اله) x12; Elm (علم) x7; qwl (قول) x6; Hml (حمل) x6; kwn (كون) x5,True,28,high inter-cluster connectivity (28 clusters)
rjm,رجم,14,5,rajiym (رَجِيم) x6; rajamo (رَجَمْ) x5; rajom (رَجْم) x1,"V: 36%, N: 36%",9,,12,0.929,qwl (قول) x9; $Tn (شطن) x5; Alh (اله) x3; Ew* (عوذ) x3; rbb (ربب) x3,True,7,high Meccan concentration; bridge (7 clusters)
kfl,كفل,10,5,kifol (كِفْل) x4; yakofulu (يَكْفُلُ) x3; kaf~ala (كَفَّلَ) x1,"V: 50%, N: 50%",282,,8,0.6,Alh (اله) x4; kll (كلل) x4; qwl (قول) x4; $yA (شيا) x2; Hsn (حسن) x2,True,8,bridge (8 clusters)
glm,غلم,13,1,gula`m (غُلَٰم) x13,N: 100%,84,,8,0.923,qwl (قول) x8; b$r (بشر) x6; kwn (كون) x5; rbb (ربب) x4; Any (اني) x3,True,9,noun-only; high Meccan concentration; bridge (9 clusters)
Eqr,عقر,8,2,Eaqara (عَقَرَ) x5; EaAqir (عَاقِر) x3,"V: 62%, N: 38%",84,,7,0.875,kwn (كون) x4; qwl (قول) x4; rbb (ربب) x4; mrA (مرا) x3; Any (اني) x2,True,5,high Meccan concentration; bridge (5 clusters)
rmz,رمز,1,1,ramoz (رَمْز) x1,N: 100%,541,,1,0.0,,False,0,noun-only; single occurrence; confined to 1 surah
E$w,عشو,14,4,Ea$iY~ (عَشِىّ) x10; Ei$aA^' (عِشَا^ء) x2; yaEo$u (يَعْشُ) x1,"N: 79%, T: 14%",67,,11,0.857,bkr (بكر) x4; rbb (ربب) x4; sbH (سبح) x4; *kr (ذكر) x3; ywm (يوم) x3,True,10,high Meccan concentration; high inter-cluster connectivity (10 clusters)
wHy,وحي,78,2,>awoHaY`^ (أَوْحَىٰ^) x72; waHoY (وَحْى) x6,"V: 92%, N: 8%",4,"Revelation, Speech & Disbelief",33,0.885,kwn (كون) x22; qwl (قول) x21; Alh (اله) x21; rbb (ربب) x17; qwm (قوم) x12,True,30,"high Meccan concentration; high inter-cluster connectivity (30 clusters); in named cluster: Revelation, Speech & Disbelief"
qlm,قلم,4,1,qalam (قَلَم) x4,N: 100%,505,,4,0.75,,False,0,noun-only; rare (4 occ.)
khl,كهل,2,1,kahol (كَهْل) x2,N: 100%,398,,2,0.0,klm (كلم) x2; mhd (مهد) x2; nws (نوس) x2,False,2,noun-only; rare (2 occ.)
Tyn,طين,12,1,Tiyn (طِين) x12,N: 100%,209,,11,0.833,xlq (خلق) x10; qwl (قول) x6; Alh (اله) x3; A*n (اذن) x2; Tyr (طير) x2,True,11,noun-only; high inter-cluster connectivity (11 clusters)
hyA,هيا,4,2,hayo_#ap (هَيْـ#َة) x2; yuhay~i}o (يُهَيِّئْ) x2,"N: 50%, V: 50%",209,,3,0.5,Alh (اله) x3; rbb (ربب) x3; A*n (اذن) x2; Tyn (طين) x2; Tyr (طير) x2,True,8,rare (4 occ.); bridge (8 clusters)
nfx,نفخ,20,2,nafaxa (نَفَخَ) x19; nafoxap (نَفْخَة) x1,"V: 95%, N: 5%",209,,17,0.85,Swr (صور) x10; rwH (روح) x6; ywm (يوم) x5; Alh (اله) x4; bny (بني) x4,True,16,high Meccan concentration; high inter-cluster connectivity (16 clusters)
kmh,كمه,2,1,>akomah (أَكْمَه) x2,N: 100%,209,,2,0.0,A*n (اذن) x2; Alh (اله) x2; Tyn (طين) x2; Tyr (طير) x2; bny (بني) x2,True,7,noun-only; rare (2 occ.); bridge (7 clusters)
brS,برص,2,1,>aboraS (أَبْرَص) x2,N: 100%,209,,2,0.0,A*n (اذن) x2; Alh (اله) x2; Tyn (طين) x2; Tyr (طير) x2; bny (بني) x2,True,7,noun-only; rare (2 occ.); bridge (7 clusters)
*xr,ذخر,1,1,tad~axiru (تَدَّخِرُ) x1,V: 100%,63,,1,0.0,,False,0,verb-only; single occurrence; confined to 1 surah
Hss,حسس,6,4,>aHas~a (أَحَسَّ) x3; taHus~u (تَحُسُّ) x1; taHas~asu (تَحَسَّسُ) x1,"V: 83%, N: 17%",191,,4,0.667,Alh (اله) x3; Amn (امن) x2; kfr (كفر) x2; smE (سمع) x2,False,4,
Hwr,حور,13,5,HawaAriy~uwn (حَوَارِيُّون) x5; Huwr (حُور) x4; yuHaAwiru (يُحَاوِرُ) x2,"N: 77%, V: 23%",153,,10,0.462,qwl (قول) x7; Alh (اله) x4; Amn (امن) x4; kfr (كفر) x3; kwn (كون) x3,True,7,bridge (7 clusters)
mkr,مكر,43,3,makara (مَكَرَ) x22; makor (مَكْر) x19; ma`kiriyn (مَٰكِرِين) x2,"V: 51%, N: 49%",4,"Revelation, Speech & Disbelief",14,0.767,Alh (اله) x16; kwn (كون) x8; E*b (عذب) x6; qwl (قول) x6; kbr (كبر) x5,True,15,"high inter-cluster connectivity (15 clusters); in named cluster: Revelation, Speech & Disbelief"
bhl,بهل,1,1,nabotahilo (نَبْتَهِلْ) x1,V: 100%,251,,1,0.0,,False,0,verb-only; single occurrence; confined to 1 surah
dnr,دنر,1,1,diynaAr (دِينَار) x1,N: 100%,285,,1,0.0,,False,0,noun-only; single occurrence; confined to 1 surah
dwm,دوم,9,2,daAmu (دَامُ) x7; daA^}im (دَا^ئِم) x2,"V: 78%, N: 22%",0,The Believers' Reward,6,0.444,rbb (ربب) x4; Alh (اله) x3; qwl (قول) x3; $yA (شيا) x3; wqy (وقي) x2,True,7,bridge (7 clusters); in named cluster: The Believers' Reward
lwy,لوي,5,3,yalo (يَلْ) x3; lay~ (لَيّ) x1; law~a (لَوَّ) x1,"V: 80%, N: 20%",4,"Revelation, Speech & Disbelief",3,0.0,Alh (اله) x5; qwl (قول) x3; lsn (لسن) x2; Eml (عمل) x2; rsl (رسل) x2,False,4,"rare (5 occ.); high Medinan concentration; in named cluster: Revelation, Speech & Disbelief"
lsn,لسن,25,1,lisaAn (لِسَان) x25,N: 100%,4,"Revelation, Speech & Disbelief",18,0.68,Alh (اله) x8; qwl (قول) x6; kwn (كون) x6; Elm (علم) x4; k*b (كذب) x4,True,15,"noun-only; high inter-cluster connectivity (15 clusters); in named cluster: Revelation, Speech & Disbelief"
drs,درس,6,2,darasu (دَرَسُ) x5; diraAsat (دِرَاسَت) x1,"V: 83%, N: 17%",4,"Revelation, Speech & Disbelief",5,0.833,ktb (كتب) x5; qwl (قول) x4; Aty (اتي) x3; Alh (اله) x2; Elm (علم) x2,False,2,"in named cluster: Revelation, Speech & Disbelief"
brk,برك,32,5,tabaAraka (تَبَارَكَ) x9; mubaArak (مُبَارَك) x8; ba`raka (بَٰرَكَ) x8,"V: 53%, N: 38%",4,"Revelation, Speech & Disbelief",22,0.875,Elm (علم) x10; nzl (نزل) x8; Alh (اله) x8; ArD (ارض) x8; smw (سمو) x8,True,21,"high Meccan concentration; high inter-cluster connectivity (21 clusters); in named cluster: Revelation, Speech & Disbelief"
Ewj,عوج,9,1,Eiwaj (عِوَج) x9,N: 100%,66,Jihād fī Sabīl Allāh,7,0.889,Alh (اله) x6; Sdd (صدد) x5; bgy (بغي) x5; sbl (سبل) x5; Axr (اخر) x3,True,7,noun-only; high Meccan concentration; bridge (7 clusters); in named cluster: Jihād fī Sabīl Allāh
ESm,عصم,13,5,{EotaSamu (ٱعْتَصَمُ) x5; yaEoSimu (يَعْصِمُ) x3; EaASim (عَاصِم) x3,"V: 69%, N: 31%",8,Allegiance & the Object of Worship,10,0.385,Alh (اله) x11; hdy (هدي) x5; qwm (قوم) x4; kwn (كون) x4; kfr (كفر) x3,True,10,high inter-cluster connectivity (10 clusters); in named cluster: Allegiance & the Object of Worship
Hbl,حبل,7,1,Habol (حَبْل) x7,N: 100%,73,,5,0.571,Alh (اله) x2; Ayy (ايي) x2; Edw (عدو) x2; kwn (كون) x2; ESw (عصو) x2,False,4,noun-only
SbH,صبح,45,7,>aSobaHa (أَصْبَحَ) x28; SuboH (صُبْح) x5; muSobiHiyn (مُصْبِحِين) x5,"V: 64%, N: 33%",95,,25,0.756,Alh (اله) x10; qwl (قول) x10; kwn (كون) x6; dwr (دور) x6; Ax* (اخذ) x6,True,20,high inter-cluster connectivity (20 clusters)
$fw,شفو,2,1,$afaA (شَفَا) x2,N: 100%,8,Allegiance & the Object of Worship,2,0.0,Alh (اله) x2; hdy (هدي) x2; nwr (نور) x2,False,2,noun-only; rare (2 occ.); in named cluster: Allegiance & the Object of Worship
Hfr,حفر,2,2,Huforap (حُفْرَة) x1; HaAfirap (حَافِرَة) x1,N: 100%,171,,2,0.5,,False,0,noun-only; rare (2 occ.)
nq*,نقذ,5,2,>anqa*a (أَنقَذَ) x4; yasotanqi*u (يَسْتَنقِذُ) x1,V: 100%,8,Allegiance & the Object of Worship,4,0.6,Alh (اله) x3; $yA (شيا) x3; jmE (جمع) x2; nwr (نور) x2; dwn (دون) x2,False,4,verb-only; rare (5 occ.); in named cluster: Allegiance & the Object of Worship
nkr,نكر,37,11,munkar (مُنكَر) x18; nakiyr (نَكِير) x4; munkiruwn (مُنكِرُون) x3,"N: 76%, V: 14%",5,The Commanded Self,26,0.622,Alh (اله) x17; Amr (امر) x13; Erf (عرف) x13; nhy (نهي) x12; kwn (كون) x10,True,15,high inter-cluster connectivity (15 clusters); in named cluster: The Commanded Self
*wq,ذوق,63,4,*aAqu (ذَاقُ) x36; >a*aAqa (أَذَاقَ) x22; *aA^}iqap (ذَا^ئِقَة) x3,"V: 92%, N: 8%",62,The Prepared Fire,32,0.762,E*b (عذب) x36; kwn (كون) x20; qwl (قول) x17; kfr (كفر) x16; ywm (يوم) x11,True,28,high inter-cluster connectivity (28 clusters); in named cluster: The Prepared Fire
dbr,دبر,44,8,dubur (دُبُر) x18; mudobir (مُدْبِر) x8; yatadab~aru (يَتَدَبَّرُ) x4,"N: 73%, V: 27%",273,,31,0.636,wly (ولي) x17; Alh (اله) x13; Amr (امر) x8; kwn (كون) x7; ArD (ارض) x5,True,27,high inter-cluster connectivity (27 clusters)
Srr,صرر,6,3,>aSar~u (أَصَرُّ) x4; Sir~ (صِرّ) x1; Sar~ap (صَرَّة) x1,"V: 67%, N: 33%",59,,5,0.667,Alh (اله) x3; Zlm (ظلم) x2; nfs (نفس) x2; gfr (غفر) x2; kbr (كبر) x2,True,5,bridge (5 clusters)
xbl,خبل,2,1,xabaAl (خَبَال) x2,N: 100%,637,,2,0.0,,False,0,noun-only; rare (2 occ.)
bgD,بغض,5,1,bagoDaA^' (بَغْضَا^ء) x5,N: 100%,229,,3,0.0,byn (بين) x5; Alh (اله) x4; Edw (عدو) x4; kwn (كون) x3; qwl (قول) x3,True,10,noun-only; rare (5 occ.); high Medinan concentration; high inter-cluster connectivity (10 clusters)
fwh,فوه,13,2,>afowa`h (أَفْوَٰه) x12; faA (فَا) x1,N: 100%,71,,10,0.231,Alh (اله) x8; kfr (كفر) x7; qwl (قول) x7; Elm (علم) x4; qlb (قلب) x4,True,13,noun-only; high inter-cluster connectivity (13 clusters)
EDD,عضض,2,1,EaD~u (عَضُّ) x2,V: 100%,4,"Revelation, Speech & Disbelief",2,0.5,qwl (قول) x2,False,1,"verb-only; rare (2 occ.); in named cluster: Revelation, Speech & Disbelief"
nml,نمل,4,3,n~amol (نَّمْل) x2; >anaAmil (أَنَامِل) x1; namolap (نَمْلَة) x1,N: 100%,4,"Revelation, Speech & Disbelief",2,0.75,qwl (قول) x2,False,1,"noun-only; rare (4 occ.); in named cluster: Revelation, Speech & Disbelief"
gyZ,غيظ,11,4,gayoZ (غَيْظ) x6; yagiyZu (يَغِيظُ) x3; tagay~uZ (تَغَيُّظ) x1,"N: 73%, V: 27%",332,,8,0.273,Alh (اله) x7; kwn (كون) x4; Amn (امن) x3; kfr (كفر) x3; Elm (علم) x2,True,10,high inter-cluster connectivity (10 clusters)
frH,فرح,22,2,fariHa (فَرِحَ) x16; fariH (فَرِح) x6,"V: 73%, N: 27%",307,,13,0.636,Alh (اله) x11; Aty (اتي) x7; qwl (قول) x7; kwn (كون) x6; swA (سوا) x5,True,17,high inter-cluster connectivity (17 clusters)
kyd,كيد,35,3,kayod (كَيْد) x26; kiydu (كِيدُ) x8; makiyduwn (مَكِيدُون) x1,"N: 77%, V: 23%",411,,16,0.886,Alh (اله) x8; qwl (قول) x6; kwn (كون) x5; kfr (كفر) x4; Elm (علم) x4,True,19,high Meccan concentration; high inter-cluster connectivity (19 clusters)
gdw,غدو,16,5,guduw~ (غُدُوّ) x5; gad (غَد) x5; gada (غَدَ) x3,"N: 81%, V: 19%",67,,13,0.75,Alh (اله) x5; kwn (كون) x4; rbb (ربب) x4; nfs (نفس) x4; Elm (علم) x3,True,15,high inter-cluster connectivity (15 clusters)
hmm,همم,9,2,ham~a (هَمَّ) x8; >aham~ato (أَهَمَّتْ) x1,V: 100%,151,,6,0.333,Alh (اله) x6; kwn (كون) x5; Amn (امن) x4; Twf (طوف) x3; Hqq (حقق) x3,True,8,verb-only; bridge (8 clusters)
f$l,فشل,4,1,fa$ilo (فَشِلْ) x4,V: 100%,291,,2,0.0,Alh (اله) x4; nzE (نزع) x3; Amn (امن) x2; Amr (امر) x2; rAy (راي) x2,True,5,verb-only; rare (4 occ.); bridge (5 clusters)
wkl,وكل,70,4,tawak~alo (تَوَكَّلْ) x40; wakiyl (وَكِيل) x24; mutawak~iluwn (مُتَوَكِّلُون) x4,"V: 60%, N: 40%",8,Allegiance & the Object of Worship,29,0.629,Alh (اله) x45; qwl (قول) x23; rbb (ربب) x20; Amn (امن) x17; $yA (شيا) x14,True,27,high inter-cluster connectivity (27 clusters); in named cluster: Allegiance & the Object of Worship
fwr,فور,4,2,faAra (فَارَ) x3; fawor (فَوْر) x1,"V: 75%, N: 25%",19,Household Law & Lineage,4,0.75,Ahl (اهل) x2; Amr (امر) x2; jyA (جيا) x2; kll (كلل) x2; qwl (قول) x2,False,4,rare (4 occ.); in named cluster: Household Law & Lineage
xms,خمس,8,4,xamosap (خَمْسَة) x3; xa`misap (خَٰمِسَة) x2; xamosiyn (خَمْسِين) x2,N: 100%,19,Household Law & Lineage,7,0.375,kwn (كون) x5; Alh (اله) x4; Alf (الف) x3; Elm (علم) x3; ywm (يوم) x3,True,5,noun-only; bridge (5 clusters); in named cluster: Household Law & Lineage
Trf,طرف,11,2,Tarof (طَرْف) x6; Taraf (طَرَف) x5,N: 100%,234,,11,0.727,rAy (راي) x4; Aty (اتي) x3; qbl (قبل) x3; qwl (قول) x3; End (عند) x3,True,9,noun-only; bridge (9 clusters)
kbt,كبت,3,1,kubita (كُبِتَ) x3,V: 100%,62,The Prepared Fire,2,0.0,kfr (كفر) x2,False,1,verb-only; rare (3 occ.); in named cluster: The Prepared Fire
xyb,خيب,5,2,xaAba (خَابَ) x4; xaA^}ibiyn (خَا^ئِبِين) x1,"V: 80%, N: 20%",649,,4,0.8,,False,0,rare (5 occ.)
kZm,كظم,6,3,kaZiym (كَظِيم) x3; ka`Zimiyn (كَٰظِمِين) x2; makoZuwm (مَكْظُوم) x1,N: 100%,107,,6,0.833,AHd (احد) x2; Zll (ظلل) x2; b$r (بشر) x2; swd (سود) x2; wjh (وجه) x2,False,4,noun-only
snn,سنن,21,3,sun~ap (سُنَّة) x16; m~asonuwn (مَّسْنُون) x3; s~in~ (سِّنّ) x2,N: 100%,176,,11,0.524,qbl (قبل) x7; Alh (اله) x7; xlw (خلو) x6; kwn (كون) x4; Awl (اول) x4,True,9,noun-only; bridge (9 clusters)
syr,سير,27,5,saAra (سَارَ) x16; suy~irato (سُيِّرَتْ) x5; say~aArap (سَيَّارَة) x3,"V: 78%, N: 22%",4,"Revelation, Speech & Disbelief",21,0.815,ArD (ارض) x15; kwn (كون) x15; kyf (كيف) x12; nZr (نظر) x12; Eqb (عقب) x11,True,16,"high inter-cluster connectivity (16 clusters); in named cluster: Revelation, Speech & Disbelief"
whn,وهن,9,4,wahana (وَهَنَ) x5; wahon (وَهْن) x2; muwhin (مُوهِن) x1,"V: 56%, N: 44%",131,,7,0.444,Alh (اله) x5; kwn (كون) x4; Elw (علو) x2; rbb (ربب) x2; Elm (علم) x2,False,3,
qrH,قرح,3,1,qaroH (قَرْح) x3,N: 100%,8,Allegiance & the Object of Worship,1,0.0,Alh (اله) x2,False,1,noun-only; rare (3 occ.); in named cluster: Allegiance & the Object of Worship; confined to 1 surah
dwl,دول,2,2,nudaAwilu (نُدَاوِلُ) x1; duwlap (دُولَة) x1,"V: 50%, N: 50%",95,,2,0.0,Alh (اله) x2; Ax* (اخذ) x2; byn (بين) x2,False,3,rare (2 occ.)
mHS,محص,2,1,yumaH~iSa (يُمَحِّصَ) x2,V: 100%,0,The Believers' Reward,1,0.0,Alh (اله) x2; Amn (امن) x2,False,2,verb-only; rare (2 occ.); in named cluster: The Believers' Reward; confined to 1 surah
kyn,كين,2,1,{sotakaAnu (ٱسْتَكَانُ) x2,V: 100%,4,"Revelation, Speech & Disbelief",2,0.5,rbb (ربب) x2,False,1,"verb-only; rare (2 occ.); in named cluster: Revelation, Speech & Disbelief"
srf,سرف,23,3,musorif (مُسْرِف) x15; >asorafa (أَسْرَفَ) x6; <isoraAf (إِسْرَاف) x2,"N: 61%, V: 26%",4,"Revelation, Speech & Disbelief",17,0.87,kwn (كون) x8; qwm (قوم) x7; Alh (اله) x6; qwl (قول) x5; rbb (ربب) x4,True,13,"high Meccan concentration; high inter-cluster connectivity (13 clusters); in named cluster: Revelation, Speech & Disbelief"
rEb,رعب,5,1,ruEob (رُعْب) x5,N: 100%,492,,5,0.2,qlb (قلب) x5; kfr (كفر) x3; Alh (اله) x2; lqy (لقي) x2; nzl (نزل) x2,True,8,noun-only; rare (5 occ.); bridge (8 clusters)
slT,سلط,39,2,suloTa`n (سُلْطَٰن) x37; sal~aTa (سَلَّطَ) x2,"N: 95%, V: 5%",4,"Revelation, Speech & Disbelief",27,0.795,Alh (اله) x20; byn (بين) x14; nzl (نزل) x9; Aty (اتي) x9; qwl (قول) x9,True,22,"high inter-cluster connectivity (22 clusters); in named cluster: Revelation, Speech & Disbelief"
Awy,اوي,36,3,ma>owaY` (مَأْوَىٰ) x22; 'aAwaY`^ (ءَاوَىٰ^) x9; >awaY (أَوَى) x5,"N: 61%, V: 39%",94,,23,0.528,Alh (اله) x14; qwl (قول) x11; bAs (باس) x10; nwr (نور) x8; kwn (كون) x8,True,27,high inter-cluster connectivity (27 clusters)
vwy,ثوي,14,2,mavowFY (مَثْوًى) x13; vaAwiy (ثَاوِي) x1,N: 100%,0,The Believers' Reward,10,0.786,Alh (اله) x9; Zlm (ظلم) x4; bAs (باس) x4; kfr (كفر) x4; nwr (نور) x4,True,10,noun-only; high inter-cluster connectivity (10 clusters); in named cluster: The Believers' Reward
SEd,صعد,9,6,SaEiyd (صَعِيد) x4; tuSoEidu (تُصْعِدُ) x1; yaS~aE~adu (يَصَّعَّدُ) x1,"N: 56%, V: 33%",17,Bodily Purity & Prayer,8,0.667,Alh (اله) x5; AHd (احد) x3; Amn (امن) x3; Tyb (طيب) x3; kwn (كون) x3,True,9,bridge (9 clusters); in named cluster: Bodily Purity & Prayer
fwt,فوت,5,3,faAta (فَاتَ) x3; fawot (فَوْت) x1; tafa`wut (تَفَٰوُت) x1,"V: 60%, N: 40%",75,Witnessing the Visible Sign,5,0.4,Alh (اله) x3; rAy (راي) x2; Aty (اتي) x2,False,3,rare (5 occ.); in named cluster: Witnessing the Visible Sign
nEs,نعس,2,1,n~uEaAs (نُّعَاس) x2,N: 100%,318,,2,0.0,Amn (امن) x2; g$w (غشو) x2; nzl (نزل) x2; qlb (قلب) x2,False,4,noun-only; rare (2 occ.)
DjE,ضجع,3,1,maDaAjiE (مَضَاجِع) x3,N: 100%,66,Jihād fī Sabīl Allāh,3,0.333,Alh (اله) x2; kwn (كون) x2; nfq (نفق) x2; xwf (خوف) x2,False,4,noun-only; rare (3 occ.); in named cluster: Jihād fī Sabīl Allāh
gzw,غزو,1,1,guz~FY (غُزًّى) x1,N: 100%,334,,1,0.0,,False,0,noun-only; single occurrence; confined to 1 surah
lyn,لين,5,4,lin (لِن) x2; l~ay~in (لَّيِّن) x1; >ala (أَلَ) x1,"V: 60%, ADJ: 20%",4,"Revelation, Speech & Disbelief",5,0.6,Alh (اله) x3; qlb (قلب) x2; *kr (ذكر) x2; x$y (خشي) x2,False,4,"rare (5 occ.); in named cluster: Revelation, Speech & Disbelief"
fZZ,فظظ,1,1,faZ~ (فَظّ) x1,N: 100%,296,,1,0.0,,False,0,noun-only; single occurrence; confined to 1 surah
glZ,غلظ,13,4,galiyZ (غَلِيظ) x9; {goluZo (ٱغْلُظْ) x2; giloZap (غِلْظَة) x1,"ADJ: 62%, V: 23%",94,,10,0.308,kfr (كفر) x5; Alh (اله) x4; rHm (رحم) x4; nbA (نبا) x4; Amn (امن) x4,True,11,high inter-cluster connectivity (11 clusters)
x*l,خذل,3,3,yaxo*ulo (يَخْذُلْ) x1; m~axo*uwl (مَّخْذُول) x1; xa*uwl (خَذُول) x1,"V: 33%, N: 33%",4,"Revelation, Speech & Disbelief",3,0.667,Alh (اله) x2; bEd (بعد) x2,False,2,"rare (3 occ.); in named cluster: Revelation, Speech & Disbelief"
gll,غلل,16,3,gil~ (غِلّ) x9; gal~a (غَلَّ) x5; magoluwlap (مَغْلُولَة) x2,"N: 69%, V: 31%",137,,12,0.5,kwn (كون) x5; qwl (قول) x5; Enq (عنق) x5; kfr (كفر) x4; rbb (ربب) x4,True,14,high inter-cluster connectivity (14 clusters)
sxT,سخط,4,3,saxiTa (سَخِطَ) x2; saxaT (سَخَط) x1; >asoxaTa (أَسْخَطَ) x1,"V: 75%, N: 25%",0,The Believers' Reward,4,0.0,Alh (اله) x3; rDw (رضو) x3; bAs (باس) x2; tbE (تبع) x2,False,4,rare (4 occ.); in named cluster: The Believers' Reward
lHq,لحق,6,2,>aloHaqo (أَلْحَقْ) x4; yaloHaqu (يَلْحَقُ) x2,V: 100%,4,"Revelation, Speech & Disbelief",6,0.667,Hkm (حكم) x3; Alh (اله) x2; Aty (اتي) x2; Axr (اخر) x2; SlH (صلح) x2,False,4,"verb-only; in named cluster: Revelation, Speech & Disbelief"
HZZ,حظظ,7,1,HaZ~ (حَظّ) x7,N: 100%,19,Household Law & Lineage,5,0.286,Alh (اله) x5; *kr (ذكر) x4; EZm (عظم) x3; kwn (كون) x3; mvl (مثل) x3,True,10,noun-only; high inter-cluster connectivity (10 clusters); in named cluster: Household Law & Lineage
mlw,ملو,10,2,>amolaY` (أَمْلَىٰ) x9; maliy~ (مَلِيّ) x1,"V: 90%, N: 10%",411,,8,0.4,kfr (كفر) x3; Ax* (اخذ) x3; kyd (كيد) x2; mtn (متن) x2; kwn (كون) x2,False,4,
myz,ميز,4,3,yamiyza (يَمِيزَ) x2; {mota`zu (ٱمْتَٰزُ) x1; tamay~azu (تَمَيَّزُ) x1,V: 100%,17,Bodily Purity & Prayer,4,0.5,Alh (اله) x2; Tyb (طيب) x2; xbv (خبث) x2,False,2,verb-only; rare (4 occ.); in named cluster: Bodily Purity & Prayer
TlE,طلع,19,8,T~alaEa (طَّلَعَ) x7; TaloE (طَلْع) x4; TalaEat (طَلَعَت) x2,"V: 53%, N: 47%",23,,13,0.895,Alh (اله) x5; $ms (شمس) x4; qwl (قول) x4; jEl (جعل) x3; nxl (نخل) x3,True,16,high Meccan concentration; high inter-cluster connectivity (16 clusters)
jby,جبي,12,3,{jotabaY` (ٱجْتَبَىٰ) x10; yujobaY`^ (يُجْبَىٰ^) x1; jawaAb2 (جَوَاب2) x1,"V: 92%, N: 8%",8,Allegiance & the Object of Worship,12,0.833,hdy (هدي) x7; qwm (قوم) x5; $yA (شيا) x4; Alh (اله) x4; rbb (ربب) x4,True,10,high inter-cluster connectivity (10 clusters); in named cluster: Allegiance & the Object of Worship
bxl,بخل,12,2,baxila (بَخِلَ) x10; buxol (بُخْل) x2,"V: 83%, N: 17%",82,,6,0.083,Alh (اله) x4; Aty (اتي) x3; fDl (فضل) x3; wly (ولي) x3; gny (غني) x3,True,5,high Medinan concentration; bridge (5 clusters)
zbr,زبر,11,3,zubur (زُبُر) x7; zabuwr (زَبُور) x3; zubar (زُبَر) x1,"N: 73%, PN: 27%",4,"Revelation, Speech & Disbelief",10,0.818,byn (بين) x5; ktb (كتب) x3; nwr (نور) x3; Aty (اتي) x3; jyA (جيا) x2,True,5,"bridge (5 clusters); in named cluster: Revelation, Speech & Disbelief"
fwz,فوز,29,5,fawoz (فَوْز) x19; faA^}izuwn (فَا^ئِزُون) x4; faAza (فَازَ) x3,"N: 90%, V: 10%",0,The Believers' Reward,21,0.345,EZm (عظم) x17; Alh (اله) x14; jnn (جنن) x13; jry (جري) x10; nhr (نهر) x10,True,14,high inter-cluster connectivity (14 clusters); in named cluster: The Believers' Reward
jnb,جنب,33,7,{jotanabu (ٱجْتَنَبُ) x9; jaAnib (جَانِب) x9; janb (جَنب) x8,"N: 58%, V: 36%",17,Bodily Purity & Prayer,21,0.606,Alh (اله) x11; kwn (كون) x11; Amn (امن) x7; rbb (ربب) x6; qwl (قول) x6,True,20,high inter-cluster connectivity (20 clusters); in named cluster: Bodily Purity & Prayer
rbT,ربط,5,3,r~abaTo (رَّبَطْ) x3; raAbiTu (رَابِطُ) x1; r~ibaAT (رِّبَاط) x1,"V: 80%, N: 20%",28,,4,0.4,Alh (اله) x3; Amn (امن) x3; qlb (قلب) x3; smw (سمو) x2; dwn (دون) x2,False,4,rare (5 occ.)
Hwb,حوب,1,1,Huwb (حُوب) x1,N: 100%,194,,1,0.0,,False,0,noun-only; single occurrence; confined to 1 surah
Ewl,عول,1,1,taEuwlu (تَعُولُ) x1,V: 100%,149,,1,0.0,,False,0,verb-only; single occurrence; confined to 1 surah
nHl,نحل,2,2,niHolap (نِحْلَة) x1; n~aHol (نَّحْل) x1,N: 100%,458,,2,0.5,,False,0,noun-only; rare (2 occ.)
hnA,هنا,4,1,haniy^_# (هَنِي^ـ#) x4,"ADJ: 50%, N: 50%",31,,4,0.75,Akl (اكل) x4; $rb (شرب) x3; Eml (عمل) x2; kwn (كون) x2,False,4,rare (4 occ.)
bdr,بدر,1,1,bidaAr (بِدَار) x1,N: 100%,249,,1,0.0,,False,0,noun-only; single occurrence; confined to 1 surah
qsm,قسم,33,10,>aqosamu (أَقْسَمُ) x20; qisomap (قِسْمَة) x3; qasamo (قَسَمْ) x2,"V: 76%, N: 24%",90,Sin–Mercy Economy,24,0.788,Alh (اله) x10; qwl (قول) x6; jhd (جهد) x5; ymn (يمن) x5; ywm (يوم) x4,True,14,high inter-cluster connectivity (14 clusters); in named cluster: Sin–Mercy Economy
sdd,سدد,6,2,sad~ (سَدّ) x4; sadiyd (سَدِيد) x2,"N: 67%, ADJ: 33%",4,"Revelation, Speech & Disbelief",4,0.667,qwl (قول) x4; byn (بين) x3; Alh (اله) x2; wqy (وقي) x2; xlf (خلف) x2,False,4,"in named cluster: Revelation, Speech & Disbelief"
Sly,صلي,25,8,yaSolaY (يَصْلَى) x13; >uSoliy (أُصْلِي) x4; taSoTalu (تَصْطَلُ) x2,"V: 80%, N: 20%",214,,21,0.8,nwr (نور) x9; kwn (كون) x5; jHm (جحم) x4; Alh (اله) x3; bAs (باس) x3,True,10,high inter-cluster connectivity (10 clusters)
sEr,سعر,19,3,saEiyr (سَعِير) x16; suEur (سُعُر) x2; suE~irato (سُعِّرَتْ) x1,"N: 95%, V: 5%",62,The Prepared Fire,15,0.684,Alh (اله) x4; Dll (ضلل) x4; E*b (عذب) x4; Etd (عتد) x4; $Tn (شطن) x3,True,8,bridge (8 clusters); in named cluster: The Prepared Fire
sds,سدس,5,2,s~udus (سُّدُس) x3; saAdis (سَادِس) x2,N: 100%,19,Household Law & Lineage,3,0.2,Elm (علم) x4; vlv (ثلث) x4; Alh (اله) x3; kll (كلل) x3; kwn (كون) x3,True,5,noun-only; rare (5 occ.); bridge (5 clusters); in named cluster: Household Law & Lineage
dry,دري,29,2,>adoraY` (أَدْرَىٰ) x17; tadoriY (تَدْرِى) x12,V: 100%,4,"Revelation, Speech & Disbelief",21,0.897,Alh (اله) x7; qwl (قول) x6; qrb (قرب) x5; kwn (كون) x4; swE (سوع) x4,True,9,"verb-only; high Meccan concentration; bridge (9 clusters); in named cluster: Revelation, Speech & Disbelief"
Etd,عتد,16,2,>aEotadato (أَعْتَدَتْ) x14; Eatiyd (عَتِيد) x2,"V: 88%, ADJ: 6%",62,The Prepared Fire,10,0.562,kfr (كفر) x8; E*b (عذب) x7; qwl (قول) x5; Alm (الم) x4; Alh (اله) x4,True,7,bridge (7 clusters); in named cluster: The Prepared Fire
fDw,فضو,1,1,>afoDaY` (أَفْضَىٰ) x1,V: 100%,293,,1,0.0,,False,0,verb-only; single occurrence; confined to 1 surah
mqt,مقت,6,1,maqot (مَقْت) x6,N: 100%,59,,4,0.667,End (عند) x3; Alh (اله) x3; kbr (كبر) x3; kfr (كفر) x2; Amn (امن) x2,False,4,noun-only
Emm,عمم,5,2,Eam~a`t (عَمَّٰت) x3; Eam~ (عَمّ) x2,N: 100%,133,,3,0.0,Alh (اله) x3; xwl (خول) x3; Amm (امم) x2; Axw (اخو) x2; Hll (حلل) x2,True,10,noun-only; rare (5 occ.); high Medinan concentration; high inter-cluster connectivity (10 clusters)
xwl,خول,8,3,xa`la`t (خَٰلَٰت) x3; xaw~ala (خَوَّلَ) x3; xaAl (خَال) x2,"N: 62%, V: 38%",133,,5,0.375,Alh (اله) x4; kwn (كون) x4; Emm (عمم) x3; byn (بين) x3; Amm (امم) x2,True,11,high inter-cluster connectivity (11 clusters)
Slb,صلب,8,3,yuSal~abu (يُصَلَّبُ) x4; S~ulob (صُّلْب) x2; Salabu (صَلَبُ) x2,"V: 75%, N: 25%",126,,7,0.625,xlf (خلف) x5; qTE (قطع) x4; rjl (رجل) x4; ydy (يدي) x4; Alh (اله) x3,True,12,high inter-cluster connectivity (12 clusters)
HSn,حصن,18,6,muHoSana`t (مُحْصَنَٰت) x8; >aHoSanato (أَحْصَنَتْ) x5; m~uHoSiniyn (مُّحْصِنِين) x2,"N: 67%, V: 28%",161,,7,0.167,Aty (اتي) x7; Elm (علم) x5; ktb (كتب) x5; Alh (اله) x4; Amn (امن) x4,True,23,high inter-cluster connectivity (23 clusters)
sfH,سفح,4,3,musa`fiHiyn (مُسَٰفِحِين) x2; musa`fiHa`t (مُسَٰفِحَٰت) x1; m~asofuwH (مَّسْفُوح) x1,"N: 75%, ADJ: 25%",161,,3,0.25,gyr (غير) x4; Ajr (اجر) x3; Alh (اله) x3; Aty (اتي) x3; HSn (حصن) x3,True,11,rare (4 occ.); high inter-cluster connectivity (11 clusters)
Twl,طول,10,5,Tawol (طَوْل) x3; TaAla (طَالَ) x3; Tawiyl (طَوِيل) x2,"N: 40%, V: 40%",135,,10,0.6,Alh (اله) x4; Amn (امن) x3; Aty (اتي) x3; kwn (كون) x3; A*n (اذن) x2,True,8,bridge (8 clusters)
fty,فتي,21,7,yasotafotu (يَسْتَفْتُ) x6; yufotiy (يُفْتِي) x5; fataY` (فَتَىٰ) x3,"V: 52%, N: 48%",46,,7,0.714,qwl (قول) x12; Elm (علم) x6; Aty (اتي) x5; rbb (ربب) x5; Alh (اله) x4,True,18,high inter-cluster connectivity (18 clusters)
xdn,خدن,2,1,>axodaAn (أَخْدَان) x2,N: 100%,161,,2,0.0,Ajr (اجر) x2; Amn (امن) x2; Aty (اتي) x2; Ax* (اخذ) x2; HSn (حصن) x2,True,5,noun-only; rare (2 occ.); bridge (5 clusters)
myl,ميل,6,3,yamiylu (يَمِيلُ) x3; mayol (مَيْل) x2; m~ayolap (مَّيْلَة) x1,"V: 50%, N: 50%",8,Allegiance & the Object of Worship,1,0.0,Alh (اله) x3; kwn (كون) x2,False,2,high Medinan concentration; in named cluster: Allegiance & the Object of Worship; confined to 1 surah
krm,كرم,47,8,kariym (كَرِيم) x30; m~ukoramuwn (مُّكْرَمُون) x5; >akorama (أَكْرَمَ) x4,"ADJ: 66%, N: 21%",367,,29,0.723,qwl (قول) x11; rbb (ربب) x10; Alh (اله) x9; gfr (غفر) x7; rzq (رزق) x7,True,22,high inter-cluster connectivity (22 clusters)
wfq,وفق,4,3,tawofiyq (تَوْفِيق) x2; yuwaf~iqi (يُوَفِّقِ) x1; wifaAq (وِفَاق) x1,"N: 50%, V: 25%",71,,3,0.5,Alh (اله) x3; rwd (رود) x3; SlH (صلح) x2; byn (بين) x2; kwn (كون) x2,False,4,rare (4 occ.)
jwr,جور,13,6,yujiyru (يُجِيرُ) x6; jaAr (جَار) x3; {sotajaAra (ٱسْتَجَارَ) x1,"V: 62%, N: 38%",62,The Prepared Fire,10,0.462,Alh (اله) x7; qwl (قول) x4; $yA (شيا) x3; qwm (قوم) x3; $rk (شرك) x2,True,8,bridge (8 clusters); in named cluster: The Prepared Fire
fxr,فخر,6,3,faxuwr (فَخُور) x4; fax~aAr (فَخَّار) x1; tafaAxur (تَفَاخُر) x1,"ADJ: 67%, N: 33%",307,,5,0.333,Alh (اله) x4; Hbb (حبب) x3; xyl (خيل) x3; kwn (كون) x2; wld (ولد) x2,True,6,bridge (6 clusters)
qrn,قرن,36,5,qaron (قَرْن) x23; qariyn (قَرِين) x8; m~uqar~aniyn (مُّقَرَّنِين) x3,"N: 97%, ADJ: 3%",4,"Revelation, Speech & Disbelief",20,0.944,qbl (قبل) x13; hlk (هلك) x12; qwl (قول) x12; kwn (كون) x9; bEd (بعد) x7,True,16,"high Meccan concentration; high inter-cluster connectivity (16 clusters); in named cluster: Revelation, Speech & Disbelief"
vql,ثقل,28,8,mivoqaAl (مِثْقَال) x8; v~aqalaAn (ثَّقَلَان) x6; vaqiyl (ثَقِيل) x5,"N: 64%, V: 21%",59,,19,0.679,kwn (كون) x9; Alh (اله) x8; ArD (ارض) x7; *rr (ذرر) x6; Aty (اتي) x6,True,16,high inter-cluster connectivity (16 clusters)
skr,سكر,7,4,suka`raY` (سُكَٰرَىٰ) x3; sakorap (سَكْرَة) x2; suk~irato (سُكِّرَتْ) x1,"N: 86%, V: 14%",4,"Revelation, Speech & Disbelief",5,0.571,Alh (اله) x2; jyA (جيا) x2; kwn (كون) x2; qwl (قول) x2; qwm (قوم) x2,False,2,"in named cluster: Revelation, Speech & Disbelief"
gsl,غسل,4,4,tagotasilu (تَغْتَسِلُ) x1; {gosilu (ٱغْسِلُ) x1; mugotasal (مُغْتَسَل) x1,"V: 50%, N: 50%",17,Bodily Purity & Prayer,4,0.5,AHd (احد) x2; Alh (اله) x2; Amn (امن) x2; SEd (صعد) x2; Slw (صلو) x2,True,6,rare (4 occ.); bridge (6 clusters); in named cluster: Bodily Purity & Prayer
gwT,غوط,2,1,gaA^}iT (غَا^ئِط) x2,N: 100%,17,Bodily Purity & Prayer,2,0.0,AHd (احد) x2; Alh (اله) x2; Amn (امن) x2; SEd (صعد) x2; Slw (صلو) x2,True,5,noun-only; rare (2 occ.); bridge (5 clusters); in named cluster: Bodily Purity & Prayer
lms,لمس,5,2,lamasu (لَمَسُ) x4; {lotamisu (ٱلْتَمِسُ) x1,V: 100%,17,Bodily Purity & Prayer,5,0.4,Amn (امن) x3; qwl (قول) x3; wjd (وجد) x3; ydy (يدي) x3; AHd (احد) x2,True,5,verb-only; rare (5 occ.); bridge (5 clusters); in named cluster: Bodily Purity & Prayer
msH,مسح,4,2,{mosaHu (ٱمْسَحُ) x3; masoH (مَسْح) x1,"V: 75%, N: 25%",17,Bodily Purity & Prayer,3,0.25,AHd (احد) x2; Alh (اله) x2; Amn (امن) x2; SEd (صعد) x2; Slw (صلو) x2,True,5,rare (4 occ.); bridge (5 clusters); in named cluster: Bodily Purity & Prayer
TEn,طعن,2,2,TaEon (طَعْن) x1; TaEanu (طَعَنُ) x1,"N: 50%, V: 50%",19,Household Law & Lineage,2,0.0,dyn (دين) x2; kfr (كفر) x2,False,2,rare (2 occ.); in named cluster: Household Law & Lineage
Tms,طمس,5,1,Tumisato (طُمِسَتْ) x5,V: 100%,153,,5,0.8,Amn (امن) x2; Aty (اتي) x2; E*b (عذب) x2; Eyn (عين) x2,False,4,verb-only; rare (5 occ.)
ftl,فتل,3,1,fatiyl (فَتِيل) x3,N: 100%,17,Bodily Purity & Prayer,2,0.333,Zlm (ظلم) x3; Alh (اله) x2; rAy (راي) x2; zkw (زكو) x2; Aty (اتي) x2,False,4,noun-only; rare (3 occ.); in named cluster: Bodily Purity & Prayer
jbt,جبت,1,1,jibot (جِبْت) x1,N: 100%,361,,1,0.0,,False,0,noun-only; single occurrence; confined to 1 surah
nqr,نقر,4,3,naqiyr (نَقِير) x2; nuqira (نُقِرَ) x1; n~aAquwr (نَّاقُور) x1,"N: 75%, V: 25%",477,,2,0.5,,False,0,rare (4 occ.)
nDj,نضج,1,1,naDijato (نَضِجَتْ) x1,V: 100%,453,,1,0.0,,False,0,verb-only; single occurrence; confined to 1 surah
jld,جلد,13,3,juluwd (جُلُود) x9; {jolidu (ٱجْلِدُ) x2; jalodap (جَلْدَة) x2,"N: 85%, V: 15%",191,,6,0.462,Alh (اله) x6; $hd (شهد) x5; kwn (كون) x4; kll (كلل) x3; E*b (عذب) x2,True,7,bridge (7 clusters)
zEm,زعم,17,3,zaEama (زَعَمَ) x13; zaEom (زَعْم) x2; zaEiym (زَعِيم) x2,"V: 76%, N: 24%",8,Allegiance & the Object of Worship,10,0.824,qwl (قول) x11; $rk (شرك) x7; kwn (كون) x7; Alh (اله) x6; ywm (يوم) x4,True,10,high inter-cluster connectivity (10 clusters); in named cluster: Allegiance & the Object of Worship
Hlf,حلف,13,2,Halafo (حَلَفْ) x12; Hal~aAf (حَلَّاف) x1,"V: 92%, N: 8%",8,Allegiance & the Object of Worship,5,0.077,Alh (اله) x11; k*b (كذب) x4; kwn (كون) x4; kfr (كفر) x3; qwm (قوم) x3,True,8,high Medinan concentration; bridge (8 clusters); in named cluster: Allegiance & the Object of Worship
Hrj,حرج,15,1,Haraj (حَرَج) x15,"N: 93%, ADJ: 7%",17,Bodily Purity & Prayer,9,0.133,Alh (اله) x9; Amn (امن) x6; kwn (كون) x6; nfs (نفس) x4; slm (سلم) x4,True,16,high Medinan concentration; high inter-cluster connectivity (16 clusters); in named cluster: Bodily Purity & Prayer
rfq,رفق,5,4,murotafaq (مُرْتَفَق) x2; rafiyq (رَفِيق) x1; maraAfiq (مَرَافِق) x1,N: 100%,17,Bodily Purity & Prayer,3,0.6,Alh (اله) x3; nEm (نعم) x3; Hsn (حسن) x2; Amn (امن) x2; mwh (موه) x2,True,5,noun-only; rare (5 occ.); bridge (5 clusters); in named cluster: Bodily Purity & Prayer
nfr,نفر,18,5,nafara (نَفَرَ) x8; nufuwr (نُفُور) x5; nafar (نَفَر) x3,"N: 50%, V: 44%",66,Jihād fī Sabīl Allāh,10,0.556,qwl (قول) x6; Alh (اله) x5; kwn (كون) x5; mwl (مول) x4; qrA (قرا) x4,True,13,high inter-cluster connectivity (13 clusters); in named cluster: Jihād fī Sabīl Allāh
vby,ثبي,1,1,vubaAt (ثُبَات) x1,N: 100%,596,,1,0.0,,False,0,noun-only; single occurrence; confined to 1 surah
bTA,بطا,1,1,yubaT~i}a (يُبَطِّئَ) x1,V: 100%,247,,1,0.0,,False,0,verb-only; single occurrence; confined to 1 surah
drk,درك,12,5,>adoraka (أَدْرَكَ) x6; {d~a`raka (ٱدَّٰرَكَ) x3; d~arok (دَّرْك) x1,"V: 75%, N: 25%",7,Sea-Rescue / Bounty / Gratitude,9,0.75,qwl (قول) x4; Alh (اله) x3; kll (كلل) x3; kwn (كون) x2; mwt (موت) x2,True,8,bridge (8 clusters); in named cluster: Sea-Rescue / Bounty / Gratitude
brj,برج,7,4,buruwj (بُرُوج) x4; mutabar~ija`t (مُتَبَرِّجَٰت) x1; tabar~ajo (تَبَرَّجْ) x1,"N: 86%, V: 14%",96,Dunya vs. Ākhirah,6,0.429,Alh (اله) x3; smw (سمو) x3; qwm (قوم) x2; jEl (جعل) x2; zyn (زين) x2,False,4,in named cluster: Dunya vs. Ākhirah
$yd,شيد,2,2,m~u$ay~adap (مُّشَيَّدَة) x1; m~a$iyd (مَّشِيد) x1,N: 100%,45,,2,0.0,,False,0,noun-only; rare (2 occ.)
fqh,فقه,20,2,yafoqahu (يَفْقَهُ) x19; yatafaq~ahu (يَتَفَقَّهُ) x1,V: 100%,65,,12,0.5,qwl (قول) x9; kwn (كون) x7; qwm (قوم) x7; qlb (قلب) x7; Alh (اله) x6,True,14,verb-only; high inter-cluster connectivity (14 clusters)
*yE,ذيع,1,1,>a*aAEu (أَذَاعُ) x1,V: 100%,64,,1,0.0,,False,0,verb-only; single occurrence; confined to 1 surah
nbT,نبط,1,1,yasotan[biTu (يَسْتَن[بِطُ) x1,V: 100%,462,,1,0.0,,False,0,verb-only; single occurrence; confined to 1 surah
HrD,حرض,3,2,Har~iDi (حَرِّضِ) x2; HaraD (حَرَض) x1,"V: 67%, N: 33%",66,Jihād fī Sabīl Allāh,3,0.333,Alh (اله) x2; Amn (امن) x2; kfr (كفر) x2; qtl (قتل) x2; kwn (كون) x2,True,5,rare (3 occ.); bridge (5 clusters); in named cluster: Jihād fī Sabīl Allāh
qwt,قوت,2,2,m~uqiyt (مُّقِيت) x1; >aqowa`t (أَقْوَٰت) x1,N: 100%,522,,2,0.5,,False,0,noun-only; rare (2 occ.)
rks,ركس,2,1,>arokasa (أَرْكَسَ) x2,V: 100%,17,Bodily Purity & Prayer,1,0.0,rwd (رود) x2; wjd (وجد) x2,False,2,verb-only; rare (2 occ.); in named cluster: Bodily Purity & Prayer; confined to 1 surah
wdy,ودي,12,4,waAd (وَاد) x7; diyap (دِيَة) x2; >awodiyap (أَوْدِيَة) x2,N: 100%,97,,11,0.667,Alh (اله) x4; rbb (ربب) x4; Elm (علم) x2; kwn (كون) x2; qwm (قوم) x2,True,5,noun-only; bridge (5 clusters)
Emd,عمد,7,4,Eamad (عَمَد) x3; m~utaEam~id (مُّتَعَمِّد) x2; taEam~adato (تَعَمَّدَتْ) x1,"N: 86%, V: 14%",0,The Believers' Reward,7,0.429,Alh (اله) x4; Amn (امن) x2; jzy (جزي) x2; qtl (قتل) x2; Amr (امر) x2,True,9,bridge (9 clusters); in named cluster: The Believers' Reward
gnm,غنم,9,3,magaAnim (مَغَانِم) x4; ganam (غَنَم) x3; ganimo (غَنِمْ) x2,"N: 78%, V: 22%",4,"Revelation, Speech & Disbelief",6,0.333,Alh (اله) x6; kwn (كون) x6; Amn (امن) x3; kvr (كثر) x3; qwl (قول) x3,True,8,"bridge (8 clusters); in named cluster: Revelation, Speech & Disbelief"
rgm,رغم,1,1,mura`gam (مُرَٰغَم) x1,N: 100%,532,,1,0.0,,False,0,noun-only; single occurrence; confined to 1 surah
wqE,وقع,24,7,waqaEa (وَقَعَ) x12; waAqiE (وَاقِع) x6; waAqiEap (وَاقِعَة) x2,"V: 54%, N: 42%",209,,16,0.875,Alh (اله) x4; kwn (كون) x4; qwl (قول) x4; rbb (ربب) x4; ArD (ارض) x3,True,13,high Meccan concentration; high inter-cluster connectivity (13 clusters)
qSr,قصر,11,6,qaSor (قَصْر) x4; qa`Sira`t (قَٰصِرَٰت) x3; taqoSuru (تَقْصُرُ) x1,"N: 82%, V: 18%",234,,9,0.545,jEl (جعل) x3; Trf (طرف) x3; ArD (ارض) x2; xwf (خوف) x2; Alh (اله) x2,True,7,bridge (7 clusters)
slH,سلح,4,1,>asoliHat (أَسْلِحَت) x4,N: 100%,571,,1,0.0,,False,0,noun-only; rare (4 occ.); confined to 1 surah
mTr,مطر,15,3,m~aTar (مَّطَر) x7; >umoTirato (أُمْطِرَتْ) x7; m~umoTir (مُّمْطِر) x1,"N: 53%, V: 47%",131,,9,0.867,kwn (كون) x4; Aty (اتي) x3; E*b (عذب) x3; Hjr (حجر) x3; swA (سوا) x3,True,7,high Meccan concentration; bridge (7 clusters)
rmy,رمي,9,1,ramaY` (رَمَىٰ) x9,V: 100%,161,,5,0.222,Alh (اله) x2; Amn (امن) x2; $hd (شهد) x2; HSn (حصن) x2; rbE (ربع) x2,True,5,verb-only; bridge (5 clusters)
mrd,مرد,5,4,m~ariyd (مَّرِيد) x2; maradu (مَرَدُ) x1; m~umar~ad (مُّمَرَّد) x1,"ADJ: 40%, N: 40%",9,,5,0.4,$Tn (شطن) x3; Elm (علم) x3; Alh (اله) x2; kll (كلل) x2,False,4,rare (5 occ.)
btk,بتك,1,1,yubat~iku (يُبَتِّكُ) x1,V: 100%,265,,1,0.0,,False,0,verb-only; single occurrence; confined to 1 surah
HyS,حيص,5,1,m~aHiyS (مَّحِيص) x5,N: 100%,4,"Revelation, Speech & Disbelief",5,0.8,kwn (كون) x2; qbl (قبل) x2,False,1,"noun-only; rare (5 occ.); in named cluster: Revelation, Speech & Disbelief"
$HH,شحح,5,1,$uH~ (شُحّ) x5,"N: 60%, ADJ: 40%",5,The Commanded Self,4,0.0,Alh (اله) x3; kwn (كون) x3; nfs (نفس) x3; wqy (وقي) x3; xyr (خير) x3,True,6,rare (5 occ.); high Medinan concentration; bridge (6 clusters); in named cluster: The Commanded Self
Elq,علق,7,3,Ealaqap (عَلَقَة) x5; muEal~aqap (مُعَلَّقَة) x1; Ealaq (عَلَق) x1,N: 100%,77,Creation & the Appointed Term,6,0.714,xlq (خلق) x5; kwn (كون) x4; nTf (نطف) x3; Alh (اله) x2; byn (بين) x2,True,7,noun-only; bridge (7 clusters); in named cluster: Creation & the Appointed Term
xwD,خوض,12,3,xaADu (خَاضُ) x9; xawoD (خَوْض) x2; xaA^}iDiyn (خَا^ئِضِين) x1,"V: 75%, N: 25%",96,Dunya vs. Ākhirah,7,0.667,lEb (لعب) x5; Alh (اله) x3; Ayy (ايي) x3; w*r (وذر) x3; kwn (كون) x3,True,8,bridge (8 clusters); in named cluster: Dunya vs. Ākhirah
Hw*,حوذ,2,1,{sotaHowa*a (ٱسْتَحْوَذَ) x2,V: 100%,8,Allegiance & the Object of Worship,2,0.0,Alh (اله) x2,False,1,verb-only; rare (2 occ.); in named cluster: Allegiance & the Object of Worship
ksl,كسل,2,1,kusaAlaY` (كُسَالَىٰ) x2,N: 100%,17,Bodily Purity & Prayer,2,0.0,Alh (اله) x2; Slw (صلو) x2; nfq (نفق) x2,False,3,noun-only; rare (2 occ.); in named cluster: Bodily Purity & Prayer
*b*b,ذبذب,1,1,m~u*abo*abiyn (مُّذَبْذَبِين) x1,N: 100%,49,,1,0.0,,False,0,noun-only; single occurrence; confined to 1 surah
sfl,سفل,10,3,>asofal (أَسْفَل) x6; saAfil (سَافِل) x3; s~ufolaY` (سُّفْلَىٰ) x1,"N: 70%, LOC: 20%",131,,9,0.6,jEl (جعل) x5; Alh (اله) x3; Elw (علو) x3; nSr (نصر) x2; Amr (امر) x2,True,7,bridge (7 clusters)
TbE,طبع,11,1,TabaEa (طَبَعَ) x11,V: 100%,28,,9,0.545,qlb (قلب) x11; Alh (اله) x7; Amn (امن) x5; kwn (كون) x4; kfr (كفر) x3,True,8,verb-only; bridge (8 clusters)
$kk,شكك,15,1,$ak~ (شَكّ) x15,N: 100%,4,"Revelation, Speech & Disbelief",11,0.933,byn (بين) x8; ryb (ريب) x7; qwl (قول) x6; kwn (كون) x6; Alh (اله) x5,True,6,"noun-only; high Meccan concentration; bridge (6 clusters); in named cluster: Revelation, Speech & Disbelief"
Trq,طرق,11,3,Tariyqap (طَرِيقَة) x5; Tariyq (طَرِيق) x4; T~aAriq (طَّارِق) x2,N: 100%,8,Allegiance & the Object of Worship,6,0.818,kwn (كون) x4; qwl (قول) x3; Alh (اله) x2; hdy (هدي) x2; mvl (مثل) x2,False,3,noun-only; in named cluster: Allegiance & the Object of Worship
glw,غلو,2,1,tagoluw (تَغْلُو) x2,V: 100%,4,"Revelation, Speech & Disbelief",2,0.0,Ahl (اهل) x2; Hqq (حقق) x2; dyn (دين) x2; ktb (كتب) x2; qwl (قول) x2,False,2,"verb-only; rare (2 occ.); in named cluster: Revelation, Speech & Disbelief"
nkf,نكف,3,1,{sotankafu (ٱسْتَنكَفُ) x3,V: 100%,59,,1,0.0,Alh (اله) x2; kbr (كبر) x2,False,2,verb-only; rare (3 occ.); confined to 1 surah
bhm,بهم,3,1,bahiymap (بَهِيمَة) x3,N: 100%,34,,2,0.0,Alh (اله) x3; nEm (نعم) x3; *kr (ذكر) x2; rzq (رزق) x2; smw (سمو) x2,True,5,noun-only; rare (3 occ.); bridge (5 clusters)
Syd,صيد,6,2,Sayod (صَيْد) x5; {SoTaAdu (ٱصْطَادُ) x1,"N: 83%, V: 17%",174,,1,0.0,Alh (اله) x5; Amn (امن) x4; Hrm (حرم) x4; Hll (حلل) x3; Hkm (حكم) x2,True,9,high Medinan concentration; bridge (9 clusters); confined to 1 surah
qld,قلد,4,2,qala`^}id (قَلَٰ^ئِد) x2; maqaAliyd (مَقَالِيد) x2,N: 100%,19,Household Law & Lineage,3,0.5,Alh (اله) x3; ArD (ارض) x3; smw (سمو) x3; $hr (شهر) x2; Hrm (حرم) x2,True,7,noun-only; rare (4 occ.); bridge (7 clusters); in named cluster: Household Law & Lineage
jrm,جرم,66,5,mujorim (مُجْرِم) x52; >ajoramu (أَجْرَمُ) x5; jaram (جَرَم) x5,"N: 76%, V: 12%",4,"Revelation, Speech & Disbelief",36,0.909,qwm (قوم) x18; kwn (كون) x16; qwl (قول) x13; rbb (ربب) x11; Alh (اله) x9,True,25,"high Meccan concentration; high inter-cluster connectivity (25 clusters); in named cluster: Revelation, Speech & Disbelief"
$nA,شنا,3,2,$ana_#aAn (شَنَـ#َان) x2; $aAni} (شَانِئ) x1,N: 100%,4,"Revelation, Speech & Disbelief",2,0.333,Alh (اله) x2; Amn (امن) x2; jrm (جرم) x2; qwm (قوم) x2; wqy (وقي) x2,False,4,"noun-only; rare (3 occ.); in named cluster: Revelation, Speech & Disbelief"
xnq,خنق,1,1,munoxaniqap (مُنْخَنِقَة) x1,N: 100%,644,,1,0.0,,False,0,noun-only; single occurrence; confined to 1 surah
wq*,وقذ,1,1,mawoquw*ap (مَوْقُوذَة) x1,N: 100%,623,,1,0.0,,False,0,noun-only; single occurrence; confined to 1 surah
rdy,ردي,6,4,>arodaY` (أَرْدَىٰ) x3; mutarad~iyap (مُتَرَدِّيَة) x1; tarodaY` (تَرْدَىٰ) x1,"V: 83%, N: 17%",19,Household Law & Lineage,6,0.833,Alh (اله) x3; dyn (دين) x2,False,2,in named cluster: Household Law & Lineage
nTH,نطح,1,1,n~aTiyHap (نَّطِيحَة) x1,N: 100%,461,,1,0.0,,False,0,noun-only; single occurrence; confined to 1 surah
*kw,ذكو,1,1,*ak~ayo (ذَكَّيْ) x1,V: 100%,53,,1,0.0,,False,0,verb-only; single occurrence; confined to 1 surah
zlm,زلم,2,1,>azola`m (أَزْلَٰم) x2,N: 100%,460,,1,0.0,nSb (نصب) x2,False,1,noun-only; rare (2 occ.); confined to 1 surah
yAs,ياس,13,3,ya}isa (يَئِسَ) x8; ya_#uws (يَـ#ُوس) x3; {sotayo_#asa (ٱسْتَيْـ#َسَ) x2,"V: 77%, N: 23%",34,,9,0.615,Alh (اله) x7; kfr (كفر) x6; rHm (رحم) x3; Ans (انس) x3; qwm (قوم) x3,True,9,bridge (9 clusters)
xmS,خمص,2,1,maxomaSap (مَخْمَصَة) x2,N: 100%,460,,2,0.0,Alh (اله) x2; kfr (كفر) x2; nSb (نصب) x2,False,3,noun-only; rare (2 occ.)
jrH,جرح,4,4,jawaAriH (جَوَارِح) x1; juruwH (جُرُوح) x1; jaraHo (جَرَحْ) x1,"N: 50%, V: 50%",188,,3,0.5,Alh (اله) x2; Elm (علم) x2; Hsb (حسب) x2; smw (سمو) x2; Hkm (حكم) x2,True,5,rare (4 occ.); bridge (5 clusters)
klb,كلب,6,2,kalob (كَلْب) x5; mukal~ibiyn (مُكَلِّبِين) x1,N: 100%,188,,3,0.833,Elm (علم) x2; Hsb (حسب) x2; qwl (قول) x2,False,2,noun-only
kEb,كعب,4,3,kaEobap (كَعْبَة) x2; kaEobayon (كَعْبَيْن) x1; kawaAEib (كَوَاعِب) x1,"N: 50%, PN: 50%",174,,2,0.25,Alh (اله) x3; Amn (امن) x2; jEl (جعل) x2; nEm (نعم) x2; qwm (قوم) x2,True,5,rare (4 occ.); bridge (5 clusters)
nqb,نقب,3,3,naqiyb (نَقِيب) x1; naqob (نَقْب) x1; naq~abu (نَقَّبُ) x1,"N: 67%, V: 33%",476,,3,0.667,,False,0,rare (3 occ.)
Ezr,عزر,3,1,Eaz~aru (عَزَّرُ) x3,V: 100%,0,The Believers' Reward,3,0.333,Amn (امن) x3; rsl (رسل) x3; Alh (اله) x2,False,3,verb-only; rare (3 occ.); in named cluster: The Believers' Reward
grw,غرو,2,1,>agorayo (أَغْرَيْ) x2,V: 100%,329,,2,0.0,,False,0,verb-only; rare (2 occ.)
SnE,صنع,20,5,SanaEu (صَنَعُ) x15; SunoE (صُنْع) x2; {SoTanaEo (ٱصْطَنَعْ) x1,"V: 80%, N: 20%",7,Sea-Rescue / Bounty / Gratitude,14,0.8,Alh (اله) x7; kwn (كون) x5; qwl (قول) x5; qwm (قوم) x4; kll (كلل) x4,True,19,high inter-cluster connectivity (19 clusters); in named cluster: Sea-Rescue / Bounty / Gratitude
ftr,فتر,3,3,fatorap (فَتْرَة) x1; yafoturu (يَفْتُرُ) x1; yufat~aru (يُفَتَّرُ) x1,"V: 67%, N: 33%",314,,3,0.667,,False,0,rare (3 occ.)
jbr,جبر,10,1,jab~aAr (جَبَّار) x10,"ADJ: 50%, N: 50%",246,,9,0.8,qwl (قول) x3; End (عند) x3; kll (كلل) x3; Ayy (ايي) x2; ESy (عصي) x2,True,9,bridge (9 clusters)
tyh,تيه,1,1,yatiyhu (يَتِيهُ) x1,V: 100%,593,,1,0.0,,False,0,verb-only; single occurrence; confined to 1 surah
Asw,اسو,7,2,ta>osa (تَأْسَ) x4; >usowap (أُسْوَة) x3,"V: 57%, N: 43%",88,,5,0.143,qwl (قول) x4; qwm (قوم) x4; Alh (اله) x4; kfr (كفر) x3; rbb (ربب) x3,True,8,high Medinan concentration; bridge (8 clusters)
bHv,بحث,1,1,yaboHavu (يَبْحَثُ) x1,V: 100%,244,,1,0.0,,False,0,verb-only; single occurrence; confined to 1 surah
Ejz,عجز,26,6,muEojiz (مُعْجِز) x12; yuEojiza (يُعْجِزَ) x4; Eajuwz (عَجُوز) x4,"N: 81%, V: 19%",8,Allegiance & the Object of Worship,21,0.769,Alh (اله) x10; ArD (ارض) x9; qwl (قول) x5; wly (ولي) x5; kfr (كفر) x4,True,13,high inter-cluster connectivity (13 clusters); in named cluster: Allegiance & the Object of Worship
ndm,ندم,7,2,na`dimiyn (نَٰدِمِين) x5; n~adaAmap (نَّدَامَة) x2,N: 100%,95,,6,0.571,SbH (صبح) x5; qwl (قول) x4; rAy (راي) x4; Alh (اله) x3; srr (سرر) x3,True,8,noun-only; bridge (8 clusters)
nfy,نفي,1,1,yunfa (يُنفَ) x1,V: 100%,467,,1,0.0,,False,0,verb-only; single occurrence; confined to 1 surah
wsl,وسل,2,1,wasiylap (وَسِيلَة) x2,N: 100%,7,Sea-Rescue / Bounty / Gratitude,2,0.5,bgy (بغي) x2,False,1,noun-only; rare (2 occ.); in named cluster: Sea-Rescue / Bounty / Gratitude
srq,سرق,9,4,saraqa (سَرَقَ) x4; s~aAriq (سَّارِق) x3; s~aAriqap (سَّارِقَة) x1,"V: 56%, N: 44%",4,"Revelation, Speech & Disbelief",4,0.667,Alh (اله) x4; Elm (علم) x3; kwn (كون) x3; qwl (قول) x3; ydy (يدي) x2,False,4,"in named cluster: Revelation, Speech & Disbelief"
sHt,سحت,4,2,s~uHot (سُّحْت) x3; yusoHita (يُسْحِتَ) x1,"N: 75%, V: 25%",46,,2,0.25,Akl (اكل) x3; Alh (اله) x2; k*b (كذب) x2; Avm (اثم) x2; bAs (باس) x2,True,5,rare (4 occ.); bridge (5 clusters)
Hbr,حبر,6,2,>aHobaAr (أَحْبَار) x4; yuHobaru (يُحْبَرُ) x2,"N: 67%, V: 33%",166,,4,0.333,Alh (اله) x3; rbb (ربب) x3; kwn (كون) x2; nws (نوس) x2; Akl (اكل) x2,True,5,bridge (5 clusters)
Anf,انف,3,2,>anf (أَنف) x2; 'aAnif (ءَانِف) x1,N: 100%,8,Allegiance & the Object of Worship,2,0.0,Alh (اله) x2,False,1,noun-only; rare (3 occ.); in named cluster: Allegiance & the Object of Worship
Avr,اثر,21,4,>avar (أَثَر) x14; A^vara (ا^ثَرَ) x5; >ava`rap (أَثَٰرَة) x1,"N: 71%, V: 29%",4,"Revelation, Speech & Disbelief",16,0.81,qwl (قول) x9; Alh (اله) x6; kwn (كون) x6; Hyy (حيي) x5; qbl (قبل) x5,True,11,"high inter-cluster connectivity (11 clusters); in named cluster: Revelation, Speech & Disbelief"
hmn,همن,2,1,muhayomin (مُهَيْمِن) x2,"N: 50%, ADJ: 50%",8,Allegiance & the Object of Worship,2,0.0,Alh (اله) x2,False,1,rare (2 occ.); in named cluster: Allegiance & the Object of Worship
$rE,شرع,5,4,$araEa (شَرَعَ) x2; $iroEap (شِرْعَة) x1; $ur~aE (شُرَّع) x1,"N: 60%, V: 40%",4,"Revelation, Speech & Disbelief",4,0.8,Alh (اله) x3; $yA (شيا) x2; Aty (اتي) x2; blw (بلو) x2; byn (بين) x2,True,6,"rare (5 occ.); bridge (6 clusters); in named cluster: Revelation, Speech & Disbelief"
nhj,نهج,1,1,minohaAj (مِنْهَاج) x1,N: 100%,469,,1,0.0,,False,0,noun-only; single occurrence; confined to 1 surah
lwm,لوم,14,7,maluwm (مَلُوم) x5; lumo (لُمْ) x3; muliym (مُلِيم) x2,"N: 64%, V: 29%",23,,10,0.857,Alh (اله) x3; nfs (نفس) x3; kfr (كفر) x2; Amr (امر) x2; kwn (كون) x2,True,9,high Meccan concentration; bridge (9 clusters)
Hzb,حزب,20,1,Hizob (حِزْب) x20,N: 100%,4,"Revelation, Speech & Disbelief",13,0.55,kwn (كون) x6; Alh (اله) x5; Amn (امن) x5; rsl (رسل) x4; byn (بين) x4,True,10,"noun-only; high inter-cluster connectivity (10 clusters); in named cluster: Revelation, Speech & Disbelief"
lEb,لعب,20,3,yaloEabo (يَلْعَبْ) x9; laEib (لَعِب) x8; la`Eibiyn (لَٰعِبِين) x3,"N: 55%, V: 45%",96,Dunya vs. Ākhirah,13,0.75,kwn (كون) x6; Hyy (حيي) x6; dnw (دنو) x6; lhw (لهو) x6; Alh (اله) x5,True,15,high inter-cluster connectivity (15 clusters); in named cluster: Dunya vs. Ākhirah
TfA,طفا,3,1,>aTofa>a (أَطْفَأَ) x3,V: 100%,71,,3,0.0,Alh (اله) x3; kfr (كفر) x3; nwr (نور) x3; fwh (فوه) x2; krh (كره) x2,False,4,verb-only; rare (3 occ.)
qSd,قصد,6,5,m~uqotaSid (مُّقْتَصِد) x2; m~uqotaSidap (مُّقْتَصِدَة) x1; qaASid (قَاصِد) x1,"N: 67%, ADJ: 17%",5,The Commanded Self,5,0.667,Alh (اله) x4; nfs (نفس) x2,False,2,in named cluster: The Commanded Self
Afk,افك,30,4,>ufika (أُفِكَ) x16; <ifok (إِفْك) x9; mu&otafikap (مُؤْتَفِكَة) x3,"V: 53%, N: 47%",73,,21,0.8,Alh (اله) x14; qwl (قول) x11; Any (اني) x9; kwn (كون) x8; xlq (خلق) x6,True,16,high inter-cluster connectivity (16 clusters)
qss,قسس,1,1,qis~iysiyn (قِسِّيسِين) x1,N: 100%,517,,1,0.0,,False,0,noun-only; single occurrence; confined to 1 surah
dmE,دمع,2,1,d~amoE (دَّمْع) x2,N: 100%,153,,2,0.0,Eyn (عين) x2; fyD (فيض) x2; qwl (قول) x2,False,2,noun-only; rare (2 occ.)
rjs,رجس,10,1,rijos (رِجْس) x10,N: 100%,17,Bodily Purity & Prayer,7,0.4,Alh (اله) x7; Amn (امن) x3; kwn (كون) x3; qwl (قول) x3; rbb (ربب) x3,True,10,noun-only; high inter-cluster connectivity (10 clusters); in named cluster: Bodily Purity & Prayer
rmH,رمح,1,1,rimaAH (رِمَاح) x1,N: 100%,538,,1,0.0,,False,0,noun-only; single occurrence; confined to 1 surah
syb,سيب,1,1,saA^}ibap (سَا^ئِبَة) x1,N: 100%,587,,1,0.0,,False,0,noun-only; single occurrence; confined to 1 surah
Hmy,حمي,6,4,Hamiy~ap (حَمِيَّة) x2; HaAmiyap (حَامِيَة) x2; HaAm (حَام) x1,"N: 50%, ADJ: 33%",0,The Believers' Reward,5,0.333,nwr (نور) x3; Alh (اله) x2; jEl (جعل) x2; kfr (كفر) x2; kwn (كون) x2,True,5,bridge (5 clusters); in named cluster: The Believers' Reward
Hbs,حبس,2,1,yaHobisu (يَحْبِسُ) x2,V: 100%,96,Dunya vs. Ākhirah,2,0.5,Axr (اخر) x2; kwn (كون) x2,False,2,verb-only; rare (2 occ.); in named cluster: Dunya vs. Ākhirah
Evr,عثر,2,2,Euvira (عُثِرَ) x1; >aEovaro (أَعْثَرْ) x1,V: 100%,4,"Revelation, Speech & Disbelief",2,0.5,Alh (اله) x2; Hqq (حقق) x2,False,2,"verb-only; rare (2 occ.); in named cluster: Revelation, Speech & Disbelief"
myd,ميد,5,2,tamiyda (تَمِيدَ) x3; maA^}idap (مَا^ئِدَة) x2,"V: 60%, N: 40%",448,,4,0.6,nzl (نزل) x3; smw (سمو) x3; ArD (ارض) x3; rsw (رسو) x3; Alh (اله) x2,True,7,rare (5 occ.); bridge (7 clusters)
mkn,مكن,18,3,mak~a (مَكَّ) x13; m~akiyn (مَّكِين) x4; >amokana (أَمْكَنَ) x1,"V: 78%, ADJ: 17%",4,"Revelation, Speech & Disbelief",12,0.833,ArD (ارض) x9; jEl (جعل) x6; Alh (اله) x5; $yA (شيا) x5; qwl (قول) x4,True,9,"bridge (9 clusters); in named cluster: Revelation, Speech & Disbelief"
drr,درر,4,2,m~idoraAr (مِّدْرَار) x3; dur~iY~ (دُرِّىّ) x1,"N: 75%, ADJ: 25%",1,,4,0.75,smw (سمو) x4; rsl (رسل) x3; ArD (ارض) x2,False,2,rare (4 occ.)
n$A,نشا,28,7,>an$a>a (أَنشَأَ) x20; n~a$o>ap (نَّشْأَة) x3; yuna$~a&uA@ (يُنَشَّؤُا@) x1,"V: 75%, N: 21%",191,,14,0.929,Axr (اخر) x8; bEd (بعد) x5; qwm (قوم) x5; qwl (قول) x5; Elm (علم) x5,True,17,high Meccan concentration; high inter-cluster connectivity (17 clusters)
qrTs,قرطس,2,1,qiroTaAs (قِرْطَاس) x2,N: 100%,4,"Revelation, Speech & Disbelief",1,1.0,ktb (كتب) x2; nzl (نزل) x2; qwl (قول) x2,False,1,"noun-only; rare (2 occ.); in named cluster: Revelation, Speech & Disbelief; confined to 1 surah"
Hyq,حيق,10,1,HaAqa (حَاقَ) x10,V: 100%,200,,9,1.0,hzA (هزا) x8; kwn (كون) x8; swA (سوا) x5; rsl (رسل) x3; Alh (اله) x3,True,7,verb-only; high Meccan concentration; bridge (7 clusters)
fTr,فطر,20,6,faTara (فَطَرَ) x10; faATir (فَاطِر) x6; fiTorat (فِطْرَت) x1,"V: 55%, N: 45%",1,,17,1.0,smw (سمو) x13; ArD (ارض) x10; Alh (اله) x6; qwl (قول) x6; kwn (كون) x5,True,13,high Meccan concentration; high inter-cluster connectivity (13 clusters)
k$f,كشف,20,5,ka$afa (كَشَفَ) x14; kaA$if (كَاشِف) x3; ka$of (كَشْف) x1,"V: 70%, N: 30%",8,Allegiance & the Object of Worship,14,1.0,Drr (ضرر) x9; dEw (دعو) x7; Alh (اله) x6; qwl (قول) x4; rbb (ربب) x4,True,16,high Meccan concentration; high inter-cluster connectivity (16 clusters); in named cluster: Allegiance & the Object of Worship
qhr,قهر,10,3,qah~aAr (قَهَّار) x6; qaAhir (قَاهِر) x3; taqoharo (تَقْهَرْ) x1,"ADJ: 60%, N: 30%",259,,9,0.9,Alh (اله) x7; wHd (وحد) x6; fwq (فوق) x3; ArD (ارض) x3; qwl (قول) x3,True,10,high Meccan concentration; high inter-cluster connectivity (10 clusters)
wqr,وقر,9,4,waqor (وَقْر) x6; tuwaq~iru (تُوَقِّرُ) x1; wiqor (وِقْر) x1,"N: 89%, V: 11%",65,,8,0.889,A*n (اذن) x6; Ayy (ايي) x4; jEl (جعل) x4; knn (كنن) x4; qlb (قلب) x4,True,8,high Meccan concentration; bridge (8 clusters)
sTr,سطر,16,5,>asa`Tiyr (أَسَٰطِير) x9; masoTuwr (مَسْطُور) x3; muSayoTir (مُصَيْطِر) x2,"N: 94%, V: 6%",4,"Revelation, Speech & Disbelief",14,0.875,Awl (اول) x10; qwl (قول) x7; Ayy (ايي) x4; ktb (كتب) x4; qbl (قبل) x4,True,5,"high Meccan concentration; bridge (5 clusters); in named cluster: Revelation, Speech & Disbelief"
nAy,ناي,3,1,na_#aA (نَـ#َا) x3,V: 100%,34,,3,1.0,$rr (شرر) x2; Ans (انس) x2; ErD (عرض) x2; jnb (جنب) x2; mss (مسس) x2,False,2,verb-only; rare (3 occ.)
wqf,وقف,4,2,wuqifu (وُقِفُ) x3; mawoquwfuwn (مَوْقُوفُون) x1,"V: 75%, N: 25%",75,Witnessing the Visible Sign,3,1.0,kwn (كون) x3; qwl (قول) x3; rAy (راي) x3; rbb (ربب) x3; Amn (امن) x2,False,4,rare (4 occ.); in named cluster: Witnessing the Visible Sign
swE,سوع,49,2,saAEap (سَاعَة) x48; suwaAE (سُوَاع) x1,"N: 96%, T: 2%",4,"Revelation, Speech & Disbelief",27,0.857,Alh (اله) x17; qwl (قول) x13; Aty (اتي) x11; Elm (علم) x10; ywm (يوم) x10,True,22,"high Meccan concentration; high inter-cluster connectivity (22 clusters); in named cluster: Revelation, Speech & Disbelief"
bgt,بغت,13,1,bagotap (بَغْتَة) x13,N: 100%,4,"Revelation, Speech & Disbelief",10,0.846,Aty (اتي) x11; swE (سوع) x6; $Er (شعر) x6; E*b (عذب) x5; Alh (اله) x4,True,7,"noun-only; bridge (7 clusters); in named cluster: Revelation, Speech & Disbelief"
frT,فرط,8,4,far~aT (فَرَّط) x5; m~uforaTuwn (مُّفْرَطُون) x1; furuT (فُرُط) x1,"V: 75%, N: 25%",190,,6,1.0,Alh (اله) x4; qwl (قول) x4; rbb (ربب) x3; Hsr (حسر) x2; jyA (جيا) x2,True,5,high Meccan concentration; bridge (5 clusters)
wzr,وزر,27,5,wizor (وِزْر) x12; yaziru (يَزِرُ) x7; waAzirap (وَازِرَة) x5,"N: 74%, V: 26%",156,,11,0.963,Alh (اله) x5; Hml (حمل) x5; Axr (اخر) x5; kwn (كون) x4; qwm (قوم) x4,True,12,high Meccan concentration; high inter-cluster connectivity (12 clusters)
lhw,لهو,16,4,lahow (لَهْو) x10; >alohaY` (أَلْهَىٰ) x4; laAhiyap (لَاهِيَة) x1,"N: 69%, V: 31%",96,Dunya vs. Ākhirah,13,0.625,Hyy (حيي) x6; dnw (دنو) x6; lEb (لعب) x6; Alh (اله) x6; kwn (كون) x5,True,14,high inter-cluster connectivity (14 clusters); in named cluster: Dunya vs. Ākhirah
jHd,جحد,12,1,jaHadu (جَحَدُ) x12,V: 100%,4,"Revelation, Speech & Disbelief",10,1.0,Ayy (ايي) x10; Alh (اله) x7; kwn (كون) x6; Zlm (ظلم) x3; Elm (علم) x2,True,6,"verb-only; high Meccan concentration; bridge (6 clusters); in named cluster: Revelation, Speech & Disbelief"
DrE,ضرع,8,4,yataDar~aEu (يَتَضَرَّعُ) x3; taDar~uE (تَضَرُّع) x3; taDar~aEu (تَضَرَّعُ) x1,"V: 50%, N: 50%",94,,4,1.0,Ax* (اخذ) x3; bAs (باس) x3; kwn (كون) x3; rbb (ربب) x3; Drr (ضرر) x2,True,6,high Meccan concentration; bridge (6 clusters)
bls,بلس,5,2,mubolisuwn (مُبْلِسُون) x4; yubolisu (يُبْلِسُ) x1,"N: 80%, V: 20%",162,,4,1.0,bwb (بوب) x2; ftH (فتح) x2,False,1,rare (5 occ.); high Meccan concentration
Sdf,صدف,5,2,Sadafa (صَدَفَ) x4; S~adafayon (صَّدَفَيْن) x1,"V: 80%, N: 20%",4,"Revelation, Speech & Disbelief",2,1.0,qwl (قول) x3; Alh (اله) x2; Aty (اتي) x2; Ayy (ايي) x2; byn (بين) x2,False,2,"rare (5 occ.); high Meccan concentration; in named cluster: Revelation, Speech & Disbelief"
xzn,خزن,13,3,xazaA^}in (خَزَا^ئِن) x8; xazanat (خَزَنَت) x4; xa`ziniyn (خَٰزِنِين) x1,N: 100%,586,,11,0.923,qwl (قول) x8; End (عند) x6; rbb (ربب) x6; Elm (علم) x4; Alh (اله) x3,True,12,noun-only; high Meccan concentration; high inter-cluster connectivity (12 clusters)
Trd,طرد,5,2,Tarad (طَرَد) x3; TaArid (طَارِد) x2,"V: 60%, N: 40%",8,Allegiance & the Object of Worship,3,1.0,rbb (ربب) x2; Alh (اله) x2; Amn (امن) x2; qwm (قوم) x2,False,3,rare (5 occ.); high Meccan concentration; in named cluster: Allegiance & the Object of Worship
sqT,سقط,8,4,suqiTa (سُقِطَ) x3; tusoqiTa (تُسْقِطَ) x3; tusa`qiTo (تُسَٰقِطْ) x1,"V: 88%, N: 12%",408,,8,0.875,ksf (كسف) x4; smw (سمو) x4; qwl (قول) x3; rAy (راي) x3; ArD (ارض) x2,True,5,high Meccan concentration; bridge (5 clusters)
wrq,ورق,4,3,waraq (وَرَق) x2; waraqap (وَرَقَة) x1; wariq (وَرِق) x1,N: 100%,229,,4,1.0,byn (بين) x3; rbb (ربب) x3; Elm (علم) x2; Tfq (طفق) x2; bdw (بدو) x2,False,3,noun-only; rare (4 occ.)
rTb,رطب,2,2,raTob (رَطْب) x1; ruTab (رُطَب) x1,N: 100%,408,,2,1.0,sqT (سقط) x2,False,1,noun-only; rare (2 occ.)
ybs,يبس,4,3,yaAbisa`t (يَابِسَٰت) x2; yaAbis (يَابِس) x1; yabas (يَبَس) x1,"ADJ: 75%, N: 25%",46,,3,1.0,Elm (علم) x2; bHr (بحر) x2; Akl (اكل) x2; Axr (اخر) x2; Ejf (عجف) x2,False,4,rare (4 occ.)
krb,كرب,4,1,karob (كَرْب) x4,N: 100%,7,Sea-Rescue / Bounty / Gratitude,3,1.0,njw (نجو) x4; EZm (عظم) x3; Ahl (اهل) x2,False,3,noun-only; rare (4 occ.); in named cluster: Sea-Rescue / Bounty / Gratitude
$yE,شيع,12,2,$iyEap (شِيعَة) x11; ta$iyEa (تَشِيعَ) x1,"N: 92%, V: 8%",4,"Revelation, Speech & Disbelief",9,0.917,kwn (كون) x4; E*b (عذب) x2; qwl (قول) x2; rjl (رجل) x2; Alh (اله) x2,True,6,"high Meccan concentration; bridge (6 clusters); in named cluster: Revelation, Speech & Disbelief"
bsl,بسل,2,1,>ubosilu (أُبْسِلُ) x2,V: 100%,260,,1,1.0,,False,0,verb-only; rare (2 occ.); confined to 1 surah
Hmm,حمم,21,2,Hamiym (حَمِيم) x20; yaHomuwm (يَحْمُوم) x1,"N: 71%, ADJ: 29%",175,,15,0.857,$rb (شرب) x4; E*b (عذب) x3; kfr (كفر) x3; nwr (نور) x3; $fE (شفع) x2,True,11,high Meccan concentration; high inter-cluster connectivity (11 clusters)
Hyr,حير,1,1,HayoraAn (حَيْرَان) x1,N: 100%,201,,1,1.0,,False,0,noun-only; single occurrence; confined to 1 surah
Snm,صنم,5,1,>aSonaAm (أَصْنَام) x5,N: 100%,129,,5,1.0,qwl (قول) x4; Alh (اله) x3; qwm (قوم) x2; Ekf (عكف) x2; bny (بني) x2,True,5,noun-only; rare (5 occ.); high Meccan concentration; bridge (5 clusters)
kwkb,كوكب,5,1,kawokab (كَوْكَب) x5,N: 100%,75,Witnessing the Visible Sign,5,0.8,qwl (قول) x2; rAy (راي) x2; smw (سمو) x2,False,3,noun-only; rare (5 occ.); in named cluster: Witnessing the Visible Sign
Afl,افل,4,2,>afala (أَفَلَ) x3; 'aAfiliyn (ءَافِلِين) x1,"V: 75%, N: 25%",74,,1,1.0,qwl (قول) x3; rAy (راي) x3; rbb (ربب) x3; bzg (بزغ) x2; qwm (قوم) x2,False,4,rare (4 occ.); confined to 1 surah
qmr,قمر,27,1,qamar (قَمَر) x27,N: 100%,24,,23,0.889,$ms (شمس) x18; lyl (ليل) x10; nhr (نهر) x9; Alh (اله) x8; smw (سمو) x8,True,15,noun-only; high Meccan concentration; high inter-cluster connectivity (15 clusters)
bzg,بزغ,2,2,baAzig (بَازِغ) x1; baAzigap (بَازِغَة) x1,N: 100%,74,,1,1.0,Afl (افل) x2; qwl (قول) x2; qwm (قوم) x2; rAy (راي) x2; rbb (ربب) x2,False,4,noun-only; rare (2 occ.); confined to 1 surah
qdw,قدو,2,2,{qotadiho (ٱقْتَدِهْ) x1; m~uqotaduwn (مُّقْتَدُون) x1,"V: 50%, N: 50%",4,"Revelation, Speech & Disbelief",2,1.0,qwl (قول) x2,False,1,"rare (2 occ.); in named cluster: Revelation, Speech & Disbelief"
gmr,غمر,4,2,gamorap (غَمْرَة) x3; gamara`t (غَمَرَٰت) x1,N: 100%,327,,3,1.0,,False,0,noun-only; rare (4 occ.)
frd,فرد,5,2,farod (فَرْد) x3; fura`daY` (فُرَٰدَىٰ) x2,N: 100%,19,Household Law & Lineage,4,1.0,byn (بين) x2; Aty (اتي) x2; qwl (قول) x2; wrv (ورث) x2; qwm (قوم) x2,False,3,noun-only; rare (5 occ.); high Meccan concentration; in named cluster: Household Law & Lineage
flq,فلق,4,3,faAliq (فَالِق) x2; {nfalaqa (ٱنفَلَقَ) x1; falaq (فَلَق) x1,"N: 75%, V: 25%",301,,3,1.0,,False,0,rare (4 occ.)
nwy,نوي,1,1,n~awaY` (نَّوَىٰ) x1,N: 100%,488,,1,1.0,,False,0,noun-only; single occurrence; confined to 1 surah
njm,نجم,13,1,n~ajom (نَّجْم) x13,N: 100%,24,,12,0.846,Elm (علم) x3; $ms (شمس) x3; lyl (ليل) x3; qmr (قمر) x3; Ayy (ايي) x2,True,8,noun-only; bridge (8 clusters)
wdE,ودع,4,3,musotawodaE (مُسْتَوْدَع) x2; daEo (دَعْ) x1; wad~aEa (وَدَّعَ) x1,"N: 50%, V: 50%",199,,4,0.75,qrr (قرر) x2; Alh (اله) x2,False,2,rare (4 occ.)
xDr,خضر,8,4,xuDor (خُضْر) x5; xaDir (خَضِر) x1; muxoDar~ap (مُخْضَرَّة) x1,"N: 75%, ADJ: 25%",46,,7,0.625,jnn (جنن) x2; mwh (موه) x2; nzl (نزل) x2; smw (سمو) x2; Akl (اكل) x2,True,10,high inter-cluster connectivity (10 clusters)
qnw,قنو,1,1,qinowaAn (قِنْوَان) x1,N: 100%,512,,1,1.0,,False,0,noun-only; single occurrence; confined to 1 surah
zyt,زيت,7,3,z~ayotuwn (زَّيْتُون) x5; zayotuwnap (زَيْتُونَة) x1; zayot (زَيْت) x1,N: 100%,11,Vegetative Signs / Reflective Gaze,5,0.714,nxl (نخل) x4; kll (كلل) x3; vmr (ثمر) x3; $bh (شبه) x2; $yA (شيا) x2,True,7,noun-only; bridge (7 clusters); in named cluster: Vegetative Signs / Reflective Gaze
rmn,رمن,3,1,r~um~aAn (رُّمَّان) x3,N: 100%,11,Vegetative Signs / Reflective Gaze,2,0.667,nxl (نخل) x3; $bh (شبه) x2; Hbb (حبب) x2; gyr (غير) x2; jnn (جنن) x2,False,3,noun-only; rare (3 occ.); in named cluster: Vegetative Signs / Reflective Gaze
ynE,ينع,1,1,yanoE (يَنْع) x1,N: 100%,651,,1,1.0,,False,0,noun-only; single occurrence; confined to 1 surah
xrq,خرق,4,1,xaraqa (خَرَقَ) x4,V: 100%,647,,3,1.0,,False,0,verb-only; rare (4 occ.)
wSf,وصف,14,2,yaSifu (يَصِفُ) x13; waSof (وَصْف) x1,"V: 93%, N: 7%",67,,7,1.0,Alh (اله) x8; sbH (سبح) x6; qwl (قول) x5; Elm (علم) x4; kwn (كون) x4,True,10,high Meccan concentration; high inter-cluster connectivity (10 clusters)
lTf,لطف,8,2,laTiyf (لَطِيف) x7; yatalaT~afo (يَتَلَطَّفْ) x1,"ADJ: 50%, N: 38%",415,,8,0.75,xbr (خبر) x5; Alh (اله) x4; Elm (علم) x3; $yA (شيا) x2; Hkm (حكم) x2,True,6,bridge (6 clusters)
fAd,فاد,16,1,fu&aAd (فُؤَاد) x16,N: 100%,191,,13,1.0,bSr (بصر) x7; smE (سمع) x6; $kr (شكر) x5; jEl (جعل) x5; Amn (امن) x4,True,10,noun-only; high Meccan concentration; high inter-cluster connectivity (10 clusters)
zxrf,زخرف,4,1,zuxoruf (زُخْرُف) x4,N: 100%,96,Dunya vs. Ākhirah,4,1.0,rbb (ربب) x3; jEl (جعل) x2; kll (كلل) x2; qwl (قول) x2; Hyy (حيي) x2,True,5,noun-only; rare (4 occ.); bridge (5 clusters); in named cluster: Dunya vs. Ākhirah
Sgw,صغو,2,1,Sagato (صَغَتْ) x2,V: 100%,0,The Believers' Reward,2,0.5,Amn (امن) x2,False,1,verb-only; rare (2 occ.); in named cluster: The Believers' Reward
qrf,قرف,5,2,{qotarafo (ٱقْتَرَفْ) x4; m~uqotarifuwn (مُّقْتَرِفُون) x1,"V: 80%, N: 20%",0,The Believers' Reward,3,0.8,Amn (امن) x2; rDw (رضو) x2; kwn (كون) x2; Alh (اله) x2; qwl (قول) x2,False,3,rare (5 occ.); in named cluster: The Believers' Reward
xrS,خرص,5,2,yaxoruSu (يَخْرُصُ) x4; xar~a`Suwn (خَرَّٰصُون) x1,"V: 80%, N: 20%",4,"Revelation, Speech & Disbelief",4,1.0,Alh (اله) x3; Znn (ظنن) x3; tbE (تبع) x3; ArD (ارض) x2; $rk (شرك) x2,False,4,"rare (5 occ.); high Meccan concentration; in named cluster: Revelation, Speech & Disbelief"
$rH,شرح,5,1,$araHa (شَرَحَ) x5,V: 100%,14,,5,1.0,Sdr (صدر) x5; Alh (اله) x3; Amn (امن) x2; Dll (ضلل) x2; slm (سلم) x2,True,5,verb-only; rare (5 occ.); high Meccan concentration; bridge (5 clusters)
Dyq,ضيق,13,5,DaAqa (ضَاقَ) x7; Day~iq (ضَيِّق) x2; Dayoq (ضَيْق) x2,"V: 62%, N: 31%",58,,10,0.692,Alh (اله) x5; kwn (كون) x5; Sdr (صدر) x4; qwl (قول) x4; jyA (جيا) x3,True,9,bridge (9 clusters)
*rA,ذرا,6,1,*ara>a (ذَرَأَ) x6,V: 100%,57,,6,1.0,ArD (ارض) x4; nEm (نعم) x3; jEl (جعل) x2; qwl (قول) x2; bSr (بصر) x2,True,6,verb-only; high Meccan concentration; bridge (6 clusters)
zrE,زرع,14,4,zaroE (زَرْع) x10; tazoraEu (تَزْرَعُ) x2; z~ur~aAE (زُّرَّاع) x1,"N: 86%, V: 14%",11,Vegetative Signs / Reflective Gaze,12,0.786,nxl (نخل) x5; Akl (اكل) x4; qwm (قوم) x4; gyr (غير) x3; jnn (جنن) x3,True,13,high inter-cluster connectivity (13 clusters); in named cluster: Vegetative Signs / Reflective Gaze
HSd,حصد,6,3,HaSiyd (حَصِيد) x4; HaSaAd (حَصَاد) x1; HaSad (حَصَد) x1,"N: 83%, V: 17%",11,Vegetative Signs / Reflective Gaze,6,1.0,Akl (اكل) x3; Aty (اتي) x2; Hbb (حبب) x2; jnn (جنن) x2; zrE (زرع) x2,True,8,high Meccan concentration; bridge (8 clusters); in named cluster: Vegetative Signs / Reflective Gaze
DAn,ضان,1,1,D~a>on (ضَّأْن) x1,N: 100%,101,,1,1.0,,False,0,noun-only; single occurrence; confined to 1 surah
mEz,معز,1,1,maEoz (مَعْز) x1,N: 100%,437,,1,1.0,,False,0,noun-only; single occurrence; confined to 1 surah
$ml,شمل,12,3,$~imaAl (شِّمَال) x8; {$otamalato (ٱشْتَمَلَتْ) x2; $amaA^}il (شَمَا^ئِل) x2,"N: 83%, V: 17%",23,,9,1.0,ymn (يمن) x7; kwn (كون) x3; qwl (قول) x3; Alh (اله) x3; *kr (ذكر) x2,True,9,high Meccan concentration; bridge (9 clusters)
Abl,ابل,3,2,<ibil (إِبِل) x2; >abaAbiyl (أَبَابِيل) x1,"N: 67%, ADJ: 33%",69,,3,1.0,,False,0,rare (3 occ.)
Zfr,ظفر,2,2,Zufur (ظُفُر) x1; >aZofara (أَظْفَرَ) x1,"N: 50%, V: 50%",238,,2,0.5,,False,0,rare (2 occ.)
$Hm,شحم,1,1,$uHuwm (شُحُوم) x1,N: 100%,6,,1,1.0,,False,0,noun-only; single occurrence; confined to 1 surah
Hwy,حوي,2,2,HawaAyaA^ (حَوَايَا^) x1; >aHowaY` (أَحْوَىٰ) x1,"N: 50%, ADJ: 50%",195,,2,1.0,,False,0,rare (2 occ.)
lmm,لمم,4,3,lum~a (لُمَّ) x2; l~amam (لَّمَم) x1; l~am~ (لَّمّ) x1,"V: 50%, N: 25%",4,"Revelation, Speech & Disbelief",4,0.75,Alh (اله) x2; qwl (قول) x2; rbb (ربب) x2; Elm (علم) x2,False,2,"rare (4 occ.); in named cluster: Revelation, Speech & Disbelief"
mlq,ملق,2,1,<imola`q (إِمْلَٰق) x2,N: 100%,19,Household Law & Lineage,2,1.0,qtl (قتل) x2; rzq (رزق) x2; wld (ولد) x2,False,3,noun-only; rare (2 occ.); in named cluster: Household Law & Lineage
kyl,كيل,16,4,kayol (كَيْل) x10; mikoyaAl (مِكْيَال) x2; {kotaAlu (ٱكْتَالُ) x2,"N: 75%, V: 25%",242,,7,1.0,wfy (وفي) x8; qwl (قول) x7; wzn (وزن) x6; Axw (اخو) x5; Alh (اله) x4,True,13,high Meccan concentration; high inter-cluster connectivity (13 clusters)
wzn,وزن,23,4,miyzaAn (مِيزَان) x16; wazon (وَزْن) x3; w~azanu (وَّزَنُ) x3,"N: 87%, V: 13%",242,,14,0.783,qwm (قوم) x9; kyl (كيل) x6; Alh (اله) x5; qsT (قسط) x5; kwn (كون) x4,True,15,high inter-cluster connectivity (15 clusters)
qyl,قيل,2,2,qaA^}iluwn (قَا^ئِلُون) x1; maqiyl (مَقِيل) x1,N: 100%,523,,2,1.0,,False,0,noun-only; rare (2 occ.)
Ey$,عيش,8,4,maEiy$ap (مَعِيشَة) x3; maEa`yi$ (مَعَٰيِش) x2; Eiy$ap (عِيشَة) x2,N: 100%,35,,8,1.0,jEl (جعل) x3; qll (قلل) x2; rDw (رضو) x2,False,3,noun-only; high Meccan concentration
*Am,ذام,1,1,ma*o'uwm (مَذْءُوم) x1,N: 100%,47,,1,1.0,,False,0,noun-only; single occurrence; confined to 1 surah
dHr,دحر,4,2,m~adoHuwr (مَّدْحُور) x3; duHuwr (دُحُور) x1,N: 100%,44,,3,1.0,jEl (جعل) x2,False,1,noun-only; rare (4 occ.)
wsws,وسوس,5,2,wasowasa (وَسْوَسَ) x4; wasowaAs (وَسْوَاس) x1,"V: 80%, N: 20%",20,,4,1.0,$Tn (شطن) x2; $jr (شجر) x2; mlk (ملك) x2; qwl (قول) x2; xld (خلد) x2,True,5,rare (5 occ.); high Meccan concentration; bridge (5 clusters)
nSH,نصح,13,4,naASiH (نَاصِح) x6; naSaHu (نَصَحُ) x5; nuSoH (نُصْح) x1,"N: 54%, V: 38%",77,Creation & the Appointed Term,6,0.846,rbb (ربب) x6; qwl (قول) x6; rsl (رسل) x5; Alh (اله) x4; blg (بلغ) x4,True,7,bridge (7 clusters); in named cluster: Creation & the Appointed Term
dll,دلل,8,2,dal~a (دَلَّ) x7; daliyl (دَلِيل) x1,"V: 88%, N: 12%",282,,6,0.875,qwl (قول) x5; $Tn (شطن) x2; $jr (شجر) x2; byn (بين) x2; jnn (جنن) x2,True,8,high Meccan concentration; bridge (8 clusters)
Tfq,طفق,3,1,Tafiqa (طَفِقَ) x3,V: 100%,229,,3,1.0,bdw (بدو) x2; jnn (جنن) x2; rbb (ربب) x2; swA (سوا) x2; wrq (ورق) x2,False,3,verb-only; rare (3 occ.)
xSf,خصف,2,1,yaxoSifa (يَخْصِفَ) x2,V: 100%,229,,2,1.0,Tfq (طفق) x2; bdw (بدو) x2; jnn (جنن) x2; rbb (ربب) x2; swA (سوا) x2,False,3,verb-only; rare (2 occ.)
ry$,ريش,1,1,riy$ (رِيش) x1,N: 100%,549,,1,1.0,,False,0,noun-only; single occurrence; confined to 1 surah
bdA,بدا,15,2,bada>a (بَدَأَ) x12; yubodi}u (يُبْدِئُ) x3,V: 100%,148,,11,0.933,Ewd (عود) x10; xlq (خلق) x9; Alh (اله) x8; qwl (قول) x5; kwn (كون) x5,True,9,verb-only; high Meccan concentration; bridge (9 clusters)
jml,جمل,11,5,jamiyl (جَمِيل) x7; jamal (جَمَل) x1; jamaAl (جَمَال) x1,"ADJ: 64%, N: 36%",5,The Commanded Self,9,0.818,qwl (قول) x5; Sbr (صبر) x4; srH (سرح) x3; k*b (كذب) x2; smw (سمو) x2,True,5,bridge (5 clusters); in named cluster: The Commanded Self
smm,سمم,4,2,samuwm (سَمُوم) x3; sam~ (سَمّ) x1,N: 100%,0,The Believers' Reward,4,1.0,jnn (جنن) x2,False,1,noun-only; rare (4 occ.); in named cluster: The Believers' Reward
Hjb,حجب,8,2,HijaAb (حِجَاب) x7; maHojuwbuwn (مَحْجُوبُون) x1,N: 100%,172,,8,0.875,byn (بين) x3; rsl (رسل) x3; A*n (اذن) x3; wry (وري) x3; dxl (دخل) x2,True,6,noun-only; high Meccan concentration; bridge (6 clusters)
stt,ستت,8,2,sit~ap (سِتَّة) x7; sit~iyn (سِتِّين) x1,N: 100%,12,,8,0.75,ArD (ارض) x7; smw (سمو) x7; xlq (خلق) x7; ywm (يوم) x7; Er$ (عرش) x6,True,11,noun-only; high inter-cluster connectivity (11 clusters)
Tlb,طلب,4,4,yaTolubu (يَطْلُبُ) x1; Talab (طَلَب) x1; T~aAlib (طَّالِب) x1,"N: 75%, V: 25%",77,Creation & the Appointed Term,3,0.5,Alh (اله) x2; xlq (خلق) x2,False,2,rare (4 occ.); in named cluster: Creation & the Appointed Term
Hvv,حثث,1,1,Haviyv (حَثِيث) x1,N: 100%,193,,1,1.0,,False,0,noun-only; single occurrence; confined to 1 surah
swq,سوق,17,5,siyqa (سِيقَ) x7; s~uwq (سُّوق) x4; saAq (سَاق) x4,"N: 59%, V: 41%",586,,13,0.882,rsl (رسل) x6; rbb (ربب) x5; qwl (قول) x4; byn (بين) x3; mwt (موت) x3,True,19,high Meccan concentration; high inter-cluster connectivity (19 clusters)
nkd,نكد,1,1,nakid (نَكِد) x1,N: 100%,473,,1,1.0,,False,0,noun-only; single occurrence; confined to 1 surah
nwq,نوق,7,1,naAqap (نَاقَة) x7,N: 100%,96,Dunya vs. Ākhirah,6,1.0,qwl (قول) x4; rsl (رسل) x4; Alh (اله) x3; Ayy (ايي) x3; Akl (اكل) x2,True,9,noun-only; high Meccan concentration; bridge (9 clusters); in named cluster: Dunya vs. Ākhirah
shl,سهل,1,1,suhuwl (سُهُول) x1,N: 100%,563,,1,1.0,,False,0,noun-only; single occurrence; confined to 1 surah
nHt,نحت,4,1,yanoHitu (يَنْحِتُ) x4,V: 100%,127,,4,1.0,byt (بيت) x3; jbl (جبل) x3,False,1,verb-only; rare (4 occ.)
Etw,عتو,10,4,Eata (عَتَ) x5; Eitiy~ (عِتِيّ) x2; Eutuw~ (عُتُوّ) x2,"V: 50%, N: 40%",84,,7,0.9,rbb (ربب) x5; qwl (قول) x4; Amr (امر) x3; kwn (كون) x3; Eqr (عقر) x2,False,4,high Meccan concentration
rjf,رجف,8,4,r~ajofap (رَّجْفَة) x4; tarojufu (تَرْجُفُ) x2; murojifuwn (مُرْجِفُون) x1,"N: 75%, V: 25%",95,,5,0.875,Ax* (اخذ) x4; SbH (صبح) x3; dwr (دور) x3; jvm (جثم) x3; ywm (يوم) x2,False,2,high Meccan concentration
jvm,جثم,5,1,ja`vimiyn (جَٰثِمِين) x5,N: 100%,95,,3,1.0,Ax* (اخذ) x5; SbH (صبح) x5; dwr (دور) x5; rjf (رجف) x3; SyH (صيح) x2,False,2,noun-only; rare (5 occ.); high Meccan concentration
gbr,غبر,8,2,ga`biriyn (غَٰبِرِين) x7; gabarap (غَبَرَة) x1,N: 100%,19,Household Law & Lineage,7,1.0,mrA (مرا) x5; Ahl (اهل) x4; njw (نجو) x4; kwn (كون) x3; qdr (قدر) x2,True,5,noun-only; high Meccan concentration; bridge (5 clusters); in named cluster: Household Law & Lineage
DHw,ضحو,7,2,DuHFY (ضُحًى) x6; taDoHaY` (تَضْحَىٰ) x1,"N: 57%, T: 29%",78,,5,1.0,ywm (يوم) x2,False,1,high Meccan concentration
vEb,ثعب,2,1,vuEobaAn (ثُعْبَان) x2,N: 100%,73,,2,1.0,ESw (عصو) x2; byn (بين) x2; lqy (لقي) x2,False,2,noun-only; rare (2 occ.)
mdn,مدن,17,2,madiynap (مَدِينَة) x14; madaA^}in (مَدَا^ئِن) x3,"N: 76%, PN: 24%",183,,11,0.765,qwl (قول) x10; rsl (رسل) x5; Ahl (اهل) x5; Elm (علم) x4; xrj (خرج) x4,True,12,high inter-cluster connectivity (12 clusters)
lqf,لقف,3,1,taloqafu (تَلْقَفُ) x3,V: 100%,73,,3,1.0,lqy (لقي) x3; Afk (افك) x2; ESw (عصو) x2,False,1,verb-only; rare (3 occ.)
jrd,جرد,2,1,jaraAd (جَرَاد) x2,N: 100%,376,,2,1.0,,False,0,noun-only; rare (2 occ.)
qml,قمل,1,1,qum~al (قُمَّل) x1,N: 100%,510,,1,1.0,,False,0,noun-only; single occurrence; confined to 1 surah
DfdE,ضفدع,1,1,D~afaAdiE (ضَّفَادِع) x1,N: 100%,105,,1,1.0,,False,0,noun-only; single occurrence; confined to 1 surah
nkv,نكث,7,2,n~akava (نَّكَثَ) x6; >anka`v (أَنكَٰث) x1,"V: 86%, N: 14%",8,Allegiance & the Object of Worship,5,0.429,ymn (يمن) x3; Alh (اله) x3; k$f (كشف) x2; Amm (امم) x2; Ehd (عهد) x2,True,5,bridge (5 clusters); in named cluster: Allegiance & the Object of Worship
dmr,دمر,10,2,dam~ara (دَمَّرَ) x8; tadomiyr (تَدْمِير) x2,"V: 80%, N: 20%",4,"Revelation, Speech & Disbelief",8,0.9,qwm (قوم) x4; kwn (كون) x3; ArD (ارض) x2; rbb (ربب) x2; Amr (امر) x2,True,5,"high Meccan concentration; bridge (5 clusters); in named cluster: Revelation, Speech & Disbelief"
tbr,تبر,6,4,tab~aro (تَبَّرْ) x2; tatobiyr (تَتْبِير) x2; mutab~ar (مُتَبَّر) x1,"N: 67%, V: 33%",0,The Believers' Reward,4,1.0,dxl (دخل) x2,False,1,high Meccan concentration; in named cluster: The Believers' Reward
jlw,جلو,5,3,tajal~aY` (تَجَلَّىٰ) x2; jal~aY` (جَلَّىٰ) x2; jalaA^' (جَلَا^ء) x1,"V: 80%, N: 20%",369,,4,0.8,qwl (قول) x2; rbb (ربب) x2; wqt (وقت) x2; Alh (اله) x2; nhr (نهر) x2,False,4,rare (5 occ.)
dkk,دكك,7,4,dak~ (دَكّ) x3; duk~ati (دُكَّتِ) x2; dak~aA^' (دَكَّا^ء) x1,"N: 71%, V: 29%",127,,4,1.0,jEl (جعل) x2; jbl (جبل) x2; jyA (جيا) x2; kwn (كون) x2; qwl (قول) x2,False,4,high Meccan concentration
xrr,خرر,12,1,xar~a (خَرَّ) x12,V: 100%,56,,10,0.917,rbb (ربب) x5; Amn (امن) x4; qwl (قول) x4; sjd (سجد) x4; kwn (كون) x3,True,14,verb-only; high Meccan concentration; high inter-cluster connectivity (14 clusters)
lwH,لوح,6,2,lawoH (لَوْح) x5; law~aAHap (لَوَّاحَة) x1,N: 100%,86,,4,1.0,Ax* (اخذ) x3; Amr (امر) x2; qwm (قوم) x2; gDb (غضب) x2; rbb (ربب) x2,True,5,noun-only; high Meccan concentration; bridge (5 clusters)
Hly,حلي,9,3,Hiloyap (حِلْيَة) x4; Hul~u (حُلُّ) x4; Huliy~ (حُلِيّ) x1,"N: 56%, V: 44%",7,Sea-Rescue / Bounty / Gratitude,8,0.667,lbs (لبس) x5; *hb (ذهب) x4; swr (سور) x4; rAy (راي) x3; bgy (بغي) x3,True,8,bridge (8 clusters); in named cluster: Sea-Rescue / Bounty / Gratitude
jsd,جسد,4,1,jasad (جَسَد) x4,"N: 75%, ADJ: 25%",128,,4,1.0,Ejl (عجل) x2; kwn (كون) x2; xwr (خور) x2,False,2,rare (4 occ.)
xwr,خور,2,1,xuwaAr (خُوَار) x2,N: 100%,128,,2,1.0,Ejl (عجل) x2; jsd (جسد) x2,False,1,noun-only; rare (2 occ.)
Asf,اسف,5,3,>asif (أَسِف) x2; >asaf (أَسَف) x2; 'aAsafu (ءَاسَفُ) x1,"N: 80%, V: 20%",86,,5,1.0,qwl (قول) x3; gDb (غضب) x2; qwm (قوم) x2; rbb (ربب) x2; rjE (رجع) x2,False,3,rare (5 occ.); high Meccan concentration
jrr,جرر,1,1,yajur~u (يَجُرُّ) x1,V: 100%,378,,1,1.0,,False,0,verb-only; single occurrence; confined to 1 surah
$mt,شمت,1,1,tu$omito (تُشْمِتْ) x1,V: 100%,25,,1,1.0,,False,0,verb-only; single occurrence; confined to 1 surah
skt,سكت,1,1,sakata (سَكَتَ) x1,V: 100%,570,,1,1.0,,False,0,verb-only; single occurrence; confined to 1 surah
bjs,بجس,1,1,{n[bajasato (ٱن[بَجَسَتْ) x1,V: 100%,252,,1,1.0,,False,0,verb-only; single occurrence; confined to 1 surah
Hwt,حوت,5,1,Huwt (حُوت) x5,N: 100%,7,Sea-Rescue / Bounty / Gratitude,4,1.0,bHr (بحر) x3; kwn (كون) x2; Ax* (اخذ) x2; nsy (نسي) x2; sbl (سبل) x2,False,4,noun-only; rare (5 occ.); high Meccan concentration; in named cluster: Sea-Rescue / Bounty / Gratitude
E*r,عذر,12,5,yaEota*iru (يَعْتَذِرُ) x5; maEo*irap (مَعْذِرَة) x3; Eu*or (عُذْر) x2,"N: 58%, V: 42%",62,The Prepared Fire,8,0.583,Alh (اله) x3; E*b (عذب) x3; qwl (قول) x3; kfr (كفر) x3; kwn (كون) x3,True,7,bridge (7 clusters); in named cluster: The Prepared Fire
ntq,نتق,1,1,nataqo (نَتَقْ) x1,V: 100%,481,,1,1.0,,False,0,verb-only; single occurrence; confined to 1 surah
slx,سلخ,3,2,{nsalaxa (ٱنسَلَخَ) x2; nasolaxu (نَسْلَخُ) x1,V: 100%,4,"Revelation, Speech & Disbelief",3,0.667,Aty (اتي) x2; Ayy (ايي) x2,False,1,"verb-only; rare (3 occ.); in named cluster: Revelation, Speech & Disbelief"
lhv,لهث,2,1,yalohavo (يَلْهَثْ) x2,V: 100%,425,,1,1.0,,False,0,verb-only; rare (2 occ.); confined to 1 surah
lHd,لحد,6,3,yuloHidu (يُلْحِدُ) x3; mulotaHad (مُلْتَحَد) x2; <iloHaAd (إِلْحَاد) x1,"V: 50%, N: 50%",8,Allegiance & the Object of Worship,6,0.833,Alh (اله) x3; Eml (عمل) x2; qwl (قول) x2; dwn (دون) x2; wjd (وجد) x2,False,4,in named cluster: Allegiance & the Object of Worship
mtn,متن,3,1,matiyn (مَتِين) x3,"N: 67%, ADJ: 33%",411,,3,1.0,kyd (كيد) x2; mlw (ملو) x2,False,1,rare (3 occ.)
rsw,رسو,14,3,rawa`siY (رَوَٰسِى) x10; murosaY` (مُرْسَىٰ) x3; >arosaY` (أَرْسَىٰ) x1,"N: 93%, V: 7%",448,,13,0.929,ArD (ارض) x8; jEl (جعل) x5; kll (كلل) x4; lqy (لقي) x4; Alh (اله) x3,True,13,high Meccan concentration; high inter-cluster connectivity (13 clusters)
Hfw,حفو,3,2,Hafiy~ (حَفِيّ) x2; yuHofi (يُحْفِ) x1,"N: 67%, V: 33%",4,"Revelation, Speech & Disbelief",3,0.667,qwl (قول) x2; rbb (ربب) x2; sAl (سال) x2,False,1,"rare (3 occ.); in named cluster: Revelation, Speech & Disbelief"
Smt,صمت,1,1,Sa`mituwn (صَٰمِتُون) x1,N: 100%,217,,1,1.0,,False,0,noun-only; single occurrence; confined to 1 surah
bT$,بطش,10,3,baTa$o (بَطَشْ) x5; baTo$ (بَطْش) x3; baTo$ap (بَطْشَة) x2,"V: 50%, N: 50%",246,,8,1.0,$dd (شدد) x3; qwl (قول) x2; jbr (جبر) x2; hlk (هلك) x2,False,2,high Meccan concentration
nzg,نزغ,6,2,n~azaga (نَّزَغَ) x4; nazog (نَزْغ) x2,"V: 67%, N: 33%",9,,4,1.0,$Tn (شطن) x4; Elm (علم) x3; Alh (اله) x2; Ew* (عوذ) x2; smE (سمع) x2,True,5,high Meccan concentration; bridge (5 clusters)
nSt,نصت,2,1,>anSitu (أَنصِتُ) x2,V: 100%,191,,2,1.0,qrA (قرا) x2; smE (سمع) x2,False,2,verb-only; rare (2 occ.)
ASl,اصل,10,2,>aSiyl (أَصِيل) x7; >aSol (أَصْل) x3,"N: 60%, T: 40%",67,,10,0.4,Alh (اله) x5; smw (سمو) x4; bkr (بكر) x4; *kr (ذكر) x3; gdw (غدو) x3,True,7,bridge (7 clusters)
nfl,نفل,4,2,>anfaAl (أَنفَال) x2; naAfilap (نَافِلَة) x2,N: 100%,0,The Believers' Reward,3,0.5,SlH (صلح) x2,False,1,noun-only; rare (4 occ.); in named cluster: The Believers' Reward
wjl,وجل,5,3,wajilato (وَجِلَتْ) x3; wajiluwn (وَجِلُون) x1; wajilap (وَجِلَة) x1,"V: 60%, N: 20%",28,,4,0.6,qlb (قلب) x3; *kr (ذكر) x2; Alh (اله) x2; rbb (ربب) x2; qwl (قول) x2,False,4,rare (5 occ.)
$wk,شوك,1,1,$~awokap (شَّوْكَة) x1,N: 100%,40,,1,0.0,,False,0,noun-only; single occurrence; confined to 1 surah
gwv,غوث,5,2,{sotaga`va (ٱسْتَغَٰثَ) x4; yugaAvu (يُغَاثُ) x1,V: 100%,4,"Revelation, Speech & Disbelief",4,0.8,qwl (قول) x3; rbb (ربب) x2; Amn (امن) x2; Hqq (حقق) x2,False,2,"verb-only; rare (5 occ.); in named cluster: Revelation, Speech & Disbelief"
rdf,ردف,3,3,murodifiyn (مُرْدِفِين) x1; radifa (رَدِفَ) x1; r~aAdifap (رَّادِفَة) x1,"N: 67%, V: 33%",528,,3,0.667,,False,0,rare (3 occ.)
Enq,عنق,9,1,Eunuq (عُنُق) x9,N: 100%,137,,8,0.778,gll (غلل) x5; kfr (كفر) x3; kll (كلل) x3; jEl (جعل) x3; lqy (لقي) x2,True,6,noun-only; bridge (6 clusters)
bnn,بنن,2,1,banaAn (بَنَان) x2,N: 100%,254,,2,0.5,,False,0,noun-only; rare (2 occ.)
zHf,زحف,1,1,zaHof (زَحْف) x1,N: 100%,653,,1,0.0,,False,0,noun-only; single occurrence; confined to 1 surah
Hwz,حوز,1,1,mutaHay~iz (مُتَحَيِّز) x1,N: 100%,196,,1,0.0,,False,0,noun-only; single occurrence; confined to 1 surah
mkw,مكو,1,1,mukaA^' (مُكَا^ء) x1,N: 100%,442,,1,0.0,,False,0,noun-only; single occurrence; confined to 1 surah
Sdy,صدي,2,2,taSodiyap (تَصْدِيَة) x1; taSad~aY` (تَصَدَّىٰ) x1,"N: 50%, V: 50%",207,,2,0.5,,False,0,rare (2 occ.)
rkm,ركم,3,3,yarokuma (يَرْكُمَ) x1; rukaAm (رُكَام) x1; m~arokuwm (مَّرْكُوم) x1,"N: 67%, V: 33%",75,Witnessing the Visible Sign,3,0.333,Alh (اله) x2; jEl (جعل) x2; rAy (راي) x2; sHb (سحب) x2; smw (سمو) x2,False,4,rare (3 occ.); in named cluster: Witnessing the Visible Sign
mDy,مضي,5,2,maDaY` (مَضَىٰ) x4; muDiy~ (مُضِيّ) x1,"V: 80%, N: 20%",4,"Revelation, Speech & Disbelief",5,0.8,Awl (اول) x2; qwl (قول) x2,False,1,"rare (5 occ.); in named cluster: Revelation, Speech & Disbelief"
qSw,قصو,5,3,>aqoSaA (أَقْصَا) x3; quSowaY` (قُصْوَىٰ) x1; qaSiy~ (قَصِيّ) x1,"ADJ: 60%, N: 40%",183,,5,0.8,Amr (امر) x2; kwn (كون) x2; smE (سمع) x2; jyA (جيا) x2; mdn (مدن) x2,True,5,rare (5 occ.); bridge (5 clusters)
bTr,بطر,2,2,baTar (بَطَر) x1; baTirato (بَطِرَتْ) x1,"N: 50%, V: 50%",4,"Revelation, Speech & Disbelief",2,0.5,kwn (كون) x2,False,1,"rare (2 occ.); in named cluster: Revelation, Speech & Disbelief"
nkS,نكص,2,1,nakaSa (نَكَصَ) x2,V: 100%,4,"Revelation, Speech & Disbelief",2,0.5,Eqb (عقب) x2,False,1,"verb-only; rare (2 occ.); in named cluster: Revelation, Speech & Disbelief"
$rd,شرد,1,1,$ar~ido (شَرِّدْ) x1,V: 100%,32,,1,0.0,,False,0,verb-only; single occurrence; confined to 1 surah
vxn,ثخن,2,1,>avoxan (أَثْخَن) x2,V: 100%,8,Allegiance & the Object of Worship,2,0.0,Alh (اله) x2,False,1,verb-only; rare (2 occ.); in named cluster: Allegiance & the Object of Worship
syH,سيح,3,3,siyHu (سِيحُ) x1; s~a`^}iHuwn (سَّٰ^ئِحُون) x1; sa`^}iHa`t (سَٰ^ئِحَٰت) x1,"V: 33%, N: 33%",90,Sin–Mercy Economy,2,0.0,Alh (اله) x2; Amn (امن) x2; Ebd (عبد) x2; twb (توب) x2,False,3,rare (3 occ.); in named cluster: Sin–Mercy Economy
rSd,رصد,6,4,raSad (رَصَد) x2; miroSaAd (مِرْصَاد) x2; maroSad (مَرْصَد) x1,"N: 83%, ADJ: 17%",66,Jihād fī Sabīl Allāh,4,0.667,Alh (اله) x2; Ax* (اخذ) x2; qEd (قعد) x2; wjd (وجد) x2; byn (بين) x2,True,5,bridge (5 clusters); in named cluster: Jihād fī Sabīl Allāh
All,الل,2,1,<il~ (إِلّ) x2,N: 100%,55,,1,0.0,*mm (ذمم) x2; rqb (رقب) x2,False,1,noun-only; rare (2 occ.); confined to 1 surah
*mm,ذمم,5,2,ma*omuwm (مَذْمُوم) x3; *im~ap (ذِمَّة) x2,N: 100%,55,,3,0.6,All (الل) x2; rqb (رقب) x2; jEl (جعل) x2,False,2,noun-only; rare (5 occ.)
$fy,شفي,6,2,$ifaA^' (شِفَا^ء) x4; ya$ofi (يَشْفِ) x2,"N: 67%, V: 33%",14,,6,0.833,Amn (امن) x4; Sdr (صدر) x2; qwm (قوم) x2; hdy (هدي) x2; nws (نوس) x2,True,5,bridge (5 clusters)
ksd,كسد,1,1,kasaAd (كَسَاد) x1,N: 100%,407,,1,0.0,,False,0,noun-only; single occurrence; confined to 1 surah
wTn,وطن,1,1,mawaATin (مَوَاطِن) x1,N: 100%,609,,1,0.0,,False,0,noun-only; single occurrence; confined to 1 surah
rHb,رحب,4,2,raHubato (رَحُبَتْ) x2; maroHab (مَرْحَب) x2,"V: 50%, N: 50%",58,,2,0.5,Alh (اله) x2; ArD (ارض) x2; Dyq (ضيق) x2,False,3,rare (4 occ.)
njs,نجس,1,1,najas (نَجَس) x1,N: 100%,471,,1,0.0,,False,0,noun-only; single occurrence; confined to 1 surah
Eyl,عيل,2,2,Eayolap (عَيْلَة) x1; EaA^}il (عَا^ئِل) x1,N: 100%,82,,2,0.5,gny (غني) x2,False,1,noun-only; rare (2 occ.)
ETw,عطو,14,3,>aEoTaY` (أَعْطَىٰ) x8; EaTaA^' (عَطَا^ء) x5; taEaATaY` (تَعَاطَىٰ) x1,"V: 64%, N: 36%",0,The Believers' Reward,11,0.786,rbb (ربب) x5; jzy (جزي) x2; rDw (رضو) x2; $yA (شيا) x2; gyr (غير) x2,True,5,bridge (5 clusters); in named cluster: The Believers' Reward
DhA,ضها,1,1,yuDa`hi_#u (يُضَٰهِـ#ُ) x1,V: 100%,106,,1,0.0,,False,0,verb-only; single occurrence; confined to 1 surah
knz,كنز,9,2,kanz (كَنز) x6; kanazo (كَنَزْ) x3,"N: 67%, V: 33%",4,"Revelation, Speech & Disbelief",6,0.667,kwn (كون) x4; Alh (اله) x3; qwl (قول) x3; Akl (اكل) x2; Awl (اول) x2,False,3,"in named cluster: Revelation, Speech & Disbelief"
kwy,كوي,1,1,tukowaY` (تُكْوَىٰ) x1,V: 100%,410,,1,0.0,,False,0,verb-only; single occurrence; confined to 1 surah
jbh,جبه,1,1,jibaAh (جِبَاه) x1,N: 100%,359,,1,0.0,,False,0,noun-only; single occurrence; confined to 1 surah
nsA,نسا,2,2,n~asiY^' (نَّسِى^ء) x1; minsa>at (مِنسَأَت) x1,N: 100%,478,,2,0.5,,False,0,noun-only; rare (2 occ.)
wTA,وطا,6,4,yaTa_#u (يَطَـ#ُ) x3; yuwaATi_#u (يُوَاطِـ#ُ) x1; mawoTi} (مَوْطِئ) x1,"V: 67%, N: 33%",174,,4,0.167,Alh (اله) x4; kfr (كفر) x3; Eml (عمل) x2; Hll (حلل) x2; Hrm (حرم) x2,True,7,bridge (7 clusters)
gwr,غور,4,3,gawor (غَوْر) x2; gaAr (غَار) x1; maga`ra`t (مَغَٰرَٰت) x1,N: 100%,95,,3,0.5,qwl (قول) x2; rAy (راي) x2; SbH (صبح) x2; mwh (موه) x2,False,4,noun-only; rare (4 occ.)
vbT,ثبط,1,1,vab~aTa (ثَبَّطَ) x1,V: 100%,595,,1,0.0,,False,0,verb-only; single occurrence; confined to 1 surah
zhq,زهق,5,3,zahaqa (زَهَقَ) x3; zahuwq (زَهُوق) x1; zaAhiq (زَاهِق) x1,"V: 60%, N: 40%",4,"Revelation, Speech & Disbelief",3,0.6,Alh (اله) x2; E*b (عذب) x2; Ejb (عجب) x2; dnw (دنو) x2; kfr (كفر) x2,True,8,"rare (5 occ.); bridge (8 clusters); in named cluster: Revelation, Speech & Disbelief"
ljA,لجا,3,1,m~aloja< (مَّلْجَإ) x3,N: 100%,8,Allegiance & the Object of Worship,2,0.333,Alh (اله) x2,False,1,noun-only; rare (3 occ.); in named cluster: Allegiance & the Object of Worship
jmH,جمح,1,1,yajomaHu (يَجْمَحُ) x1,V: 100%,370,,1,0.0,,False,0,verb-only; single occurrence; confined to 1 surah
lmz,لمز,4,2,yalomizu (يَلْمِزُ) x3; l~umazap (لُّمَزَة) x1,"V: 75%, N: 25%",24,,3,0.25,Sdq (صدق) x2; Amn (امن) x2; sxr (سخر) x2,False,3,rare (4 occ.)
grm,غرم,6,4,m~agoram (مَّغْرَم) x3; ga`rimiyn (غَٰرِمِين) x1; garaAm (غَرَام) x1,N: 100%,59,,5,0.667,Alh (اله) x2; Elm (علم) x2; Ajr (اجر) x2; sAl (سال) x2; vql (ثقل) x2,False,4,noun-only
DHk,ضحك,10,4,DaHikato (ضَحِكَتْ) x7; DaAHik (ضَاحِك) x1; >aDoHaka (أَضْحَكَ) x1,"V: 80%, N: 20%",102,,8,0.9,bky (بكي) x3; kwn (كون) x3; b$r (بشر) x2; Amn (امن) x2,False,3,high Meccan concentration
bky,بكي,7,3,bakato (بَكَتْ) x5; bukiy~ (بُكِيّ) x1; >abokaY` (أَبْكَىٰ) x1,"V: 86%, N: 14%",102,,6,0.857,DHk (ضحك) x3; kwn (كون) x2; xrr (خرر) x2,False,3,high Meccan concentration
qbr,قبر,8,3,qabor (قَبْر) x6; >aqobara (أَقْبَرَ) x1; maqaAbir (مَقَابِر) x1,"N: 88%, V: 12%",243,,8,0.625,Alh (اله) x4; mwt (موت) x3; kfr (كفر) x2; qwm (قوم) x2; bEvr (بعثر) x2,False,4,
Erb,عرب,22,3,Earabiy~ (عَرَبِيّ) x11; >aEoraAb (أَعْرَاب) x10; Eurub (عُرُب) x1,"N: 50%, ADJ: 50%",4,"Revelation, Speech & Disbelief",15,0.5,Alh (اله) x9; qrA (قرا) x7; Elm (علم) x6; rsl (رسل) x5; qwl (قول) x5,True,16,"high inter-cluster connectivity (16 clusters); in named cluster: Revelation, Speech & Disbelief"
jdr,جدر,4,3,jidaAr (جِدَار) x2; >ajodar (أَجْدَر) x1; judur (جُدُر) x1,N: 100%,4,"Revelation, Speech & Disbelief",3,0.5,$dd (شدد) x3; qry (قري) x2; qwm (قوم) x2; rwd (رود) x2,False,3,"noun-only; rare (4 occ.); in named cluster: Revelation, Speech & Disbelief"
Ass,اسس,3,1,>as~asa (أَسَّسَ) x3,V: 100%,5,The Commanded Self,1,0.0,Alh (اله) x2; qwm (قوم) x2; wqy (وقي) x2,False,2,verb-only; rare (3 occ.); in named cluster: The Commanded Self; confined to 1 surah
jrf,جرف,1,1,juruf (جُرُف) x1,N: 100%,377,,1,0.0,,False,0,noun-only; single occurrence; confined to 1 surah
hwr,هور,2,2,haAr (هَار) x1; {nohaAra (ٱنْهَارَ) x1,"N: 50%, V: 50%",350,,1,0.0,,False,0,rare (2 occ.); confined to 1 surah
Awh,اوه,2,1,>aw~a`h (أَوَّٰه) x2,N: 100%,93,,2,0.5,Hlm (حلم) x2,False,1,noun-only; rare (2 occ.)
ZmA,ظما,3,3,Zama> (ظَمَأ) x1; taZoma&uA@ (تَظْمَؤُا@) x1; Z~amo_#aAn (ظَّمْـ#َان) x1,"N: 67%, V: 33%",0,The Believers' Reward,3,0.333,Alh (اله) x2; Eml (عمل) x2; kfr (كفر) x2,False,3,rare (3 occ.); in named cluster: The Believers' Reward
ESf,عصف,7,5,EaASif (عَاصِف) x2; EaSof (عَصْف) x2; EaASifap (عَاصِفَة) x1,"N: 86%, ADJ: 14%",97,,6,0.857,rwH (روح) x4; jry (جري) x2; kll (كلل) x2; kwn (كون) x2; $yA (شيا) x2,False,4,high Meccan concentration
mwj,موج,7,2,mawoj (مَوْج) x6; yamuwju (يَمُوجُ) x1,"N: 86%, V: 14%",7,Sea-Rescue / Bounty / Gratitude,5,0.714,Alh (اله) x4; kwn (كون) x3; bHr (بحر) x2; brr (برر) x2; dEw (دعو) x2,True,9,bridge (9 clusters); in named cluster: Sea-Rescue / Bounty / Gratitude
rhq,رهق,10,3,yarohaqu (يَرْهَقُ) x5; yurohiqa (يُرْهِقَ) x3; rahaq (رَهَق) x2,"V: 80%, N: 20%",54,,7,1.0,*ll (ذلل) x4; kwn (كون) x4; SHb (صحب) x2; jnn (جنن) x2; qtr (قتر) x2,True,6,high Meccan concentration; bridge (6 clusters)
$An,شان,4,1,$a>on (شَأْن) x4,N: 100%,1,,4,0.5,ArD (ارض) x2; kwn (كون) x2; smw (سمو) x2; kll (كلل) x2,False,3,noun-only; rare (4 occ.)
Ezb,عزب,2,1,yaEozubu (يَعْزُبُ) x2,V: 100%,59,,2,1.0,*rr (ذرر) x2; ArD (ارض) x2; Sgr (صغر) x2; byn (بين) x2; kbr (كبر) x2,False,3,verb-only; rare (2 occ.)
lft,لفت,3,2,yalotafito (يَلْتَفِتْ) x2; talofita (تَلْفِتَ) x1,V: 100%,422,,3,1.0,qwl (قول) x2; AHd (احد) x2; Ahl (اهل) x2; lyl (ليل) x2; qTE (قطع) x2,True,5,verb-only; rare (3 occ.); bridge (5 clusters)
bdn,بدن,2,2,badan (بَدَن) x1; budon (بُدْن) x1,N: 100%,248,,2,0.5,,False,0,noun-only; rare (2 occ.)
xbt,خبت,3,2,>axobatu (أَخْبَتُ) x2; muxobitiyn (مُخْبِتِين) x1,"V: 67%, N: 33%",0,The Believers' Reward,2,0.333,Amn (امن) x2; rbb (ربب) x2; Alh (اله) x2,False,3,rare (3 occ.); in named cluster: The Believers' Reward
r*l,رذل,4,1,>aro*al (أَرْذَل) x4,N: 100%,135,,4,0.75,qwl (قول) x2; rAy (راي) x2; tbE (تبع) x2; $yA (شيا) x2; Elm (علم) x2,True,5,noun-only; rare (4 occ.); bridge (5 clusters)
lzm,لزم,5,2,>alozama (أَلْزَمَ) x3; lizaAm (لِزَام) x2,"V: 60%, N: 40%",4,"Revelation, Speech & Disbelief",5,0.8,kwn (كون) x4; rbb (ربب) x3; qwl (قول) x2; qwm (قوم) x2; kll (كلل) x2,False,3,"rare (5 occ.); in named cluster: Revelation, Speech & Disbelief"
zry,زري,1,1,tazodariY^ (تَزْدَرِى^) x1,V: 100%,664,,1,1.0,,False,0,verb-only; single occurrence; confined to 1 surah
blE,بلع,1,1,{bolaEi (ٱبْلَعِ) x1,V: 100%,253,,1,1.0,,False,0,verb-only; single occurrence; confined to 1 surah
qlE,قلع,1,1,>aqoliEi (أَقْلِعِ) x1,V: 100%,504,,1,1.0,,False,0,verb-only; single occurrence; confined to 1 surah
gyD,غيض,2,1,giyDa (غِيضَ) x2,V: 100%,331,,2,0.5,,False,0,verb-only; rare (2 occ.)
nSy,نصي,4,2,naASiyap (نَاصِيَة) x3; n~awa`SiY (نَّوَٰصِى) x1,N: 100%,95,,3,0.75,Ax* (اخذ) x2,False,1,noun-only; rare (4 occ.)
SyH,صيح,13,1,SayoHap (صَيْحَة) x13,N: 100%,95,,9,0.923,Ax* (اخذ) x7; wHd (وحد) x5; Zlm (ظلم) x4; kwn (كون) x4; SbH (صبح) x3,True,6,noun-only; high Meccan concentration; bridge (6 clusters)
Hn*,حنذ,1,1,Haniy* (حَنِيذ) x1,ADJ: 100%,177,,1,1.0,,False,0,single occurrence; confined to 1 surah
wjs,وجس,3,1,>awojasa (أَوْجَسَ) x3,V: 100%,202,,3,1.0,xwf (خوف) x3; qwl (قول) x2,False,2,verb-only; rare (3 occ.)
$yx,شيخ,4,1,$ayox (شَيْخ) x4,"ADJ: 75%, N: 25%",4,"Revelation, Speech & Disbelief",4,1.0,qwl (قول) x3; Abw (ابو) x2; kbr (كبر) x2; kwn (كون) x2,False,2,"rare (4 occ.); in named cluster: Revelation, Speech & Disbelief"
mjd,مجد,4,1,m~ajiyd (مَّجِيد) x4,ADJ: 100%,4,"Revelation, Speech & Disbelief",3,1.0,qrA (قرا) x2,False,1,"rare (4 occ.); in named cluster: Revelation, Speech & Disbelief"
rwE,روع,1,1,r~awoE (رَّوْع) x1,N: 100%,546,,1,1.0,,False,0,noun-only; single occurrence; confined to 1 surah
nwb,نوب,18,2,>anaAba (أَنَابَ) x11; m~uniyb (مُّنِيب) x7,"V: 61%, N: 33%",8,Allegiance & the Object of Worship,11,0.889,rbb (ربب) x8; Alh (اله) x7; kwn (كون) x5; qwl (قول) x5; $yA (شيا) x5,True,13,high Meccan concentration; high inter-cluster connectivity (13 clusters); in named cluster: Allegiance & the Object of Worship
*rE,ذرع,5,2,*aroE (ذَرْع) x3; *iraAE (ذِرَاع) x2,N: 100%,58,,4,1.0,Dyq (ضيق) x2; jyA (جيا) x2; qwl (قول) x2; rsl (رسل) x2; swA (سوا) x2,False,3,noun-only; rare (5 occ.); high Meccan concentration
ESb,عصب,5,2,EuSobap (عُصْبَة) x4; EaSiyb (عَصِيب) x1,"N: 80%, ADJ: 20%",11,Vegetative Signs / Reflective Gaze,4,0.8,qwl (قول) x4; jyA (جيا) x2; Hbb (حبب) x2,False,2,rare (5 occ.); in named cluster: Vegetative Signs / Reflective Gaze
hrE,هرع,2,1,yuhoraEu (يُهْرَعُ) x2,V: 100%,348,,2,1.0,,False,0,verb-only; rare (2 occ.)
Dyf,ضيف,6,2,Dayof (ضَيْف) x5; yuDay~ifu (يُضَيِّفُ) x1,"N: 83%, V: 17%",71,,5,1.0,qwl (قول) x3; qwm (قوم) x2; Aty (اتي) x2; rwd (رود) x2,False,3,high Meccan concentration
rkn,ركن,4,2,rukon (رُكْن) x2; tarokanu (تَرْكَنُ) x2,"N: 50%, V: 50%",8,Allegiance & the Object of Worship,3,1.0,qwl (قول) x2; wly (ولي) x2,False,2,rare (4 occ.); in named cluster: Allegiance & the Object of Worship
sry,سري,8,3,>asoraY` (أَسْرَىٰ) x6; sariy~ (سَرِيّ) x1; yasori (يَسْرِ) x1,"V: 88%, N: 12%",422,,8,1.0,lyl (ليل) x5; Ebd (عبد) x4; tbE (تبع) x3; AHd (احد) x2; Ahl (اهل) x2,True,6,high Meccan concentration; bridge (6 clusters)
sjl,سجل,4,2,sij~iyl (سِجِّيل) x3; s~ijil~ (سِّجِلّ) x1,N: 100%,131,,4,1.0,Hjr (حجر) x3; Elw (علو) x2; jEl (جعل) x2; mTr (مطر) x2; sfl (سفل) x2,False,2,noun-only; rare (4 occ.)
nDd,نضد,3,2,m~anDuwd (مَّنضُود) x2; n~aDiyd (نَّضِيد) x1,"ADJ: 67%, N: 33%",452,,3,1.0,,False,0,rare (3 occ.)
rhT,رهط,3,1,rahoT (رَهْط) x3,N: 100%,4,"Revelation, Speech & Disbelief",2,1.0,Ezz (عزز) x2; qwl (قول) x2,False,1,"noun-only; rare (3 occ.); in named cluster: Revelation, Speech & Disbelief"
wrd,ورد,11,7,waArid (وَارِد) x3; wirod (وِرْد) x2; warada (وَرَدَ) x2,"N: 73%, V: 27%",8,Allegiance & the Object of Worship,7,0.909,Alh (اله) x3; kwn (كون) x3; Elm (علم) x2; qwl (قول) x2; dwn (دون) x2,False,2,high Meccan concentration; in named cluster: Allegiance & the Object of Worship
rfd,رفد,2,2,r~ifod (رِّفْد) x1; marofuwd (مَرْفُود) x1,N: 100%,530,,1,1.0,,False,0,noun-only; rare (2 occ.); confined to 1 surah
tbb,تبب,4,3,tab~a (تَبَّ) x2; tatobiyb (تَتْبِيب) x1; tabaAb (تَبَاب) x1,"N: 50%, V: 50%",8,Allegiance & the Object of Worship,3,1.0,Alh (اله) x2,False,1,rare (4 occ.); in named cluster: Allegiance & the Object of Worship
$qw,شقو,12,4,$aqiy~ (شَقِيّ) x4; $aqu (شَقُ) x4; >a$oqaY (أَشْقَى) x3,"N: 50%, V: 33%",8,Allegiance & the Object of Worship,7,1.0,qwl (قول) x4; kwn (كون) x3; rbb (ربب) x3; Aty (اتي) x2; dEw (دعو) x2,False,3,high Meccan concentration; in named cluster: Allegiance & the Object of Worship
sEd,سعد,2,2,saEiyd (سَعِيد) x1; suEidu (سُعِدُ) x1,"N: 50%, V: 50%",552,,1,1.0,,False,0,rare (2 occ.); confined to 1 surah
zfr,زفر,3,1,zafiyr (زَفِير) x3,N: 100%,191,,3,1.0,smE (سمع) x2,False,1,noun-only; rare (3 occ.)
$hq,شهق,2,1,$ahiyq (شَهِيق) x2,N: 100%,18,,2,1.0,,False,0,noun-only; rare (2 occ.)
j**,جذذ,2,2,majo*uw* (مَجْذُوذ) x1; ju*a`* (جُذَٰذ) x1,N: 100%,356,,2,1.0,,False,0,noun-only; rare (2 occ.)
zlf,زلف,10,3,>uzolifato (أُزْلِفَتْ) x4; zulofaY`^ (زُلْفَىٰ^) x4; zulofap (زُلْفَة) x2,"N: 60%, V: 40%",0,The Believers' Reward,8,1.0,Hsn (حسن) x3; jnn (جنن) x3; End (عند) x3; swA (سوا) x2; wqy (وقي) x2,False,4,high Meccan concentration; in named cluster: The Believers' Reward
trf,ترف,8,2,mutorafiyn (مُتْرَفِين) x5; >utorifu (أُتْرِفُ) x3,"N: 62%, V: 38%",4,"Revelation, Speech & Disbelief",7,1.0,qwl (قول) x4; qbl (قبل) x3; qry (قري) x3; kwn (كون) x2; kfr (كفر) x2,False,2,"high Meccan concentration; in named cluster: Revelation, Speech & Disbelief"
TrH,طرح,1,1,{ToraHu (ٱطْرَحُ) x1,V: 100%,233,,1,1.0,,False,0,verb-only; single occurrence; confined to 1 surah
jbb,جبب,2,1,jub~ (جُبّ) x2,N: 100%,4,"Revelation, Speech & Disbelief",1,1.0,gyb (غيب) x2,False,1,"noun-only; rare (2 occ.); in named cluster: Revelation, Speech & Disbelief; confined to 1 surah"
lqT,لقط,2,1,{lotaqaTa (ٱلْتَقَطَ) x2,V: 100%,4,"Revelation, Speech & Disbelief",2,1.0,kwn (كون) x2,False,1,"verb-only; rare (2 occ.); in named cluster: Revelation, Speech & Disbelief"
rtE,رتع,1,1,yarotaEo (يَرْتَعْ) x1,V: 100%,544,,1,1.0,,False,0,verb-only; single occurrence; confined to 1 surah
*Ab,ذاب,3,1,*~i}ob (ذِّئْب) x3,N: 100%,46,,1,1.0,Akl (اكل) x3; qwl (قول) x3; *hb (ذهب) x2,False,3,noun-only; rare (3 occ.); confined to 1 surah
qmS,قمص,6,1,qamiyS (قَمِيص) x6,N: 100%,273,,1,1.0,qwl (قول) x4; qdd (قدد) x4; k*b (كذب) x3; Ahl (اهل) x3; dbr (دبر) x3,False,4,noun-only; high Meccan concentration; confined to 1 surah
swl,سول,4,1,saw~ala (سَوَّلَ) x4,V: 100%,5,The Commanded Self,3,0.75,nfs (نفس) x3; qwl (قول) x3; Alh (اله) x2; Amr (امر) x2; Sbr (صبر) x2,False,3,verb-only; rare (4 occ.); in named cluster: The Commanded Self
bDE,بضع,7,2,biDa`Eap (بِضَٰعَة) x5; biDoE (بِضْع) x2,N: 100%,242,,2,1.0,qwl (قول) x5; Alh (اله) x3; Ahl (اهل) x3; jyA (جيا) x2; snw (سنو) x2,False,4,noun-only; high Meccan concentration
drhm,درهم,1,1,dara`him (دَرَٰهِم) x1,N: 100%,286,,1,1.0,,False,0,noun-only; single occurrence; confined to 1 surah
zhd,زهد,1,1,z~a`hidiyn (زَّٰهِدِين) x1,N: 100%,657,,1,1.0,,False,0,noun-only; single occurrence; confined to 1 surah
glq,غلق,1,1,gal~aqati (غَلَّقَتِ) x1,V: 100%,324,,1,1.0,,False,0,verb-only; single occurrence; confined to 1 surah
hyt,هيت,1,1,hayota (هَيْتَ) x1,V: 100%,353,,1,1.0,,False,0,verb-only; single occurrence; confined to 1 surah
qdd,قدد,5,2,qud~a (قُدَّ) x4; qidad (قِدَد) x1,"V: 80%, ADJ: 20%",273,,2,1.0,qmS (قمص) x4; dbr (دبر) x3; qwl (قول) x3; kwn (كون) x3; Ahl (اهل) x2,False,3,rare (5 occ.); high Meccan concentration
sjn,سجن,12,4,s~ijon (سِّجْن) x6; yusojana (يُسْجَنَ) x3; sij~iyn (سِجِّين) x2,"N: 75%, V: 25%",567,,3,1.0,qwl (قول) x7; rbb (ربب) x5; rAy (راي) x3; rwd (رود) x2; Amr (امر) x2,True,15,high Meccan concentration; high inter-cluster connectivity (15 clusters)
$gf,شغف,1,1,$agafa (شَغَفَ) x1,V: 100%,15,,1,1.0,,False,0,verb-only; single occurrence; confined to 1 surah
wkA,وكا,11,4,mut~aki_#iyn (مُتَّكِـ#ِين) x8; mut~aka_# (مُتَّكَـ#) x1; >atawak~a&uA@ (أَتَوَكَّؤُا@) x1,"N: 82%, V: 18%",85,,10,0.727,Ark (ارك) x3; qwl (قول) x2; rAy (راي) x2; Hsn (حسن) x2; jnn (جنن) x2,True,7,bridge (7 clusters)
Hw$,حوش,2,1,Ha`$ (حَٰش) x2,N: 100%,8,Allegiance & the Object of Worship,1,1.0,Alh (اله) x2; qwl (قول) x2,False,2,noun-only; rare (2 occ.); in named cluster: Allegiance & the Object of Worship; confined to 1 surah
Sbw,صبو,3,2,Sabiy~ (صَبِيّ) x2; >aSobu (أَصْبُ) x1,"N: 67%, V: 33%",4,"Revelation, Speech & Disbelief",2,1.0,kwn (كون) x2; qwl (قول) x2,False,1,"rare (3 occ.); in named cluster: Revelation, Speech & Disbelief"
xbz,خبز,1,1,xuboz (خُبْز) x1,N: 100%,639,,1,1.0,,False,0,noun-only; single occurrence; confined to 1 surah
smn,سمن,4,2,samiyn (سَمِين) x3; yusominu (يُسْمِنُ) x1,"ADJ: 75%, V: 25%",46,,3,1.0,Akl (اكل) x2; Axr (اخر) x2; Ejf (عجف) x2; bqr (بقر) x2; fty (فتي) x2,False,2,rare (4 occ.)
Ejf,عجف,2,1,EijaAf (عِجَاف) x2,ADJ: 100%,46,,1,1.0,Akl (اكل) x2; Axr (اخر) x2; bqr (بقر) x2; fty (فتي) x2; sbE (سبع) x2,False,2,rare (2 occ.); confined to 1 surah
Dgv,ضغث,3,1,Digov (ضِغْث) x3,N: 100%,93,,3,1.0,Awl (اول) x2; Hlm (حلم) x2; qwl (قول) x2,False,2,noun-only; rare (3 occ.)
gyv,غيث,4,2,gayov (غَيْث) x3; yugaAvu2 (يُغَاثُ2) x1,"N: 75%, V: 25%",4,"Revelation, Speech & Disbelief",4,0.75,bEd (بعد) x2; Alh (اله) x2; Elm (علم) x2; nzl (نزل) x2; rHm (رحم) x2,False,3,"rare (4 occ.); in named cluster: Revelation, Speech & Disbelief"
bwl,بول,4,1,baAl (بَال) x4,N: 100%,0,The Believers' Reward,3,0.5,qwl (قول) x2; rbb (ربب) x2; SlH (صلح) x2,False,2,noun-only; rare (4 occ.); in named cluster: The Believers' Reward
HSHS,حصحص,1,1,HaSoHaSa (حَصْحَصَ) x1,V: 100%,158,,1,1.0,,False,0,verb-only; single occurrence; confined to 1 surah
jhz,جهز,4,2,jah~aza (جَهَّزَ) x2; jahaAz (جَهَاز) x2,"V: 50%, N: 50%",19,Household Law & Lineage,1,1.0,Axw (اخو) x2,False,1,rare (4 occ.); in named cluster: Household Law & Lineage; confined to 1 surah
rHl,رحل,4,2,raHol (رَحْل) x3; riHolap (رِحْلَة) x1,N: 100%,44,,2,1.0,jEl (جعل) x2; qwl (قول) x2,False,2,noun-only; rare (4 occ.)
myr,مير,1,1,namiyru (نَمِيرُ) x1,V: 100%,449,,1,1.0,,False,0,verb-only; single occurrence; confined to 1 surah
bEr,بعر,2,1,baEiyr (بَعِير) x2,N: 100%,4,"Revelation, Speech & Disbelief",1,1.0,qwl (قول) x2,False,1,"noun-only; rare (2 occ.); in named cluster: Revelation, Speech & Disbelief; confined to 1 surah"
Hwj,حوج,3,1,HaAjap (حَاجَة) x3,N: 100%,14,,3,0.667,kwn (كون) x2; nfs (نفس) x2; Sdr (صدر) x2,False,3,noun-only; rare (3 occ.)
Eyr,عير,3,1,Eiyr (عِير) x3,N: 100%,154,,1,1.0,,False,0,noun-only; rare (3 occ.); confined to 1 surah
fqd,فقد,3,2,tafoqidu (تَفْقِدُ) x2; tafaq~ada (تَفَقَّدَ) x1,V: 100%,4,"Revelation, Speech & Disbelief",2,1.0,qwl (قول) x3,False,1,"verb-only; rare (3 occ.); in named cluster: Revelation, Speech & Disbelief"
SwE,صوع,1,1,SuwaAE (صُوَاع) x1,N: 100%,221,,1,1.0,,False,0,noun-only; single occurrence; confined to 1 surah
wEy,وعي,7,4,wiEaA^' (وِعَا^ء) x3; >awoEaY`^ (أَوْعَىٰ^) x2; taEiya (تَعِيَ) x1,"N: 43%, V: 43%",4,"Revelation, Speech & Disbelief",4,1.0,Alh (اله) x2; Elm (علم) x2,False,2,"high Meccan concentration; in named cluster: Revelation, Speech & Disbelief"
brH,برح,3,1,>aboraHa (أَبْرَحَ) x3,V: 100%,4,"Revelation, Speech & Disbelief",3,1.0,qwl (قول) x3,False,1,"verb-only; rare (3 occ.); in named cluster: Revelation, Speech & Disbelief"
ftA,فتا,1,1,tafota&uA@ (تَفْتَؤُا@) x1,V: 100%,312,,1,1.0,,False,0,verb-only; single occurrence; confined to 1 surah
$kw,شكو,3,3,>a$okuwA@ (أَشْكُوا@) x1; mi$okaw`p (مِشْكَوٰة) x1; ta$otakiY^ (تَشْتَكِى^) x1,"V: 67%, N: 33%",4,"Revelation, Speech & Disbelief",3,0.333,Alh (اله) x3; Elm (علم) x2; qwl (قول) x2,False,2,"rare (3 occ.); in named cluster: Revelation, Speech & Disbelief"
zjw,زجو,3,2,yuzojiY (يُزْجِى) x2; m~uzojaY`p (مُّزْجَىٰة) x1,"V: 67%, N: 33%",8,Allegiance & the Object of Worship,3,0.667,Alh (اله) x2,False,1,rare (3 occ.); in named cluster: Allegiance & the Object of Worship
vrb,ثرب,1,1,tavoriyb (تَثْرِيب) x1,N: 100%,599,,1,1.0,,False,0,noun-only; single occurrence; confined to 1 surah
fnd,فند,1,1,tufan~idu (تُفَنِّدُ) x1,V: 100%,302,,1,1.0,,False,0,verb-only; single occurrence; confined to 1 surah
Snw,صنو,2,1,SinowaAn (صِنْوَان) x2,N: 100%,218,,1,0.0,,False,0,noun-only; rare (2 occ.); confined to 1 surah
jdd,جدد,10,3,jadiyd (جَدِيد) x8; judad (جُدَد) x1; jad~ (جَدّ) x1,"ADJ: 80%, N: 20%",362,,8,0.9,xlq (خلق) x8; qwl (قول) x5; kfr (كفر) x4; kwn (كون) x3; rbb (ربب) x3,True,10,high Meccan concentration; high inter-cluster connectivity (10 clusters)
srb,سرب,4,3,saraAb (سَرَاب) x2; saArib (سَارِب) x1; sarab (سَرَب) x1,N: 100%,580,,4,0.5,,False,0,noun-only; rare (4 occ.)
mHl,محل,1,1,miHaAl (مِحَال) x1,N: 100%,438,,1,0.0,,False,0,noun-only; single occurrence; confined to 1 surah
syl,سيل,4,3,sayol (سَيْل) x2; saAlato (سَالَتْ) x1; >asalo (أَسَلْ) x1,"V: 50%, N: 50%",0,The Believers' Reward,2,0.5,jnn (جنن) x2,False,1,rare (4 occ.); in named cluster: The Believers' Reward
zbd,زبد,3,1,zabad (زَبَد) x3,N: 100%,654,,1,0.0,,False,0,noun-only; rare (3 occ.); confined to 1 surah
jfA,جفا,1,1,jufaA^' (جُفَا^ء) x1,N: 100%,363,,1,0.0,,False,0,noun-only; single occurrence; confined to 1 surah
mkv,مكث,7,3,makava (مَكَثَ) x4; m~a`kiviyn (مَّٰكِثِين) x2; mukov (مُكْث) x1,"V: 57%, N: 43%",4,"Revelation, Speech & Disbelief",7,0.857,qwl (قول) x4; nwr (نور) x3; nws (نوس) x2; nzl (نزل) x2; Ahl (اهل) x2,False,3,"high Meccan concentration; in named cluster: Revelation, Speech & Disbelief"
qrE,قرع,5,1,qaAriEap (قَارِعَة) x5,N: 100%,514,,3,0.8,,False,0,noun-only; rare (5 occ.)
mHw,محو,3,1,maHawo (مَحَوْ) x3,V: 100%,43,Divine Will & Dominion,3,0.667,$yA (شيا) x3; Alh (اله) x2; Elm (علم) x2,False,3,verb-only; rare (3 occ.); in named cluster: Divine Will & Dominion
jrE,جرع,1,1,yatajar~aEu (يَتَجَرَّعُ) x1,V: 100%,375,,1,1.0,,False,0,verb-only; single occurrence; confined to 1 surah
swg,سوغ,3,2,saA^}ig (سَا^ئِغ) x2; yusiygu (يُسِيغُ) x1,"N: 67%, V: 33%",31,,3,1.0,E*b (عذب) x2; kll (كلل) x2; $rb (شرب) x2,False,3,rare (3 occ.)
rmd,رمد,1,1,ramaAd (رَمَاد) x1,N: 100%,539,,1,1.0,,False,0,noun-only; single occurrence; confined to 1 surah
jzE,جزع,2,2,jaziEo (جَزِعْ) x1; jazuwE (جَزُوع) x1,"V: 50%, N: 50%",388,,2,1.0,,False,0,rare (2 occ.)
Srx,صرخ,5,4,muSorix (مُصْرِخ) x2; yasotaSorixu (يَسْتَصْرِخُ) x1; yaSoTarixu (يَصْطَرِخُ) x1,"N: 60%, V: 40%",8,Allegiance & the Object of Worship,4,1.0,Zlm (ظلم) x2; kwn (كون) x2; qwl (قول) x2; nSr (نصر) x2,False,2,rare (5 occ.); high Meccan concentration; in named cluster: Allegiance & the Object of Worship
frE,فرع,1,1,faroE (فَرْع) x1,N: 100%,306,,1,1.0,,False,0,noun-only; single occurrence; confined to 1 surah
jvv,جثث,1,1,{jotuv~ato (ٱجْتُثَّتْ) x1,V: 100%,381,,1,1.0,,False,0,verb-only; single occurrence; confined to 1 surah
bwr,بور,5,3,buwr (بُور) x2; yabuwru (يَبُورُ) x2; bawaAr (بَوَار) x1,"ADJ: 40%, V: 40%",8,Allegiance & the Object of Worship,4,0.8,qwm (قوم) x4; Alh (اله) x3; kwn (كون) x3; swA (سوا) x2,False,3,rare (5 occ.); in named cluster: Allegiance & the Object of Worship
HSy,حصي,11,2,>aHoSaY` (أَحْصَىٰ) x10; >aHoSaY`2 (أَحْصَىٰ2) x1,"V: 91%, N: 9%",78,,10,0.818,Alh (اله) x5; Edd (عدد) x5; kll (كلل) x5; rbb (ربب) x4; $yA (شيا) x4,True,9,bridge (9 clusters)
$xS,شخص,2,2,ta$oxaSu (تَشْخَصُ) x1; $a`xiSap (شَٰخِصَة) x1,"V: 50%, N: 50%",42,,2,1.0,Zlm (ظلم) x2; bSr (بصر) x2; gfl (غفل) x2,False,3,rare (2 occ.)
hTE,هطع,3,1,muhoTiEiyn (مُهْطِعِين) x3,N: 100%,62,The Prepared Fire,3,1.0,kfr (كفر) x2,False,1,noun-only; rare (3 occ.); in named cluster: The Prepared Fire
qnE,قنع,2,2,muqoniEiY (مُقْنِعِى) x1; qaAniE (قَانِع) x1,N: 100%,511,,2,0.5,,False,0,noun-only; rare (2 occ.)
zwl,زول,4,2,zaAla (زَالَ) x3; zawaAl (زَوَال) x1,"V: 75%, N: 25%",4,"Revelation, Speech & Disbelief",2,1.0,kwn (كون) x3; Alh (اله) x2,False,2,"rare (4 occ.); in named cluster: Revelation, Speech & Disbelief"
Sfd,صفد,2,1,>aSofaAd (أَصْفَاد) x2,N: 100%,4,"Revelation, Speech & Disbelief",2,1.0,qrn (قرن) x2,False,1,"noun-only; rare (2 occ.); in named cluster: Revelation, Speech & Disbelief"
srbl,سربل,3,1,sara`biyl (سَرَٰبِيل) x3,N: 100%,581,,2,1.0,,False,0,noun-only; rare (3 occ.)
qTr,قطر,5,3,qiTor (قِطْر) x2; >aqoTaAr (أَقْطَار) x2; qaTiraAn (قَطِرَان) x1,N: 100%,0,The Believers' Reward,5,0.6,nwr (نور) x2; Aty (اتي) x2; byn (بين) x2; jnn (جنن) x2,False,2,noun-only; rare (5 occ.); in named cluster: The Believers' Reward
Aml,امل,2,1,>amal (أَمَل) x2,N: 100%,80,,2,1.0,,False,0,noun-only; rare (2 occ.)
slk,سلك,12,1,salaka (سَلَكَ) x12,V: 100%,164,,11,1.0,xrj (خرج) x4; rbb (ربب) x3; sbl (سبل) x3; xlf (خلف) x3; jrm (جرم) x2,True,11,verb-only; high Meccan concentration; high inter-cluster connectivity (11 clusters)
Erj,عرج,9,3,yaEoruju (يَعْرُجُ) x5; >aEoraj (أَعْرَج) x2; maEaArij (مَعَارِج) x2,"V: 56%, N: 44%",78,,8,0.667,smw (سمو) x4; Alh (اله) x4; kwn (كون) x4; ArD (ارض) x3; ywm (يوم) x3,True,13,high inter-cluster connectivity (13 clusters)
$hb,شهب,5,2,$ihaAb (شِهَاب) x4; $uhub (شُهُب) x1,N: 100%,17,Bodily Purity & Prayer,4,1.0,smE (سمع) x2; tbE (تبع) x2; wjd (وجد) x2,False,3,noun-only; rare (5 occ.); high Meccan concentration; in named cluster: Bodily Purity & Prayer
lqH,لقح,1,1,lawa`qiH (لَوَٰقِح) x1,N: 100%,426,,1,1.0,,False,0,noun-only; single occurrence; confined to 1 surah
SlSl,صلصل,4,1,SaloSa`l (صَلْصَٰل) x4,N: 100%,176,,2,0.75,xlq (خلق) x4; HmA (حما) x3; snn (سنن) x3; Ans (انس) x2; b$r (بشر) x2,False,4,noun-only; rare (4 occ.)
HmA,حما,4,2,Hama< (حَمَإ) x3; Hami}ap (حَمِئَة) x1,"N: 75%, ADJ: 25%",176,,2,1.0,SlSl (صلصل) x3; snn (سنن) x3; xlq (خلق) x3; qwl (قول) x3; b$r (بشر) x2,False,3,rare (4 occ.)
qnT,قنط,6,3,qanaTu (قَنَطُ) x4; qa`niTiyn (قَٰنِطِين) x1; qanuwT (قَنُوط) x1,"V: 67%, N: 33%",90,Sin–Mercy Economy,5,1.0,rHm (رحم) x4; qwl (قول) x3,False,2,high Meccan concentration; in named cluster: Sin–Mercy Economy
fDH,فضح,1,1,tafoDaHu (تَفْضَحُ) x1,V: 100%,292,,1,1.0,,False,0,verb-only; single occurrence; confined to 1 surah
wsm,وسم,2,2,mutawas~imiyn (مُتَوَسِّمِين) x1; nasimu (نَسِمُ) x1,"N: 50%, V: 50%",625,,2,1.0,,False,0,rare (2 occ.)
xfD,خفض,4,2,{xofiDo (ٱخْفِضْ) x3; xaAfiDap (خَافِضَة) x1,"V: 75%, N: 25%",5,The Commanded Self,4,1.0,jnH (جنح) x3; Amn (امن) x2,False,2,rare (4 occ.); in named cluster: The Commanded Self
EDw,عضو,1,1,EiDiyn (عِضِين) x1,N: 100%,115,,1,1.0,,False,0,noun-only; single occurrence; confined to 1 surah
SdE,صدع,5,5,{SodaEo (ٱصْدَعْ) x1; yaS~ad~aEu (يَصَّدَّعُ) x1; yuSad~aEu (يُصَدَّعُ) x1,"V: 60%, N: 40%",8,Allegiance & the Object of Worship,5,0.8,Alh (اله) x2,False,1,rare (5 occ.); in named cluster: Allegiance & the Object of Worship
nTf,نطف,12,1,n~uTofap (نُّطْفَة) x12,N: 100%,77,Creation & the Appointed Term,11,0.833,xlq (خلق) x9; trb (ترب) x4; Ans (انس) x3; byn (بين) x3; Elq (علق) x3,True,10,noun-only; high inter-cluster connectivity (10 clusters); in named cluster: Creation & the Appointed Term
dfA,دفا,1,1,difo' (دِفْء) x1,N: 100%,274,,1,1.0,,False,0,noun-only; single occurrence; confined to 1 surah
bgl,بغل,1,1,bigaAl (بِغَال) x1,N: 100%,250,,1,1.0,,False,0,noun-only; single occurrence; confined to 1 surah
Trw,طرو,2,1,Tariy~ (طَرِيّ) x2,ADJ: 100%,7,Sea-Rescue / Bounty / Gratitude,2,1.0,$kr (شكر) x2; Akl (اكل) x2; Hly (حلي) x2; bHr (بحر) x2; bgy (بغي) x2,False,4,rare (2 occ.); in named cluster: Sea-Rescue / Bounty / Gratitude
mxr,مخر,2,1,mawaAxir (مَوَاخِر) x2,N: 100%,7,Sea-Rescue / Bounty / Gratitude,2,1.0,$kr (شكر) x2; Akl (اكل) x2; Hly (حلي) x2; Trw (طرو) x2; bHr (بحر) x2,False,4,noun-only; rare (2 occ.); in named cluster: Sea-Rescue / Bounty / Gratitude
sqf,سقف,4,1,saqof (سَقْف) x4,N: 100%,44,,4,1.0,jEl (جعل) x2,False,1,noun-only; rare (4 occ.)
xsf,خسف,8,1,xasafa (خَسَفَ) x8,V: 100%,159,,7,1.0,ArD (ارض) x5; Alh (اله) x4; Amn (امن) x3; kwn (كون) x3; HSb (حصب) x2,True,6,verb-only; high Meccan concentration; bridge (6 clusters)
dxr,دخر,4,1,da`xiruwn (دَٰخِرُون) x4,N: 100%,43,Divine Will & Dominion,4,1.0,$yA (شيا) x2; Alh (اله) x2; qwl (قول) x2,False,3,noun-only; rare (4 occ.); in named cluster: Divine Will & Dominion
wSb,وصب,2,1,waASib (وَاصِب) x2,N: 100%,607,,2,1.0,,False,0,noun-only; rare (2 occ.)
jAr,جار,3,1,yajo_#aru (يَجْـ#َرُ) x3,V: 100%,358,,2,1.0,,False,0,verb-only; rare (3 occ.)
dss,دسس,1,1,yadus~u (يَدُسُّ) x1,V: 100%,288,,1,1.0,,False,0,verb-only; single occurrence; confined to 1 surah
frv,فرث,1,1,farov (فَرْث) x1,N: 100%,309,,1,1.0,,False,0,noun-only; single occurrence; confined to 1 surah
lbn,لبن,2,1,l~aban (لَّبَن) x2,N: 100%,120,,2,0.5,$rb (شرب) x2; sqy (سقي) x2,False,2,noun-only; rare (2 occ.)
Hfd,حفد,1,1,Hafadap (حَفَدَة) x1,N: 100%,170,,1,1.0,,False,0,noun-only; single occurrence; confined to 1 surah
lmH,لمح,2,1,lamoH (لَمْح) x2,N: 100%,191,,2,1.0,Amr (امر) x2; bSr (بصر) x2,False,2,noun-only; rare (2 occ.)
jww,جوو,1,1,jaw~ (جَوّ) x1,N: 100%,386,,1,1.0,,False,0,noun-only; single occurrence; confined to 1 surah
ZEn,ظعن,1,1,ZaEon (ظَعْن) x1,N: 100%,237,,1,1.0,,False,0,noun-only; single occurrence; confined to 1 surah
Swf,صوف,1,1,>aSowaAf (أَصْوَاف) x1,N: 100%,222,,1,1.0,,False,0,noun-only; single occurrence; confined to 1 surah
wbr,وبر,1,1,>awobaAr (أَوْبَار) x1,N: 100%,612,,1,1.0,,False,0,noun-only; single occurrence; confined to 1 surah
Avv,اثث,2,1,>ava`v (أَثَٰث) x2,N: 100%,91,,2,1.0,,False,0,noun-only; rare (2 occ.)
Etb,عتب,5,2,yasotaEotibu (يَسْتَعْتِبُ) x4; muEotabiyn (مُعْتَبِين) x1,"V: 80%, N: 20%",78,,4,1.0,ywm (يوم) x2,False,1,rare (5 occ.); high Meccan concentration
wkd,وكد,1,1,tawokiyd (تَوْكِيد) x1,N: 100%,620,,1,1.0,,False,0,noun-only; single occurrence; confined to 1 surah
gzl,غزل,1,1,gazol (غَزْل) x1,N: 100%,333,,1,1.0,,False,0,noun-only; single occurrence; confined to 1 surah
nfd,نفد,5,2,nafida (نَفِدَ) x4; n~afaAd (نَّفَاد) x1,"V: 80%, N: 20%",440,,4,1.0,Alh (اله) x2; kwn (كون) x2; bHr (بحر) x2; klm (كلم) x2; mdd (مدد) x2,False,4,rare (5 occ.); high Meccan concentration
Ejm,عجم,4,2,>aEojamiY~ (أَعْجَمِىّ) x3; >aEojamiyn (أَعْجَمِين) x1,"N: 75%, ADJ: 25%",4,"Revelation, Speech & Disbelief",3,1.0,Erb (عرب) x2; qwl (قول) x2,False,1,"rare (4 occ.); in named cluster: Revelation, Speech & Disbelief"
jws,جوس,1,1,jaAsu (جَاسُ) x1,V: 100%,385,,1,1.0,,False,0,verb-only; single occurrence; confined to 1 surah
n$r,نشر,21,10,nu$uwr (نُشُور) x5; nu$irato (نُشِرَتْ) x3; >an$ara (أَنشَرَ) x3,"N: 48%, V: 43%",205,,18,0.905,Alh (اله) x6; ArD (ارض) x4; mwt (موت) x4; xrj (خرج) x3; Hyy (حيي) x3,True,12,high Meccan concentration; high inter-cluster connectivity (12 clusters)
HZr,حظر,2,2,maHoZuwr (مَحْظُور) x1; muHotaZir (مُحْتَظِر) x1,N: 100%,4,"Revelation, Speech & Disbelief",2,1.0,kwn (كون) x2,False,1,"noun-only; rare (2 occ.); in named cluster: Revelation, Speech & Disbelief"
klw,كلو,2,2,kilaA (كِلَا) x1; kilotaA (كِلْتَا) x1,N: 100%,0,The Believers' Reward,2,1.0,nhr (نهر) x2,False,1,noun-only; rare (2 occ.); in named cluster: The Believers' Reward
Aff,افف,3,1,>uf~ (أُفّ) x3,N: 100%,19,Household Law & Lineage,3,1.0,Ebd (عبد) x2; qwl (قول) x2; wld (ولد) x2; Alh (اله) x2,False,3,noun-only; rare (3 occ.); in named cluster: Household Law & Lineage
b*r,بذر,3,3,tuba*~iro (تُبَذِّرْ) x1; tabo*iyr (تَبْذِير) x1; muba*~iriyn (مُبَذِّرِين) x1,"N: 67%, V: 33%",240,,1,1.0,,False,0,rare (3 occ.); confined to 1 surah
zny,زني,9,4,zaAniyap (زَانِيَة) x3; zaAn (زَان) x3; yazonu (يَزْنُ) x2,"N: 78%, V: 22%",174,,4,0.222,Alh (اله) x3; Amn (امن) x3; kwn (كون) x2; Axr (اخر) x2; $rk (شرك) x2,True,6,bridge (6 clusters)
qsTs,قسطس,2,1,qisoTaAs (قِسْطَاس) x2,N: 100%,242,,2,1.0,qwm (قوم) x2; wzn (وزن) x2,False,2,noun-only; rare (2 occ.)
mrH,مرح,3,2,maraH (مَرَح) x2; tamoraHu (تَمْرَحُ) x1,"N: 67%, V: 33%",434,,3,1.0,ArD (ارض) x3; m$y (مشي) x2,False,2,rare (3 occ.)
str,ستر,3,3,m~asotuwr (مَّسْتُور) x1; sitor (سِتْر) x1; tasotatiru (تَسْتَتِرُ) x1,"N: 67%, V: 33%",44,,3,1.0,jEl (جعل) x2,False,1,rare (3 occ.)
rft,رفت,2,1,rufa`t (رُفَٰت) x2,N: 100%,362,,1,1.0,EZm (عظم) x2; bEv (بعث) x2; jdd (جدد) x2; kwn (كون) x2; qwl (قول) x2,False,4,noun-only; rare (2 occ.); confined to 1 surah
ngD,نغض,1,1,yunogiDu (يُنْغِضُ) x1,V: 100%,468,,1,1.0,,False,0,verb-only; single occurrence; confined to 1 surah
Hnk,حنك,1,1,>aHotanika (أَحْتَنِكَ) x1,V: 100%,178,,1,1.0,,False,0,verb-only; single occurrence; confined to 1 surah
wfr,وفر,1,1,m~awofuwr (مَّوْفُور) x1,N: 100%,615,,1,1.0,,False,0,noun-only; single occurrence; confined to 1 surah
fzz,فزز,3,1,yasotafiz~a (يَسْتَفِزَّ) x3,V: 100%,1,,1,1.0,ArD (ارض) x2,False,1,verb-only; rare (3 occ.); confined to 1 surah
Swt,صوت,8,1,Sawot (صَوْت) x8,N: 100%,169,,4,0.625,gDD (غضض) x2,False,1,noun-only
jlb,جلب,2,2,>ajolibo (أَجْلِبْ) x1; jala`biyb (جَلَٰبِيب) x1,"V: 50%, N: 50%",366,,2,0.5,,False,0,rare (2 occ.)
HSb,حصب,5,2,HaASib (حَاصِب) x4; HaSab (حَصَب) x1,N: 100%,159,,5,1.0,rsl (رسل) x4; Amn (امن) x2; xsf (خسف) x2; Alh (اله) x2,False,4,noun-only; rare (5 occ.); high Meccan concentration
twr,تور,2,1,taArap (تَارَة) x2,N: 100%,148,,2,1.0,Axr (اخر) x2; Ewd (عود) x2,False,2,noun-only; rare (2 occ.)
qSf,قصف,1,1,qaASif (قَاصِف) x1,N: 100%,497,,1,1.0,,False,0,noun-only; single occurrence; confined to 1 surah
dlk,دلك,1,1,duluwk (دُلُوك) x1,N: 100%,281,,1,1.0,,False,0,noun-only; single occurrence; confined to 1 surah
gsq,غسق,4,3,gas~aAq (غَسَّاق) x2; gasaq (غَسَق) x1; gaAsiq (غَاسِق) x1,N: 100%,175,,4,1.0,Hmm (حمم) x2,False,1,noun-only; rare (4 occ.)
hjd,هجد,1,1,tahaj~ado (تَهَجَّدْ) x1,V: 100%,342,,1,1.0,,False,0,verb-only; single occurrence; confined to 1 surah
$kl,شكل,2,2,$aAkilat (شَاكِلَت) x1; $akol (شَكْل) x1,N: 100%,21,,2,1.0,,False,0,noun-only; rare (2 occ.)
nbE,نبع,2,1,yanbuwE (يَنبُوع) x2,N: 100%,1,,2,1.0,ArD (ارض) x2,False,1,noun-only; rare (2 occ.)
ksf,كسف,5,2,kisaf (كِسَف) x4; kisof (كِسْف) x1,N: 100%,408,,5,1.0,smw (سمو) x5; sqT (سقط) x4; rAy (راي) x3; Alh (اله) x2; $yA (شيا) x2,True,5,noun-only; rare (5 occ.); high Meccan concentration; bridge (5 clusters)
rqy,رقي,4,4,taroqaY` (تَرْقَىٰ) x1; ruqiy~ (رُقِيّ) x1; yarotaqu (يَرْتَقُ) x1,"V: 50%, N: 50%",1,,3,1.0,qwl (قول) x2; smw (سمو) x2,False,2,rare (4 occ.)
xbw,خبو,1,1,xabato (خَبَتْ) x1,V: 100%,638,,1,1.0,,False,0,verb-only; single occurrence; confined to 1 surah
tsE,تسع,7,2,tisoE (تِسْع) x5; tisoEap (تِسْعَة) x2,N: 100%,4,"Revelation, Speech & Disbelief",5,1.0,Ayy (ايي) x2; qwl (قول) x2; kwn (كون) x2,False,1,"noun-only; high Meccan concentration; in named cluster: Revelation, Speech & Disbelief"
vbr,ثبر,5,2,vubuwr (ثُبُور) x4; mavobuwr (مَثْبُور) x1,N: 100%,8,Allegiance & the Object of Worship,3,1.0,dEw (دعو) x3,False,1,noun-only; rare (5 occ.); high Meccan concentration; in named cluster: Allegiance & the Object of Worship
lff,لفف,3,3,lafiyf (لَفِيف) x1; {lotaf~ati (ٱلْتَفَّتِ) x1; >alofaAf (أَلْفَاف) x1,"N: 33%, V: 33%",421,,3,1.0,,False,0,rare (3 occ.)
*qn,ذقن,3,1,>a*oqaAn (أَذْقَان) x3,N: 100%,56,,2,1.0,xrr (خرر) x2,False,1,noun-only; rare (3 occ.)
xft,خفت,3,2,yataxa`fatu (يَتَخَٰفَتُ) x2; tuxaAfito (تُخَافِتْ) x1,V: 100%,4,"Revelation, Speech & Disbelief",3,1.0,byn (بين) x2,False,1,"verb-only; rare (3 occ.); in named cluster: Revelation, Speech & Disbelief"
bxE,بخع,2,1,ba`xiE (بَٰخِع) x2,N: 100%,5,The Commanded Self,2,1.0,Amn (امن) x2; nfs (نفس) x2,False,2,noun-only; rare (2 occ.); in named cluster: The Commanded Self
jrz,جرز,2,1,juruz (جُرُز) x2,ADJ: 100%,379,,2,1.0,,False,0,rare (2 occ.)
khf,كهف,6,1,kahof (كَهْف) x6,N: 100%,209,,1,1.0,Ayy (ايي) x2; Amr (امر) x2; Awy (اوي) x2; hyA (هيا) x2; r$d (رشد) x2,True,7,noun-only; high Meccan concentration; bridge (7 clusters); confined to 1 surah
rqm,رقم,3,2,m~aroquwm (مَّرْقُوم) x2; r~aqiym (رَّقِيم) x1,"ADJ: 67%, N: 33%",4,"Revelation, Speech & Disbelief",2,1.0,ktb (كتب) x2,False,1,"rare (3 occ.); in named cluster: Revelation, Speech & Disbelief"
$TT,شطط,3,2,$aTaT (شَطَط) x2; tu$oTiTo (تُشْطِطْ) x1,"N: 67%, V: 33%",4,"Revelation, Speech & Disbelief",3,1.0,qwl (قول) x3; Alh (اله) x2,False,2,"rare (3 occ.); in named cluster: Revelation, Speech & Disbelief"
zwr,زور,6,3,z~uwr (زُّور) x4; t~aza`waru (تَّزَٰوَرُ) x1; zuro (زُرْ) x1,"N: 67%, V: 33%",8,Allegiance & the Object of Worship,5,0.667,Alh (اله) x3; qwl (قول) x3,False,2,in named cluster: Allegiance & the Object of Worship
fjw,فجو,1,1,fajowap (فَجْوَة) x1,N: 100%,298,,1,1.0,,False,0,noun-only; single occurrence; confined to 1 surah
yqZ,يقظ,1,1,>ayoqaAZ (أَيْقَاظ) x1,N: 100%,652,,1,1.0,,False,0,noun-only; single occurrence; confined to 1 surah
rqd,رقد,2,2,ruquwd (رُقُود) x1; m~aroqad (مَّرْقَد) x1,N: 100%,542,,2,1.0,,False,0,noun-only; rare (2 occ.)
wSd,وصد,3,2,m~u&oSadap (مُّؤْصَدَة) x2; waSiyd (وَصِيد) x1,"N: 67%, ADJ: 33%",608,,3,1.0,,False,0,rare (3 occ.)
frr,فرر,11,3,far~ato (فَرَّتْ) x6; firaAr (فِرَار) x4; mafar~ (مَفَرّ) x1,"V: 55%, N: 45%",4,"Revelation, Speech & Disbelief",9,0.636,qwl (قول) x4; nbA (نبا) x2; mwt (موت) x2,False,2,"in named cluster: Revelation, Speech & Disbelief"
srdq,سردق,1,1,suraAdiq (سُرَادِق) x1,N: 100%,583,,1,1.0,,False,0,noun-only; single occurrence; confined to 1 surah
mhl,مهل,6,3,muhol (مُهْل) x3; mah~ili (مَهِّلِ) x2; >amohilo (أَمْهِلْ) x1,"N: 50%, V: 50%",62,The Prepared Fire,5,1.0,kfr (كفر) x2,False,1,high Meccan concentration; in named cluster: The Prepared Fire
$wy,شوي,2,2,ya$owiY (يَشْوِى) x1; $~awaY` (شَّوَىٰ) x1,"V: 50%, N: 50%",41,,2,1.0,,False,0,rare (2 occ.)
Ark,ارك,5,1,>araA^}ik (أَرَا^ئِك) x5,N: 100%,85,,4,0.8,wkA (وكا) x3; nZr (نظر) x2,False,2,noun-only; rare (5 occ.)
Hff,حفف,2,2,Hafafo (حَفَفْ) x1; HaA^f~iyn (حَا^فِّين) x1,"V: 50%, N: 50%",4,"Revelation, Speech & Disbelief",2,1.0,byn (بين) x2,False,1,"rare (2 occ.); in named cluster: Revelation, Speech & Disbelief"
byd,بيد,1,1,tabiyda (تَبِيدَ) x1,V: 100%,270,,1,1.0,,False,0,verb-only; single occurrence; confined to 1 surah
zlq,زلق,2,2,zalaq (زَلَق) x1; yuzoliqu (يُزْلِقُ) x1,"N: 50%, V: 50%",0,The Believers' Reward,2,1.0,jnn (جنن) x2,False,1,rare (2 occ.); in named cluster: The Believers' Reward
h$m,هشم,2,1,ha$iym (هَشِيم) x2,N: 100%,4,"Revelation, Speech & Disbelief",2,1.0,kwn (كون) x2,False,1,"noun-only; rare (2 occ.); in named cluster: Revelation, Speech & Disbelief"
*rw,ذرو,3,3,ta*oruw (تَذْرُو) x1; *~a`riya`t (ذَّٰرِيَٰت) x1; *arow (ذَرْو) x1,"N: 67%, V: 33%",60,,2,1.0,,False,0,rare (3 occ.)
gdr,غدر,2,1,yugaAdiru (يُغَادِرُ) x2,V: 100%,17,Bodily Purity & Prayer,1,1.0,AHd (احد) x2; rAy (راي) x2,False,2,verb-only; rare (2 occ.); in named cluster: Bodily Purity & Prayer; confined to 1 surah
Sff,صفف,14,5,Saf~ (صَفّ) x7; Sa`^f~a`t (صَٰ^فَّٰت) x3; maSofuwfap (مَصْفُوفَة) x2,"N: 93%, ADJ: 7%",209,,11,0.786,Alh (اله) x3; jEl (جعل) x2; jyA (جيا) x2; rbb (ربب) x2; ywm (يوم) x2,True,9,bridge (9 clusters)
$fq,شفق,11,3,mu$ofiquwn (مُشْفِقُون) x8; >a$ofaqo (أَشْفَقْ) x2; $~afaq (شَّفَق) x1,"N: 82%, V: 18%",4,"Revelation, Speech & Disbelief",9,0.818,rbb (ربب) x5; Eml (عمل) x3; Zlm (ظلم) x3; x$y (خشي) x3; Amn (امن) x3,True,5,"bridge (5 clusters); in named cluster: Revelation, Speech & Disbelief"
EDd,عضد,2,1,EaDud (عَضُد) x2,N: 100%,114,,2,1.0,,False,0,noun-only; rare (2 occ.)
wbq,وبق,2,2,m~awobiq (مَّوْبِق) x1; yuwbiqo (يُوبِقْ) x1,"N: 50%, V: 50%",611,,2,1.0,,False,0,rare (2 occ.)
dHD,دحض,4,3,yudoHiDu (يُدْحِضُ) x2; mudoHaDiyn (مُدْحَضِين) x1; daAHiDap (دَاحِضَة) x1,"V: 50%, N: 50%",4,"Revelation, Speech & Disbelief",4,1.0,Ax* (اخذ) x2; Hqq (حقق) x2; bTl (بطل) x2; jdl (جدل) x2; rsl (رسل) x2,False,2,"rare (4 occ.); in named cluster: Revelation, Speech & Disbelief"
wAl,وال,1,1,mawo}il (مَوْئِل) x1,N: 100%,604,,1,1.0,,False,0,noun-only; single occurrence; confined to 1 surah
Hqb,حقب,2,2,Huqub (حُقُب) x1; >aHoqaAb (أَحْقَاب) x1,"N: 50%, T: 50%",181,,2,1.0,,False,0,rare (2 occ.)
Sxr,صخر,3,2,Saxorap (صَخْرَة) x2; S~axor (صَّخْر) x1,N: 100%,223,,3,1.0,,False,0,noun-only; rare (3 occ.)
sfn,سفن,4,1,safiynap (سَفِينَة) x4,N: 100%,561,,2,1.0,,False,0,noun-only; rare (4 occ.)
qDD,قضض,1,1,yanqaD~a (يَنقَضَّ) x1,V: 100%,493,,1,1.0,,False,0,verb-only; single occurrence; confined to 1 surah
Eyb,عيب,1,1,>aEiyba (أَعِيبَ) x1,V: 100%,152,,1,1.0,,False,0,verb-only; single occurrence; confined to 1 surah
gSb,غصب,1,1,gaSob (غَصْب) x1,N: 100%,320,,1,1.0,,False,0,noun-only; single occurrence; confined to 1 surah
rdm,ردم,1,1,radom (رَدْم) x1,N: 100%,529,,1,1.0,,False,0,noun-only; single occurrence; confined to 1 surah
gTw,غطو,2,1,giTaA^' (غِطَا^ء) x2,N: 100%,4,"Revelation, Speech & Disbelief",2,1.0,kwn (كون) x2,False,1,"noun-only; rare (2 occ.); in named cluster: Revelation, Speech & Disbelief"
$El,شعل,1,1,{$otaEala (ٱشْتَعَلَ) x1,V: 100%,3,,1,1.0,,False,0,verb-only; single occurrence; confined to 1 surah
$yb,شيب,3,3,$ayob (شَيْب) x1; $ayobap (شَيْبَة) x1; $iyb (شِيب) x1,N: 100%,44,,3,1.0,jEl (جعل) x2,False,1,noun-only; rare (3 occ.)
Hnn,حنن,1,1,HanaAn (حَنَان) x1,N: 100%,179,,1,1.0,,False,0,noun-only; single occurrence; confined to 1 surah
mxD,مخض,1,1,maxaAD (مَخَاض) x1,N: 100%,447,,1,1.0,,False,0,noun-only; single occurrence; confined to 1 surah
j*E,جذع,3,1,ji*oE (جِذْع) x3,N: 100%,11,Vegetative Signs / Reflective Gaze,2,1.0,nxl (نخل) x3; qbl (قبل) x2; qwl (قول) x2,False,2,noun-only; rare (3 occ.); in named cluster: Vegetative Signs / Reflective Gaze
hzz,هزز,5,2,{hotaz~ato (ٱهْتَزَّتْ) x4; huz~i (هُزِّ) x1,V: 100%,73,,5,0.8,rAy (راي) x4; $yA (شيا) x2; ArD (ارض) x2; kll (كلل) x2; mwh (موه) x2,True,10,verb-only; rare (5 occ.); high inter-cluster connectivity (10 clusters)
jny,جني,2,2,janiy~ (جَنِيّ) x1; janaY (جَنَى) x1,"ADJ: 50%, N: 50%",374,,2,0.5,,False,0,rare (2 occ.)
jvw,جثو,3,2,jiviy~ (جِثِيّ) x2; jaAviyap (جَاثِيَة) x1,N: 100%,382,,2,1.0,,False,0,noun-only; rare (3 occ.)
Htm,حتم,1,1,Hatom (حَتْم) x1,N: 100%,192,,1,1.0,,False,0,noun-only; single occurrence; confined to 1 surah
Ddd,ضدد,1,1,Did~ (ضِدّ) x1,N: 100%,104,,1,1.0,,False,0,noun-only; single occurrence; confined to 1 surah
Azz,ازز,2,2,ta&uz~u (تَؤُزُّ) x1; >az~ (أَزّ) x1,"V: 50%, N: 50%",100,,1,1.0,,False,0,rare (2 occ.); confined to 1 surah
wfd,وفد,1,1,wafod (وَفْد) x1,N: 100%,614,,1,1.0,,False,0,noun-only; single occurrence; confined to 1 surah
Add,ادد,1,1,<id~ (إِدّ) x1,ADJ: 100%,72,,1,1.0,,False,0,single occurrence; confined to 1 surah
hdd,هدد,1,1,had~ (هَدّ) x1,N: 100%,338,,1,1.0,,False,0,noun-only; single occurrence; confined to 1 surah
rkz,ركز,1,1,rikoz (رِكْز) x1,N: 100%,537,,1,1.0,,False,0,noun-only; single occurrence; confined to 1 surah
vry,ثري,1,1,v~araY` (ثَّرَىٰ) x1,N: 100%,600,,1,1.0,,False,0,noun-only; single occurrence; confined to 1 surah
qbs,قبس,3,2,qabas (قَبَس) x2; naqotabiso (نَقْتَبِسْ) x1,"N: 67%, V: 33%",34,,3,0.667,nwr (نور) x3; qwl (قول) x3; Ahl (اهل) x2; Ans (انس) x2; Aty (اتي) x2,False,3,rare (3 occ.)
xlE,خلع,1,1,{xolaEo (ٱخْلَعْ) x1,V: 100%,641,,1,1.0,,False,0,verb-only; single occurrence; confined to 1 surah
nEl,نعل,1,1,naEolay (نَعْلَي) x1,N: 100%,455,,1,1.0,,False,0,noun-only; single occurrence; confined to 1 surah
Twy,طوي,5,4,TuwFY (طُوًى) x2; naTowiY (نَطْوِى) x1; TaY~ (طَىّ) x1,"N: 80%, V: 20%",97,,4,1.0,qds (قدس) x2; rbb (ربب) x2; wdy (ودي) x2; smw (سمو) x2; ywm (يوم) x2,False,4,rare (5 occ.); high Meccan concentration
h$$,هشش,1,1,>ahu$~u (أَهُشُّ) x1,V: 100%,335,,1,1.0,,False,0,verb-only; single occurrence; confined to 1 surah
Arb,ارب,2,2,ma_#aArib (مَـ#َارِب) x1; <irobap (إِرْبَة) x1,N: 100%,4,"Revelation, Speech & Disbelief",2,0.5,qwl (قول) x2,False,1,"noun-only; rare (2 occ.); in named cluster: Revelation, Speech & Disbelief"
Dmm,ضمم,2,1,{Domumo (ٱضْمُمْ) x2,V: 100%,107,,2,1.0,byD (بيض) x2; gyr (غير) x2; jnH (جنح) x2; swA (سوا) x2; xrj (خرج) x2,True,6,verb-only; rare (2 occ.); bridge (6 clusters)
Azr,ازر,2,2,>azor (أَزْر) x1; A^zara (ا^زَرَ) x1,"N: 50%, V: 50%",4,"Revelation, Speech & Disbelief",2,0.5,$dd (شدد) x2,False,1,"rare (2 occ.); in named cluster: Revelation, Speech & Disbelief"
q*f,قذف,9,1,qa*afa (قَذَفَ) x9,V: 100%,492,,6,0.778,lqy (لقي) x2; qwl (قول) x2; Hqq (حقق) x2; Ahl (اهل) x2; ktb (كتب) x2,True,5,verb-only; bridge (5 clusters)
sHl,سحل,1,1,s~aAHil (سَّاحِل) x1,N: 100%,553,,1,1.0,,False,0,noun-only; single occurrence; confined to 1 surah
wny,وني,1,1,taniya (تَنِيَ) x1,V: 100%,622,,1,1.0,,False,0,verb-only; single occurrence; confined to 1 surah
$tt,شتت,5,2,$at~aY` (شَتَّىٰ) x3; >a$otaAt (أَشْتَات) x2,"N: 80%, ADJ: 20%",36,,5,0.4,Eql (عقل) x2; byn (بين) x2; jmE (جمع) x2,False,2,rare (5 occ.)
smr,سمر,4,2,s~aAmiriY~ (سَّامِرِىّ) x3; sa`mir (سَٰمِر) x1,"PN: 75%, N: 25%",8,Allegiance & the Object of Worship,2,1.0,qwl (قول) x3; qwm (قوم) x2,False,2,rare (4 occ.); in named cluster: Allegiance & the Object of Worship
lHy,لحي,1,1,liHoyat (لِحْيَت) x1,N: 100%,414,,1,1.0,,False,0,noun-only; single occurrence; confined to 1 surah
nsf,نسف,5,2,nusifato (نُسِفَتْ) x3; nasof (نَسْف) x2,"V: 60%, N: 40%",127,,2,1.0,qwl (قول) x2; jbl (جبل) x2,False,2,rare (5 occ.); high Meccan concentration
zrq,زرق,1,1,zuroq (زُرْق) x1,N: 100%,663,,1,1.0,,False,0,noun-only; single occurrence; confined to 1 surah
qwE,قوع,2,2,qaAE (قَاع) x1; qiyEap (قِيعَة) x1,N: 100%,519,,2,0.5,,False,0,noun-only; rare (2 occ.)
SfSf,صفصف,1,1,SafoSaf (صَفْصَف) x1,ADJ: 100%,208,,1,1.0,,False,0,single occurrence; confined to 1 surah
Amt,امت,1,1,>amot (أَمْت) x1,N: 100%,81,,1,1.0,,False,0,noun-only; single occurrence; confined to 1 surah
hms,همس,1,1,hamos (هَمْس) x1,N: 100%,346,,1,1.0,,False,0,noun-only; single occurrence; confined to 1 surah
Enw,عنو,1,1,Eanati (عَنَتِ) x1,V: 100%,138,,1,1.0,,False,0,verb-only; single occurrence; confined to 1 surah
hDm,هضم,2,2,haDom (هَضْم) x1; haDiym (هَضِيم) x1,"N: 50%, ADJ: 50%",336,,2,1.0,,False,0,rare (2 occ.)
Ery,عري,3,2,EaraA^' (عَرَا^ء) x2; taEoraY` (تَعْرَىٰ) x1,"N: 67%, V: 33%",142,,3,1.0,nb* (نبذ) x2,False,1,rare (3 occ.)
Dnk,ضنك,1,1,Dank (ضَنك) x1,ADJ: 100%,109,,1,1.0,,False,0,single occurrence; confined to 1 surah
zhr,زهر,1,1,zahorap (زَهْرَة) x1,N: 100%,658,,1,1.0,,False,0,noun-only; single occurrence; confined to 1 surah
SHf,صحف,9,2,SuHuf (صُحُف) x8; SiHaAf (صِحَاف) x1,N: 100%,205,,8,0.889,Aty (اتي) x2; Awl (اول) x2; n$r (نشر) x2,False,2,noun-only; high Meccan concentration
qSm,قصم,1,1,qaSamo (قَصَمْ) x1,V: 100%,498,,1,1.0,,False,0,verb-only; single occurrence; confined to 1 surah
rkD,ركض,3,1,yarokuDu (يَرْكُضُ) x3,V: 100%,535,,2,1.0,,False,0,verb-only; rare (3 occ.)
xmd,خمد,2,1,xa`midiyn (خَٰمِدِين) x2,N: 100%,643,,2,1.0,,False,0,noun-only; rare (2 occ.)
dmg,دمغ,1,1,yadomagu (يَدْمَغُ) x1,V: 100%,284,,1,1.0,,False,0,verb-only; single occurrence; confined to 1 surah
rtq,رتق,1,1,ratoq (رَتْق) x1,N: 100%,545,,1,1.0,,False,0,noun-only; single occurrence; confined to 1 surah
ftq,فتق,1,1,fataqo (فَتَقْ) x1,V: 100%,313,,1,1.0,,False,0,verb-only; single occurrence; confined to 1 surah
fjj,فجج,3,1,faj~ (فَجّ) x3,"N: 67%, ADJ: 33%",66,Jihād fī Sabīl Allāh,3,0.667,sbl (سبل) x2,False,1,rare (3 occ.); in named cluster: Jihād fī Sabīl Allāh
klA,كلا,1,1,yakola&u (يَكْلَؤُ) x1,V: 100%,399,,1,1.0,,False,0,verb-only; single occurrence; confined to 1 surah
nfH,نفح,1,1,nafoHap (نَفْحَة) x1,N: 100%,465,,1,1.0,,False,0,noun-only; single occurrence; confined to 1 surah
xrdl,خردل,2,1,xarodal (خَرْدَل) x2,N: 100%,59,,2,1.0,Aty (اتي) x2; Hbb (حبب) x2; kwn (كون) x2; vql (ثقل) x2,False,3,noun-only; rare (2 occ.)
nTq,نطق,12,3,yanTiqu (يَنطِقُ) x9; >anTaqa (أَنطَقَ) x2; manTiq (مَنطِق) x1,"V: 92%, N: 8%",4,"Revelation, Speech & Disbelief",9,1.0,qwl (قول) x4; Hqq (حقق) x3; kwn (كون) x2; Elm (علم) x2; Zlm (ظلم) x2,False,2,"high Meccan concentration; in named cluster: Revelation, Speech & Disbelief"
nks,نكس,3,3,nukisu (نُكِسُ) x1; naAkisuwA (نَاكِسُوا) x1; nunak~iso (نُنَكِّسْ) x1,"V: 67%, N: 33%",175,,3,1.0,rAs (راس) x2,False,1,rare (3 occ.)
brd,برد,5,3,barod (بَرْد) x2; baArid (بَارِد) x2; barad (بَرَد) x1,N: 100%,31,,5,0.8,$rb (شرب) x2,False,1,noun-only; rare (5 occ.)
nf$,نفش,2,2,nafa$ato (نَفَشَتْ) x1; manfuw$ (مَنفُوش) x1,"V: 50%, ADJ: 50%",4,"Revelation, Speech & Disbelief",2,1.0,kwn (كون) x2,False,1,"rare (2 occ.); in named cluster: Revelation, Speech & Disbelief"
fhm,فهم,1,1,fah~amo (فَهَّمْ) x1,V: 100%,297,,1,1.0,,False,0,verb-only; single occurrence; confined to 1 surah
gwS,غوص,2,2,yaguwSu (يَغُوصُ) x1; gaw~aAS (غَوَّاص) x1,"V: 50%, N: 50%",9,,2,1.0,$Tn (شطن) x2,False,1,rare (2 occ.)
nwn,نون,1,1,n~uwn (نُّون) x1,N: 100%,487,,1,1.0,,False,0,noun-only; single occurrence; confined to 1 surah
frj,فرج,9,2,faroj (فَرْج) x8; furijato (فُرِجَتْ) x1,"N: 89%, V: 11%",169,,8,0.556,HfZ (حفظ) x5; bny (بني) x4; Alh (اله) x3; Amn (امن) x3; Elm (علم) x2,True,11,high inter-cluster connectivity (11 clusters)
Hdb,حدب,1,1,Hadab (حَدَب) x1,N: 100%,167,,1,1.0,,False,0,noun-only; single occurrence; confined to 1 surah
fzE,فزع,6,3,faziEa (فَزِعَ) x3; fazaE (فَزَع) x2; fuz~iEa (فُزِّعَ) x1,"V: 67%, N: 33%",59,,4,1.0,kbr (كبر) x2; kwn (كون) x2; ywm (يوم) x2; Hqq (حقق) x2; qwl (قول) x2,False,3,high Meccan concentration
*hl,ذهل,1,1,ta*ohalu (تَذْهَلُ) x1,V: 100%,52,,1,0.0,,False,0,verb-only; single occurrence; confined to 1 surah
mDg,مضغ,3,1,muDogap (مُضْغَة) x3,N: 100%,77,Creation & the Appointed Term,2,0.667,Elq (علق) x2; nTf (نطف) x2; xlq (خلق) x2,False,1,noun-only; rare (3 occ.); in named cluster: Creation & the Appointed Term
Tfl,طفل,4,1,Tifol (طِفْل) x4,N: 100%,77,Creation & the Appointed Term,3,0.25,Elm (علم) x3; blg (بلغ) x3; $dd (شدد) x2; Ajl (اجل) x2; Elq (علق) x2,True,6,noun-only; rare (4 occ.); bridge (6 clusters); in named cluster: Creation & the Appointed Term
hmd,همد,1,1,haAmidap (هَامِدَة) x1,N: 100%,344,,1,0.0,,False,0,noun-only; single occurrence; confined to 1 surah
bhj,بهج,3,2,bahiyj (بَهِيج) x2; bahojap (بَهْجَة) x1,"ADJ: 67%, N: 33%",11,Vegetative Signs / Reflective Gaze,3,0.667,ArD (ارض) x3; nbt (نبت) x3; kll (كلل) x2; kwn (كون) x2; mwh (موه) x2,True,7,rare (3 occ.); bridge (7 clusters); in named cluster: Vegetative Signs / Reflective Gaze
ETf,عطف,1,1,EiTof (عِطْف) x1,N: 100%,116,,1,0.0,,False,0,noun-only; single occurrence; confined to 1 surah
mjs,مجس,1,1,majuws (مَجُوس) x1,PN: 100%,441,,1,0.0,,False,0,proper-noun-only; single occurrence; confined to 1 surah
Sbb,صبب,5,2,Sab~a (صَبَّ) x4; Sab~ (صَبّ) x1,"V: 80%, N: 20%",175,,4,0.8,Hmm (حمم) x2; fwq (فوق) x2; rAs (راس) x2; rbb (ربب) x2; E*b (عذب) x2,False,4,rare (5 occ.)
Shr,صهر,2,2,yuSoharu (يُصْهَرُ) x1; Sihor (صِهْر) x1,"V: 50%, N: 50%",211,,2,0.5,,False,0,rare (2 occ.)
qmE,قمع,1,1,m~aqa`miE (مَّقَٰمِع) x1,N: 100%,507,,1,0.0,,False,0,noun-only; single occurrence; confined to 1 surah
lAlA,لالا,6,1,lu&olu& (لُؤْلُؤ) x6,N: 100%,51,,6,0.5,*hb (ذهب) x2; Hly (حلي) x2; Hrr (حرر) x2; dxl (دخل) x2; jnn (جنن) x2,True,5,noun-only; bridge (5 clusters)
Dmr,ضمر,1,1,DaAmir (ضَامِر) x1,N: 100%,108,,1,0.0,,False,0,noun-only; single occurrence; confined to 1 surah
Emq,عمق,1,1,Eamiyq (عَمِيق) x1,ADJ: 100%,134,,1,0.0,,False,0,single occurrence; confined to 1 surah
tfv,تفث,1,1,tafav (تَفَث) x1,N: 100%,589,,1,0.0,,False,0,noun-only; single occurrence; confined to 1 surah
Etq,عتق,2,1,Eatiyq (عَتِيق) x2,ADJ: 100%,127,,1,0.0,byt (بيت) x2,False,1,rare (2 occ.); confined to 1 surah
wvn,وثن,3,1,>awova`n (أَوْثَٰن) x3,N: 100%,8,Allegiance & the Object of Worship,2,0.667,Alh (اله) x3; End (عند) x2; qwl (قول) x2; dwn (دون) x2,False,3,noun-only; rare (3 occ.); in named cluster: Allegiance & the Object of Worship
sHq,سحق,2,2,saHiyq (سَحِيق) x1; suHoq (سُحْق) x1,"ADJ: 50%, N: 50%",554,,2,0.5,,False,0,rare (2 occ.)
wjb,وجب,1,1,wajabato (وَجَبَتْ) x1,V: 100%,618,,1,0.0,,False,0,verb-only; single occurrence; confined to 1 surah
Err,عرر,2,2,muEotar~ (مُعْتَرّ) x1; m~aEar~ap (مَّعَرَّة) x1,N: 100%,8,Allegiance & the Object of Worship,2,0.0,Alh (اله) x2,False,1,noun-only; rare (2 occ.); in named cluster: Allegiance & the Object of Worship
hdm,هدم,1,1,hud~imato (هُدِّمَتْ) x1,V: 100%,340,,1,0.0,,False,0,verb-only; single occurrence; confined to 1 surah
SmE,صمع,1,1,Sawa`miE (صَوَٰمِع) x1,N: 100%,215,,1,0.0,,False,0,noun-only; single occurrence; confined to 1 surah
bAr,بار,1,1,bi}or (بِئْر) x1,N: 100%,241,,1,0.0,,False,0,noun-only; single occurrence; confined to 1 surah
ETl,عطل,2,2,m~uEaT~alap (مُّعَطَّلَة) x1; EuT~ilato (عُطِّلَتْ) x1,"N: 50%, V: 50%",117,,2,0.5,,False,0,rare (2 occ.)
Eqm,عقم,4,1,Eaqiym (عَقِيم) x4,"ADJ: 75%, N: 25%",139,,3,0.75,,False,0,rare (4 occ.)
sTw,سطو,1,1,yasoTu (يَسْطُ) x1,V: 100%,556,,1,0.0,,False,0,verb-only; single occurrence; confined to 1 surah
*bb,ذبب,2,1,*ubaAb (ذُبَاب) x2,N: 100%,50,,1,0.0,,False,0,noun-only; rare (2 occ.); confined to 1 surah
slb,سلب,1,1,yasolubo (يَسْلُبْ) x1,V: 100%,572,,1,0.0,,False,0,verb-only; single occurrence; confined to 1 surah
sll,سلل,3,2,sula`lap (سُلَٰلَة) x2; yatasal~alu (يَتَسَلَّلُ) x1,"N: 67%, V: 33%",44,,3,0.667,jEl (جعل) x2,False,1,rare (3 occ.)
fkh,فكه,19,5,fa`kihap (فَٰكِهَة) x11; fawa`kih (فَوَٰكِه) x3; fa`kihiyn (فَٰكِهِين) x3,"N: 95%, V: 5%",11,Vegetative Signs / Reflective Gaze,12,0.842,kvr (كثر) x4; nxl (نخل) x3; dEw (دعو) x3; Akl (اكل) x2; jnn (جنن) x2,True,7,bridge (7 clusters); in named cluster: Vegetative Signs / Reflective Gaze
dhn,دهن,5,4,yudohinu (يُدْهِنُ) x2; d~uhon (دُّهْن) x1; d~ihaAn (دِّهَان) x1,"N: 60%, V: 40%",277,,4,0.8,,False,0,rare (5 occ.)
gvw,غثو,2,1,guvaA^' (غُثَا^ء) x2,N: 100%,44,,2,1.0,jEl (جعل) x2,False,1,noun-only; rare (2 occ.)
wtr,وتر,3,3,tatoraA (تَتْرَا) x1; yatira (يَتِرَ) x1; wator (وَتْر) x1,"N: 67%, V: 33%",630,,3,0.667,,False,0,rare (3 occ.)
nkb,نكب,2,2,na`kibuwn (نَٰكِبُون) x1; manaAkib (مَنَاكِب) x1,N: 100%,472,,2,1.0,,False,0,noun-only; rare (2 occ.)
ljj,لجج,4,3,l~aj~u (لَّجُّ) x2; l~uj~iY~ (لُّجِّىّ) x1; luj~ap (لُجَّة) x1,"V: 50%, ADJ: 25%",8,Allegiance & the Object of Worship,4,0.75,k$f (كشف) x2; Alh (اله) x2; Zlm (ظلم) x2; rAy (راي) x2,False,3,rare (4 occ.); in named cluster: Allegiance & the Object of Worship
hmz,همز,3,3,hamaza`t (هَمَزَٰت) x1; ham~aAz (هَمَّاز) x1; humazap (هُمَزَة) x1,"N: 67%, ADJ: 33%",347,,3,1.0,,False,0,rare (3 occ.)
nsb,نسب,3,1,nasab (نَسَب) x3,N: 100%,44,,3,1.0,byn (بين) x2; jEl (جعل) x2,False,2,noun-only; rare (3 occ.)
lfH,لفح,1,1,talofaHu (تَلْفَحُ) x1,V: 100%,419,,1,1.0,,False,0,verb-only; single occurrence; confined to 1 surah
klH,كلح,1,1,ka`liHuwn (كَٰلِحُون) x1,N: 100%,400,,1,1.0,,False,0,noun-only; single occurrence; confined to 1 surah
Ebv,عبث,2,2,Eabav (عَبَث) x1; taEobavu (تَعْبَثُ) x1,"N: 50%, V: 50%",122,,2,1.0,,False,0,rare (2 occ.)
gDD,غضض,4,1,yaguD~u (يَغُضُّ) x4,V: 100%,169,,3,0.25,Alh (اله) x3; Amn (امن) x2; HfZ (حفظ) x2; bSr (بصر) x2; frj (فرج) x2,True,5,verb-only; rare (4 occ.); bridge (5 clusters)
jyb,جيب,3,1,jayob (جَيْب) x3,N: 100%,107,,3,0.667,gyr (غير) x3; byD (بيض) x2; fsq (فسق) x2; kwn (كون) x2; qwm (قوم) x2,True,7,noun-only; rare (3 occ.); bridge (7 clusters)
Ewr,عور,4,1,Eaworap (عَوْرَة) x4,N: 100%,151,,2,0.0,Alh (اله) x2; Amn (امن) x2; Elm (علم) x2; Zhr (ظهر) x2; mlk (ملك) x2,True,7,noun-only; rare (4 occ.); bridge (7 clusters)
Aym,ايم,1,1,>aya`maY` (أَيَٰمَىٰ) x1,N: 100%,98,,1,0.0,,False,0,noun-only; single occurrence; confined to 1 surah
zjj,زجج,2,1,zujaAjap (زُجَاجَة) x2,N: 100%,659,,1,0.0,,False,0,noun-only; rare (2 occ.); confined to 1 surah
wdq,ودق,2,1,wadoq (وَدْق) x2,N: 100%,75,Witnessing the Visible Sign,2,0.5,$yA (شيا) x2; Alh (اله) x2; Swb (صوب) x2; jEl (جعل) x2; rAy (راي) x2,True,5,noun-only; rare (2 occ.); bridge (5 clusters); in named cluster: Witnessing the Visible Sign
*En,ذعن,1,1,mu*oEiniyn (مُذْعِنِين) x1,N: 100%,48,,1,0.0,,False,0,noun-only; single occurrence; confined to 1 surah
Hyf,حيف,1,1,yaHiyfa (يَحِيفَ) x1,V: 100%,198,,1,0.0,,False,0,verb-only; single occurrence; confined to 1 surah
lw*,لوذ,1,1,liwaA* (لِوَاذ) x1,N: 100%,429,,1,0.0,,False,0,noun-only; single occurrence; confined to 1 surah
hbw,هبو,2,1,habaA^' (هَبَا^ء) x2,N: 100%,337,,2,1.0,,False,0,noun-only; rare (2 occ.)
nvr,نثر,3,2,m~anvuwr (مَّنثُور) x2; {ntavarato (ٱنتَثَرَتْ) x1,"N: 33%, ADJ: 33%",482,,3,0.667,,False,0,rare (3 occ.)
fln,فلن,1,1,fulaAn (فُلَان) x1,N: 100%,300,,1,1.0,,False,0,noun-only; single occurrence; confined to 1 surah
rtl,رتل,4,2,rat~alo (رَتَّلْ) x2; tarotiyl (تَرْتِيل) x2,"V: 50%, N: 50%",4,"Revelation, Speech & Disbelief",2,1.0,qrA (قرا) x2,False,1,"rare (4 occ.); in named cluster: Revelation, Speech & Disbelief"
fsr,فسر,1,1,tafosiyr (تَفْسِير) x1,N: 100%,311,,1,1.0,,False,0,noun-only; single occurrence; confined to 1 surah
rss,رسس,2,1,r~as~ (رَّسّ) x2,N: 100%,0,The Believers' Reward,2,1.0,SHb (صحب) x2,False,1,noun-only; rare (2 occ.); in named cluster: The Believers' Reward
mrj,مرج,6,4,maraja (مَرَجَ) x2; marojaAn (مَرْجَان) x2; m~ariyj (مَّرِيج) x1,"N: 50%, V: 33%",7,Sea-Rescue / Bounty / Gratitude,3,0.333,bHr (بحر) x2,False,1,in named cluster: Sea-Rescue / Bounty / Gratitude
frt,فرت,3,1,furaAt (فُرَات) x3,ADJ: 100%,76,,3,1.0,Ajj (اجج) x2; E*b (عذب) x2; bHr (بحر) x2; jEl (جعل) x2; mlH (ملح) x2,False,4,rare (3 occ.)
mlH,ملح,2,1,miloH (مِلْح) x2,N: 100%,76,,2,1.0,Ajj (اجج) x2; E*b (عذب) x2; bHr (بحر) x2; frt (فرت) x2,False,3,noun-only; rare (2 occ.)
Ajj,اجج,3,1,>ujaAj (أُجَاج) x3,N: 100%,76,,3,1.0,E*b (عذب) x2; bHr (بحر) x2; frt (فرت) x2; jEl (جعل) x2; mlH (ملح) x2,False,4,noun-only; rare (3 occ.)
srj,سرج,4,1,siraAj (سِرَاج) x4,N: 100%,24,,4,0.75,jEl (جعل) x3; nwr (نور) x3; qmr (قمر) x2,False,3,noun-only; rare (4 occ.)
EbA,عبا,1,1,yaEoba&uA@ (يَعْبَؤُا@) x1,V: 100%,118,,1,1.0,,False,0,verb-only; single occurrence; confined to 1 surah
xDE,خضع,2,2,xa`DiEiyn (خَٰضِعِين) x1; taxoDaEo (تَخْضَعْ) x1,"N: 50%, V: 50%",632,,2,0.5,,False,0,rare (2 occ.)
Dyr,ضير,1,1,Dayor (ضَيْر) x1,N: 100%,112,,1,1.0,,False,0,noun-only; single occurrence; confined to 1 surah
$r*m,شرذم,1,1,$iro*imap (شِرْذِمَة) x1,N: 100%,29,,1,1.0,,False,0,noun-only; single occurrence; confined to 1 surah
Twd,طود,1,1,T~awod (طَّوْد) x1,N: 100%,235,,1,1.0,,False,0,noun-only; single occurrence; confined to 1 surah
kbkb,كبكب,1,1,kubokibu (كُبْكِبُ) x1,V: 100%,392,,1,1.0,,False,0,verb-only; single occurrence; confined to 1 surah
$Hn,شحن,3,1,ma$oHuwn (مَشْحُون) x3,N: 100%,7,Sea-Rescue / Bounty / Gratitude,3,1.0,flk (فلك) x3,False,1,noun-only; rare (3 occ.); in named cluster: Sea-Rescue / Bounty / Gratitude
ryE,ريع,1,1,riyE (رِيع) x1,N: 100%,550,,1,1.0,,False,0,noun-only; single occurrence; confined to 1 surah
frh,فره,1,1,fa`rihiyn (فَٰرِهِين) x1,N: 100%,308,,1,1.0,,False,0,noun-only; single occurrence; confined to 1 surah
qly,قلي,2,2,qaAliyn (قَالِين) x1; qalaY` (قَلَىٰ) x1,"N: 50%, V: 50%",506,,2,1.0,,False,0,rare (2 occ.)
hym,هيم,2,2,yahiymu (يَهِيمُ) x1; hiym (هِيم) x1,"V: 50%, N: 50%",352,,2,1.0,,False,0,rare (2 occ.)
wzE,وزع,5,2,yuwzaEu (يُوزَعُ) x3; >awoziEo (أَوْزِعْ) x2,V: 100%,57,,3,1.0,H$r (حشر) x3; Ans (انس) x2; $kr (شكر) x2; Eml (عمل) x2; SlH (صلح) x2,True,7,verb-only; rare (5 occ.); high Meccan concentration; bridge (7 clusters)
HTm,حطم,6,3,HuTa`m (حُطَٰم) x3; HuTamap (حُطَمَة) x2; yaHoTima (يَحْطِمَ) x1,"N: 83%, V: 17%",164,,5,0.833,Alh (اله) x2; Sfr (صفر) x2; hyj (هيج) x2; jEl (جعل) x2; rAy (راي) x2,False,4,
bsm,بسم,1,1,tabas~ama (تَبَسَّمَ) x1,V: 100%,261,,1,1.0,,False,0,verb-only; single occurrence; confined to 1 surah
hdhd,هدهد,1,1,hudohud (هُدْهُد) x1,N: 100%,339,,1,1.0,,False,0,noun-only; single occurrence; confined to 1 surah
xbA,خبا,1,1,xabo' (خَبْء) x1,N: 100%,635,,1,1.0,,False,0,noun-only; single occurrence; confined to 1 surah
Efr,عفر,1,1,Eiforiyt (عِفْرِيت) x1,N: 100%,124,,1,1.0,,False,0,noun-only; single occurrence; confined to 1 surah
SrH,صرح,4,1,SaroH (صَرْح) x4,N: 100%,4,"Revelation, Speech & Disbelief",3,1.0,qwl (قول) x3; Alh (اله) x2; Elm (علم) x2,False,2,"noun-only; rare (4 occ.); in named cluster: Revelation, Speech & Disbelief"
Hdq,حدق,3,1,HadaA^}iq (حَدَا^ئِق) x3,N: 100%,168,,3,1.0,,False,0,noun-only; rare (3 occ.)
Hjz,حجز,2,2,HaAjiz (حَاجِز) x1; Ha`jiziyn (حَٰجِزِين) x1,"N: 50%, ADJ: 50%",173,,2,1.0,,False,0,rare (2 occ.)
fwj,فوج,5,1,fawoj (فَوْج) x5,N: 100%,43,Divine Will & Dominion,5,0.8,kll (كلل) x2; ywm (يوم) x2; Aty (اتي) x2,False,3,noun-only; rare (5 occ.); in named cluster: Divine Will & Dominion
jmd,جمد,1,1,jaAmidap (جَامِدَة) x1,N: 100%,371,,1,1.0,,False,0,noun-only; single occurrence; confined to 1 surah
tqn,تقن,1,1,>atoqana (أَتْقَنَ) x1,V: 100%,591,,1,1.0,,False,0,verb-only; single occurrence; confined to 1 surah
kbb,كبب,2,2,kub~ato (كُبَّتْ) x1; mukib~ (مُكِبّ) x1,"V: 50%, N: 50%",17,Bodily Purity & Prayer,2,1.0,wjh (وجه) x2,False,1,rare (2 occ.); in named cluster: Bodily Purity & Prayer
wkz,وكز,1,1,wakaza (وَكَزَ) x1,V: 100%,621,,1,1.0,,False,0,verb-only; single occurrence; confined to 1 surah
*wd,ذود,1,1,ta*uwda (تَذُودَ) x1,V: 100%,61,,1,1.0,,False,0,verb-only; single occurrence; confined to 1 surah
j*w,جذو,1,1,ja*owap (جَذْوَة) x1,N: 100%,357,,1,1.0,,False,0,noun-only; single occurrence; confined to 1 surah
$TA,شطا,2,2,$a`Ti} (شَٰطِئ) x1; $aTo_# (شَطْـ#) x1,N: 100%,8,Allegiance & the Object of Worship,2,0.5,Alh (اله) x2,False,1,noun-only; rare (2 occ.); in named cluster: Allegiance & the Object of Worship
bqE,بقع,1,1,buqoEap (بُقْعَة) x1,N: 100%,255,,1,1.0,,False,0,noun-only; single occurrence; confined to 1 surah
fSH,فصح,1,1,>afoSaH (أَفْصَح) x1,N: 100%,294,,1,1.0,,False,0,noun-only; single occurrence; confined to 1 surah
rdA,ردا,1,1,rido' (رِدْء) x1,N: 100%,527,,1,1.0,,False,0,noun-only; single occurrence; confined to 1 surah
qbH,قبح,1,1,maqobuwHiyn (مَقْبُوحِين) x1,N: 100%,501,,1,1.0,,False,0,noun-only; single occurrence; confined to 1 surah
srmd,سرمد,2,1,saromad (سَرْمَد) x2,N: 100%,24,,1,1.0,Alh (اله) x2; Aty (اتي) x2; gyr (غير) x2; jEl (جعل) x2; lyl (ليل) x2,True,7,noun-only; rare (2 occ.); bridge (7 clusters); confined to 1 surah
nwA,نوا,1,1,tanuw^>u (تَنُو^أُ) x1,V: 100%,484,,1,1.0,,False,0,verb-only; single occurrence; confined to 1 surah
Enkb,عنكب,2,1,Eankabuwt (عَنكَبُوت) x2,N: 100%,136,,1,1.0,,False,0,noun-only; rare (2 occ.); confined to 1 surah
xTT,خطط,1,1,taxuT~u (تَخُطُّ) x1,V: 100%,634,,1,1.0,,False,0,verb-only; single occurrence; confined to 1 surah
rwD,روض,2,2,rawoDap (رَوْضَة) x1; rawoDaAt (رَوْضَات) x1,N: 100%,0,The Believers' Reward,2,1.0,Amn (امن) x2; Eml (عمل) x2; SlH (صلح) x2,False,1,noun-only; rare (2 occ.); in named cluster: The Believers' Reward
msw,مسو,1,1,tumosu (تُمْسُ) x1,V: 100%,445,,1,1.0,,False,0,verb-only; single occurrence; confined to 1 surah
SEr,صعر,1,1,tuSaE~iro (تُصَعِّرْ) x1,V: 100%,204,,1,1.0,,False,0,verb-only; single occurrence; confined to 1 surah
xdd,خدد,2,2,xad~ (خَدّ) x1; >uxoduwd (أُخْدُود) x1,N: 100%,640,,2,1.0,,False,0,noun-only; rare (2 occ.)
sbg,سبغ,2,2,>asobaga (أَسْبَغَ) x1; sa`biga`t (سَٰبِغَٰت) x1,"V: 50%, N: 50%",557,,2,1.0,,False,0,rare (2 occ.)
xtr,ختر,1,1,xat~aAr (خَتَّار) x1,ADJ: 100%,648,,1,1.0,,False,0,single occurrence; confined to 1 surah
mhn,مهن,4,1,m~ahiyn (مَّهِين) x4,"ADJ: 75%, N: 25%",17,Bodily Purity & Prayer,4,1.0,mwh (موه) x2,False,1,rare (4 occ.); in named cluster: Bodily Purity & Prayer
jfw,جفو,1,1,tatajaAfaY` (تَتَجَافَىٰ) x1,V: 100%,365,,1,1.0,,False,0,verb-only; single occurrence; confined to 1 surah
jwf,جوف,1,1,jawof (جَوْف) x1,N: 100%,384,,1,0.0,,False,0,noun-only; single occurrence; confined to 1 surah
Hnjr,حنجر,2,1,HanaAjir (حَنَاجِر) x2,N: 100%,28,,2,0.5,qlb (قلب) x2,False,1,noun-only; rare (2 occ.)
Ewq,عوق,1,1,muEaw~iqiyn (مُعَوِّقِين) x1,N: 100%,150,,1,0.0,,False,0,noun-only; single occurrence; confined to 1 surah
slq,سلق,1,1,salaqu (سَلَقُ) x1,V: 100%,573,,1,0.0,,False,0,verb-only; single occurrence; confined to 1 surah
nHb,نحب,1,1,naHob (نَحْب) x1,N: 100%,457,,1,0.0,,False,0,noun-only; single occurrence; confined to 1 surah
SyS,صيص,1,1,SayaASiy (صَيَاصِي) x1,N: 100%,225,,1,0.0,,False,0,noun-only; single occurrence; confined to 1 surah
wTr,وطر,2,1,waTar (وَطَر) x2,N: 100%,610,,1,0.0,,False,0,noun-only; rare (2 occ.); confined to 1 surah
mzq,مزق,4,2,muz~iqo (مُزِّقْ) x2; mumaz~aq (مُمَزَّق) x2,"V: 50%, N: 50%",43,Divine Will & Dominion,1,1.0,kll (كلل) x2; qwl (قول) x2,False,2,rare (4 occ.); in named cluster: Divine Will & Dominion; confined to 1 surah
srd,سرد,1,1,s~arod (سَّرْد) x1,N: 100%,582,,1,1.0,,False,0,noun-only; single occurrence; confined to 1 surah
jfn,جفن,1,1,jifaAn (جِفَان) x1,N: 100%,364,,1,1.0,,False,0,noun-only; single occurrence; confined to 1 surah
Erm,عرم,1,1,Earim (عَرِم) x1,N: 100%,141,,1,1.0,,False,0,noun-only; single occurrence; confined to 1 surah
xmT,خمط,1,1,xamoT (خَمْط) x1,ADJ: 100%,642,,1,1.0,,False,0,single occurrence; confined to 1 surah
Avl,اثل,1,1,>avol (أَثْل) x1,N: 100%,89,,1,1.0,,False,0,noun-only; single occurrence; confined to 1 surah
sdr,سدر,4,2,sidor (سِدْر) x2; sidorap (سِدْرَة) x2,N: 100%,558,,3,1.0,,False,0,noun-only; rare (4 occ.)
nw$,نوش,1,1,t~anaAwu$ (تَّنَاوُش) x1,N: 100%,483,,1,1.0,,False,0,noun-only; single occurrence; confined to 1 surah
qTmr,قطمر,1,1,qiTomiyr (قِطْمِير) x1,N: 100%,500,,1,1.0,,False,0,noun-only; single occurrence; confined to 1 surah
lgb,لغب,2,1,l~uguwb (لُّغُوب) x2,N: 100%,34,,2,1.0,mss (مسس) x2,False,1,noun-only; rare (2 occ.)
qmH,قمح,1,1,m~uqomaHuwn (مُّقْمَحُون) x1,N: 100%,508,,1,1.0,,False,0,noun-only; single occurrence; confined to 1 surah
Erjn,عرجن,1,1,Eurojuwn (عُرْجُون) x1,N: 100%,140,,1,1.0,,False,0,noun-only; single occurrence; confined to 1 surah
jdv,جدث,3,1,>ajodaAv (أَجْدَاث) x3,N: 100%,75,Witnessing the Visible Sign,3,1.0,xrj (خرج) x2,False,1,noun-only; rare (3 occ.); in named cluster: Witnessing the Visible Sign
$gl,شغل,2,2,$ugul (شُغُل) x1; $agalato (شَغَلَتْ) x1,"N: 50%, V: 50%",16,,2,0.5,,False,0,rare (2 occ.)
msx,مسخ,1,1,masaxo (مَسَخْ) x1,V: 100%,446,,1,1.0,,False,0,verb-only; single occurrence; confined to 1 surah
rmm,رمم,2,1,ramiym (رَمِيم) x2,N: 100%,540,,2,1.0,,False,0,noun-only; rare (2 occ.)
zjr,زجر,6,5,zajorap (زَجْرَة) x2; z~a`jira`t (زَّٰجِرَٰت) x1; zajor (زَجْر) x1,"N: 83%, V: 17%",19,Household Law & Lineage,3,1.0,wHd (وحد) x2,False,1,high Meccan concentration; in named cluster: Household Law & Lineage
vqb,ثقب,2,1,vaAqib (ثَاقِب) x2,"N: 50%, ADJ: 50%",598,,2,1.0,,False,0,rare (2 occ.)
lzb,لزب,1,1,l~aAzib (لَّازِب) x1,N: 100%,432,,1,1.0,,False,0,noun-only; single occurrence; confined to 1 surah
kAs,كاس,6,1,ka>os (كَأْس) x6,N: 100%,390,,5,0.667,Eyn (عين) x2; kwn (كون) x2; mzj (مزج) x2,False,3,noun-only
l**,لذذ,3,2,la*~ap (لَذَّة) x2; tala*~u (تَلَذُّ) x1,"ADJ: 67%, V: 33%",31,,3,0.667,$rb (شرب) x2; xld (خلد) x2,False,2,rare (3 occ.)
gwl,غول,1,1,gawol (غَوْل) x1,N: 100%,330,,1,1.0,,False,0,noun-only; single occurrence; confined to 1 surah
nzf,نزف,2,1,yunzafu (يُنزَفُ) x2,V: 100%,490,,2,1.0,,False,0,verb-only; rare (2 occ.)
zqm,زقم,3,1,zaq~uwm (زَقُّوم) x3,PN: 100%,20,,3,1.0,$jr (شجر) x3,False,1,proper-noun-only; rare (3 occ.)
$wb,شوب,1,1,$awob (شَوْب) x1,N: 100%,39,,1,1.0,,False,0,noun-only; single occurrence; confined to 1 surah
sqm,سقم,2,1,saqiym (سَقِيم) x2,N: 100%,579,,1,1.0,,False,0,noun-only; rare (2 occ.); confined to 1 surah
rwg,روغ,3,1,raAga (رَاغَ) x3,V: 100%,547,,2,1.0,,False,0,verb-only; rare (3 occ.)
zff,زفف,1,1,yazif~u (يَزِفُّ) x1,V: 100%,656,,1,1.0,,False,0,verb-only; single occurrence; confined to 1 surah
tll,تلل,1,1,tal~a (تَلَّ) x1,V: 100%,590,,1,1.0,,False,0,verb-only; single occurrence; confined to 1 surah
jbn,جبن,1,1,jabiyn (جَبِين) x1,N: 100%,360,,1,1.0,,False,0,noun-only; single occurrence; confined to 1 surah
Abq,ابق,1,1,>abaqa (أَبَقَ) x1,V: 100%,70,,1,1.0,,False,0,verb-only; single occurrence; confined to 1 surah
shm,سهم,1,1,saAhama (سَاهَمَ) x1,V: 100%,564,,1,1.0,,False,0,verb-only; single occurrence; confined to 1 surah
lqm,لقم,1,1,{lotaqama (ٱلْتَقَمَ) x1,V: 100%,428,,1,1.0,,False,0,verb-only; single occurrence; confined to 1 surah
swH,سوح,1,1,saAHat (سَاحَت) x1,N: 100%,584,,1,1.0,,False,0,noun-only; single occurrence; confined to 1 surah
lwt,لوت,1,1,laAta (لَاتَ) x1,V: 100%,430,,1,1.0,,False,0,verb-only; single occurrence; confined to 1 surah
nwS,نوص,1,1,manaAS (مَنَاص) x1,N: 100%,485,,1,1.0,,False,0,noun-only; single occurrence; confined to 1 surah
wtd,وتد,3,1,>awotaAd (أَوْتَاد) x3,N: 100%,628,,3,1.0,,False,0,noun-only; rare (3 occ.)
qTT,قطط,1,1,qiT~ (قِطّ) x1,N: 100%,499,,1,1.0,,False,0,noun-only; single occurrence; confined to 1 surah
nEj,نعج,4,1,naEojap (نَعْجَة) x4,N: 100%,4,"Revelation, Speech & Disbelief",1,1.0,qwl (قول) x2,False,1,"noun-only; rare (4 occ.); in named cluster: Revelation, Speech & Disbelief; confined to 1 surah"
Sfn,صفن,1,1,S~a`fina`t (صَّٰفِنَٰت) x1,N: 100%,210,,1,1.0,,False,0,noun-only; single occurrence; confined to 1 surah
jwd,جود,1,1,jiyaAd (جِيَاد) x1,ADJ: 100%,383,,1,1.0,,False,0,single occurrence; confined to 1 surah
rxw,رخو,1,1,ruxaA^' (رُخَا^ء) x1,N: 100%,548,,1,1.0,,False,0,noun-only; single occurrence; confined to 1 surah
Hnv,حنث,2,2,taHonavo (تَحْنَثْ) x1; Hinv (حِنث) x1,"V: 50%, N: 50%",180,,2,1.0,,False,0,rare (2 occ.)
qHm,قحم,2,2,m~uqotaHim (مُّقْتَحِم) x1; {qotaHama (ٱقْتَحَمَ) x1,"N: 50%, V: 50%",496,,2,1.0,,False,0,rare (2 occ.)
kwr,كور,3,1,kuw~irato (كُوِّرَتْ) x3,V: 100%,24,,2,1.0,$ms (شمس) x2,False,1,verb-only; rare (3 occ.)
hyj,هيج,2,1,yahiyju (يَهِيجُ) x2,V: 100%,164,,2,0.5,Alh (اله) x2; HTm (حطم) x2; Sfr (صفر) x2; rAy (راي) x2,False,3,verb-only; rare (2 occ.)
q$Er,قشعر,1,1,taqo$aEir~u (تَقْشَعِرُّ) x1,V: 100%,491,,1,1.0,,False,0,verb-only; single occurrence; confined to 1 surah
$ks,شكس,1,1,muta$a`kisuwn (مُتَشَٰكِسُون) x1,N: 100%,22,,1,1.0,,False,0,noun-only; single occurrence; confined to 1 surah
$mz,شمز,1,1,{$oma>az~ato (ٱشْمَأَزَّتْ) x1,V: 100%,27,,1,1.0,,False,0,verb-only; single occurrence; confined to 1 surah
zmr,زمر,2,1,zumar (زُمَر) x2,N: 100%,586,,1,1.0,bwb (بوب) x2; ftH (فتح) x2; jyA (جيا) x2; qwl (قول) x2; rbb (ربب) x2,False,3,noun-only; rare (2 occ.); confined to 1 surah
Azf,ازف,3,2,'aAzifap (ءَازِفَة) x2; >azifati (أَزِفَتِ) x1,"N: 67%, V: 33%",99,,2,1.0,,False,0,rare (3 occ.)
fwD,فوض,1,1,>ufaw~iDu (أُفَوِّضُ) x1,V: 100%,315,,1,1.0,,False,0,verb-only; single occurrence; confined to 1 surah
slsl,سلسل,3,1,silosilap (سِلْسِلَة) x3,N: 100%,137,,3,0.667,gll (غلل) x2,False,1,noun-only; rare (3 occ.)
sjr,سجر,3,3,yusojaru (يُسْجَرُ) x1; masojuwr (مَسْجُور) x1; suj~irato (سُجِّرَتْ) x1,"V: 67%, N: 33%",7,Sea-Rescue / Bounty / Gratitude,3,1.0,bHr (بحر) x2,False,1,rare (3 occ.); in named cluster: Sea-Rescue / Bounty / Gratitude
dxn,دخن,2,1,duxaAn (دُخَان) x2,N: 100%,1,,2,1.0,Aty (اتي) x2; smw (سمو) x2,False,2,noun-only; rare (2 occ.)
SrSr,صرصر,3,1,SaroSar (صَرْصَر) x3,ADJ: 100%,220,,3,1.0,rwH (روح) x3; nHs (نحس) x2; rsl (رسل) x2; ywm (يوم) x2,False,4,rare (3 occ.)
nHs,نحس,3,3,n~aHisaAt (نَّحِسَات) x1; naHos (نَحْس) x1; nuHaAs (نُحَاس) x1,"N: 67%, ADJ: 33%",220,,3,0.667,rsl (رسل) x3; SrSr (صرصر) x2; nSr (نصر) x2; rwH (روح) x2; ywm (يوم) x2,True,5,rare (3 occ.); bridge (5 clusters)
qyD,قيض,2,1,qay~aDo (قَيَّضْ) x2,V: 100%,4,"Revelation, Speech & Disbelief",2,1.0,qrn (قرن) x2,False,1,"verb-only; rare (2 occ.); in named cluster: Revelation, Speech & Disbelief"
kmm,كمم,2,1,>akomaAm (أَكْمَام) x2,N: 100%,402,,2,0.5,,False,0,noun-only; rare (2 occ.)
Afq,افق,3,1,>ufuq (أُفُق) x3,N: 100%,75,Witnessing the Visible Sign,3,1.0,byn (بين) x2; rAy (راي) x2,False,2,noun-only; rare (3 occ.); in named cluster: Witnessing the Visible Sign
rkd,ركد,1,1,rawaAkid (رَوَاكِد) x1,N: 100%,536,,1,1.0,,False,0,noun-only; single occurrence; confined to 1 surah
kwb,كوب,4,1,>akowaAb (أَكْوَاب) x4,N: 100%,151,,4,0.75,Eyn (عين) x2; Twf (طوف) x2,False,2,noun-only; rare (4 occ.)
brm,برم,2,2,>aboramu (أَبْرَمُ) x1; muborimuwn (مُبْرِمُون) x1,"V: 50%, N: 50%",258,,1,1.0,,False,0,rare (2 occ.); confined to 1 surah
rhw,رهو,1,1,rahow (رَهْو) x1,N: 100%,533,,1,1.0,,False,0,noun-only; single occurrence; confined to 1 surah
gly,غلي,2,2,yagoliY (يَغْلِى) x1; galoY (غَلْى) x1,"V: 50%, N: 50%",325,,1,1.0,,False,0,rare (2 occ.); confined to 1 surah
Etl,عتل,2,2,{Eotilu (ٱعْتِلُ) x1; Eutul~ (عُتُلّ) x1,"V: 50%, ADJ: 50%",146,,2,1.0,,False,0,rare (2 occ.)
dhr,دهر,2,1,d~ahor (دَّهْر) x2,N: 100%,279,,2,0.5,,False,0,noun-only; rare (2 occ.)
Hqf,حقف,1,1,>aHoqaAf (أَحْقَاف) x1,PN: 100%,182,,1,1.0,,False,0,proper-noun-only; single occurrence; confined to 1 surah
Eyy,عيي,2,1,Eayiy (عَيِي) x2,V: 100%,77,Creation & the Appointed Term,2,1.0,xlq (خلق) x2,False,1,verb-only; rare (2 occ.); in named cluster: Creation & the Appointed Term
tEs,تعس,1,1,taEos (تَعْس) x1,N: 100%,588,,1,0.0,,False,0,noun-only; single occurrence; confined to 1 surah
Asn,اسن,1,1,'aAsin (ءَاسِن) x1,N: 100%,87,,1,0.0,,False,0,noun-only; single occurrence; confined to 1 surah
Esl,عسل,1,1,Easal (عَسَل) x1,N: 100%,144,,1,0.0,,False,0,noun-only; single occurrence; confined to 1 surah
mEy,معي,1,1,>amoEaA^' (أَمْعَا^ء) x1,N: 100%,436,,1,0.0,,False,0,noun-only; single occurrence; confined to 1 surah
$rT,شرط,1,1,>a$oraAT (أَشْرَاط) x1,N: 100%,30,,1,0.0,,False,0,noun-only; single occurrence; confined to 1 surah
qfl,قفل,1,1,>aqofaAl (أَقْفَال) x1,N: 100%,503,,1,0.0,,False,0,noun-only; single occurrence; confined to 1 surah
Dgn,ضغن,2,1,>aDoga`n (أَضْغَٰن) x2,N: 100%,75,Witnessing the Visible Sign,1,0.0,xrj (خرج) x2,False,1,noun-only; rare (2 occ.); in named cluster: Witnessing the Visible Sign; confined to 1 surah
lHn,لحن,1,1,laHon (لَحْن) x1,N: 100%,413,,1,0.0,,False,0,noun-only; single occurrence; confined to 1 surah
mHn,محن,2,1,{motaHana (ٱمْتَحَنَ) x2,V: 100%,0,The Believers' Reward,2,0.0,Ajr (اجر) x2; Alh (اله) x2,False,2,verb-only; rare (2 occ.); in named cluster: The Believers' Reward
nbz,نبز,1,1,tanaAbazu (تَنَابَزُ) x1,V: 100%,463,,1,0.0,,False,0,verb-only; single occurrence; confined to 1 surah
lqb,لقب,1,1,>aloqa`b (أَلْقَٰب) x1,N: 100%,427,,1,0.0,,False,0,noun-only; single occurrence; confined to 1 surah
jss,جسس,1,1,tajas~asu (تَجَسَّسُ) x1,V: 100%,380,,1,0.0,,False,0,verb-only; single occurrence; confined to 1 surah
$Eb,شعب,2,2,$uEuwb (شُعُوب) x1; $uEab (شُعَب) x1,N: 100%,2,,2,0.5,,False,0,noun-only; rare (2 occ.)
lyt,ليت,1,1,yalito (يَلِتْ) x1,V: 100%,431,,1,0.0,,False,0,verb-only; single occurrence; confined to 1 surah
bsq,بسق,1,1,baAsiqa`t (بَاسِقَٰت) x1,N: 100%,262,,1,1.0,,False,0,noun-only; single occurrence; confined to 1 surah
lfZ,لفظ,1,1,yalofiZu (يَلْفِظُ) x1,V: 100%,420,,1,1.0,,False,0,verb-only; single occurrence; confined to 1 surah
Hyd,حيد,1,1,taHiydu (تَحِيدُ) x1,V: 100%,197,,1,1.0,,False,0,verb-only; single occurrence; confined to 1 surah
Hbk,حبك,1,1,Hubuk (حُبُك) x1,N: 100%,165,,1,1.0,,False,0,noun-only; single occurrence; confined to 1 surah
shw,سهو,2,1,saAhuwn (سَاهُون) x2,N: 100%,566,,2,1.0,,False,0,noun-only; rare (2 occ.)
hjE,هجع,1,1,yahojaEu (يَهْجَعُ) x1,V: 100%,341,,1,1.0,,False,0,verb-only; single occurrence; confined to 1 surah
Skk,صكك,1,1,Sak~ato (صَكَّتْ) x1,V: 100%,212,,1,1.0,,False,0,verb-only; single occurrence; confined to 1 surah
rqq,رقق,1,1,raq~ (رَقّ) x1,N: 100%,543,,1,1.0,,False,0,noun-only; single occurrence; confined to 1 surah
mwr,مور,3,2,tamuwru (تَمُورُ) x2; mawor (مَوْر) x1,"V: 67%, N: 33%",1,,2,1.0,smw (سمو) x2,False,1,rare (3 occ.)
dEE,دعع,3,2,yaduE~u (يَدُعُّ) x2; daE~ (دَعّ) x1,"V: 67%, N: 33%",271,,2,1.0,,False,0,rare (3 occ.)
Alt,الت,1,1,>alato (أَلَتْ) x1,V: 100%,79,,1,1.0,,False,0,verb-only; single occurrence; confined to 1 surah
khn,كهن,2,1,kaAhin (كَاهِن) x2,N: 100%,19,Household Law & Lineage,2,1.0,*kr (ذكر) x2,False,1,noun-only; rare (2 occ.); in named cluster: Household Law & Lineage
qwb,قوب,1,1,qaAb (قَاب) x1,N: 100%,520,,1,1.0,,False,0,noun-only; single occurrence; confined to 1 surah
qws,قوس,1,1,qawosayon (قَوْسَيْن) x1,N: 100%,521,,1,1.0,,False,0,noun-only; single occurrence; confined to 1 surah
Dyz,ضيز,1,1,DiyzaY`^ (ضِيزَىٰ^) x1,ADJ: 100%,113,,1,1.0,,False,0,single occurrence; confined to 1 surah
kdy,كدي,1,1,>akodaY`^ (أَكْدَىٰ^) x1,V: 100%,395,,1,1.0,,False,0,verb-only; single occurrence; confined to 1 surah
qny,قني,1,1,>aqonaY` (أَقْنَىٰ) x1,N: 100%,513,,1,1.0,,False,0,noun-only; single occurrence; confined to 1 surah
smd,سمد,1,1,sa`miduwn (سَٰمِدُون) x1,N: 100%,574,,1,1.0,,False,0,noun-only; single occurrence; confined to 1 surah
hmr,همر,1,1,m~unohamir (مُّنْهَمِر) x1,N: 100%,345,,1,1.0,,False,0,noun-only; single occurrence; confined to 1 surah
dsr,دسر,1,1,dusur (دُسُر) x1,N: 100%,287,,1,1.0,,False,0,noun-only; single occurrence; confined to 1 surah
qEr,قعر,1,1,m~unqaEir (مُّنقَعِر) x1,N: 100%,495,,1,1.0,,False,0,noun-only; single occurrence; confined to 1 surah
A$r,اشر,2,1,>a$ir (أَشِر) x2,ADJ: 100%,4,"Revelation, Speech & Disbelief",1,1.0,k*b (كذب) x2,False,1,"rare (2 occ.); in named cluster: Revelation, Speech & Disbelief; confined to 1 surah"
dhy,دهي,1,1,>adohaY` (أَدْهَىٰ) x1,ADJ: 100%,280,,1,1.0,,False,0,single occurrence; confined to 1 surah
Anm,انم,1,1,>anaAm (أَنَام) x1,N: 100%,83,,1,0.0,,False,0,noun-only; single occurrence; confined to 1 surah
fny,فني,1,1,faAn (فَان) x1,N: 100%,304,,1,0.0,,False,0,noun-only; single occurrence; confined to 1 surah
jll,جلل,2,1,jala`l (جَلَٰل) x2,N: 100%,367,,1,0.0,krm (كرم) x2; rbb (ربب) x2,False,2,noun-only; rare (2 occ.); confined to 1 surah
nf*,نفذ,3,1,tanfu*u (تَنفُذُ) x3,V: 100%,464,,1,0.0,,False,0,verb-only; rare (3 occ.); confined to 1 surah
$wZ,شوظ,1,1,$uwaAZ (شُوَاظ) x1,N: 100%,38,,1,0.0,,False,0,noun-only; single occurrence; confined to 1 surah
fnn,فنن,1,1,>afonaAn (أَفْنَان) x1,N: 100%,303,,1,0.0,,False,0,noun-only; single occurrence; confined to 1 surah
Tmv,طمث,2,1,yaTomivo (يَطْمِثْ) x2,V: 100%,34,,1,0.0,Ans (انس) x2; jnn (جنن) x2; qbl (قبل) x2,False,3,verb-only; rare (2 occ.); confined to 1 surah
dhm,دهم,1,1,mudohaA^m~ataAn (مُدْهَا^مَّتَان) x1,N: 100%,276,,1,0.0,,False,0,noun-only; single occurrence; confined to 1 surah
nDx,نضخ,1,1,naD~aAxataAn (نَضَّاخَتَان) x1,ADJ: 100%,454,,1,0.0,,False,0,single occurrence; confined to 1 surah
xym,خيم,1,1,xiyaAm (خِيَام) x1,N: 100%,650,,1,0.0,,False,0,noun-only; single occurrence; confined to 1 surah
rfrf,رفرف,1,1,raforaf (رَفْرَف) x1,N: 100%,531,,1,0.0,,False,0,noun-only; single occurrence; confined to 1 surah
Ebqr,عبقر,1,1,EaboqariY~ (عَبْقَرِىّ) x1,N: 100%,119,,1,0.0,,False,0,noun-only; single occurrence; confined to 1 surah
rjj,رجج,2,2,ruj~ati (رُجَّتِ) x1; raj~ (رَجّ) x1,"V: 50%, N: 50%",534,,1,1.0,,False,0,rare (2 occ.); confined to 1 surah
bss,بسس,2,2,bus~ati (بُسَّتِ) x1; bas~ (بَسّ) x1,"V: 50%, N: 50%",264,,1,1.0,,False,0,rare (2 occ.); confined to 1 surah
$Am,شام,3,1,ma$o_#amap (مَشْـ#َمَة) x3,N: 100%,0,The Believers' Reward,2,1.0,SHb (صحب) x2,False,1,noun-only; rare (3 occ.); in named cluster: The Believers' Reward
vll,ثلل,3,1,vul~ap (ثُلَّة) x3,N: 100%,4,"Revelation, Speech & Disbelief",1,1.0,Awl (اول) x2,False,1,"noun-only; rare (3 occ.); in named cluster: Revelation, Speech & Disbelief; confined to 1 surah"
wDn,وضن,1,1,m~awoDuwnap (مَّوْضُونَة) x1,ADJ: 100%,605,,1,1.0,,False,0,single occurrence; confined to 1 surah
xDd,خضد,1,1,m~axoDuwd (مَّخْضُود) x1,ADJ: 100%,633,,1,1.0,,False,0,single occurrence; confined to 1 surah
TlH,طلح,1,1,TaloH (طَلْح) x1,N: 100%,230,,1,1.0,,False,0,noun-only; single occurrence; confined to 1 surah
skb,سكب,1,1,m~asokuwb (مَّسْكُوب) x1,N: 100%,569,,1,1.0,,False,0,noun-only; single occurrence; confined to 1 surah
mzn,مزن,1,1,muzon (مُزْن) x1,N: 100%,450,,1,1.0,,False,0,noun-only; single occurrence; confined to 1 surah
fsH,فسح,3,2,yafosaHi (يَفْسَحِ) x2; tafas~aHu (تَفَسَّحُ) x1,V: 100%,310,,1,0.0,,False,0,verb-only; rare (3 occ.); confined to 1 surah
jls,جلس,1,1,maja`lis (مَجَٰلِس) x1,N: 100%,368,,1,0.0,,False,0,noun-only; single occurrence; confined to 1 surah
wjf,وجف,2,2,>awojafo (أَوْجَفْ) x1; waAjifap (وَاجِفَة) x1,"V: 50%, ADJ: 50%",619,,2,0.5,,False,0,rare (2 occ.)
rSS,رصص,1,1,m~aroSuwS (مَّرْصُوص) x1,ADJ: 100%,525,,1,0.0,,False,0,single occurrence; confined to 1 surah
x$b,خشب,1,1,xu$ub (خُشُب) x1,N: 100%,631,,1,0.0,,False,0,noun-only; single occurrence; confined to 1 surah
snd,سند,1,1,m~usan~adap (مُّسَنَّدَة) x1,ADJ: 100%,576,,1,0.0,,False,0,single occurrence; confined to 1 surah
gbn,غبن,1,1,t~agaAbun (تَّغَابُن) x1,N: 100%,322,,1,0.0,,False,0,noun-only; single occurrence; confined to 1 surah
vyb,ثيب,1,1,vay~iba`t (ثَيِّبَٰت) x1,ADJ: 100%,601,,1,0.0,,False,0,single occurrence; confined to 1 surah
Tbq,طبق,4,1,Tabaq (طَبَق) x4,"ADJ: 50%, N: 50%",46,,3,1.0,rAy (راي) x2; sbE (سبع) x2; smw (سمو) x2; xlq (خلق) x2,False,4,rare (4 occ.)
nmm,نمم,1,1,namiym (نَمِيم) x1,N: 100%,474,,1,1.0,,False,0,noun-only; single occurrence; confined to 1 surah
znm,زنم,1,1,zaniym (زَنِيم) x1,N: 100%,662,,1,1.0,,False,0,noun-only; single occurrence; confined to 1 surah
xrTm,خرطم,1,1,xuroTuwm (خُرْطُوم) x1,N: 100%,646,,1,1.0,,False,0,noun-only; single occurrence; confined to 1 surah
Srm,صرم,3,3,yaSorimu (يَصْرِمُ) x1; S~ariym (صَّرِيم) x1; Sa`rimiyn (صَٰرِمِين) x1,"N: 67%, V: 33%",95,,1,1.0,SbH (صبح) x2,False,1,rare (3 occ.); confined to 1 surah
Hrd,حرد,1,1,Harod (حَرْد) x1,N: 100%,184,,1,1.0,,False,0,noun-only; single occurrence; confined to 1 surah
Hsm,حسم,1,1,Husuwm (حُسُوم) x1,ADJ: 100%,189,,1,1.0,,False,0,single occurrence; confined to 1 surah
SrE,صرع,1,1,SaroEaY` (صَرْعَىٰ) x1,N: 100%,219,,1,1.0,,False,0,noun-only; single occurrence; confined to 1 surah
why,وهي,1,1,waAhiyap (وَاهِيَة) x1,N: 100%,617,,1,1.0,,False,0,noun-only; single occurrence; confined to 1 surah
qTf,قطف,2,1,quTuwf (قُطُوف) x2,N: 100%,96,Dunya vs. Ākhirah,2,0.5,dnw (دنو) x2,False,1,noun-only; rare (2 occ.); in named cluster: Dunya vs. Ākhirah
HDD,حضض,3,2,yaHuD~u (يَحُضُّ) x2; taHa`^D~u (تَحَٰ^ضُّ) x1,V: 100%,157,,3,1.0,TEm (طعم) x3; skn (سكن) x3,False,1,verb-only; rare (3 occ.)
wtn,وتن,1,1,watiyn (وَتِين) x1,N: 100%,629,,1,1.0,,False,0,noun-only; single occurrence; confined to 1 surah
Ehn,عهن,2,1,Eihon (عِهْن) x2,N: 100%,127,,2,1.0,jbl (جبل) x2; kwn (كون) x2,False,2,noun-only; rare (2 occ.)
hlE,هلع,1,1,haluwE (هَلُوع) x1,N: 100%,343,,1,1.0,,False,0,noun-only; single occurrence; confined to 1 surah
Ezw,عزو,1,1,Eiziyn (عِزِين) x1,N: 100%,155,,1,1.0,,False,0,noun-only; single occurrence; confined to 1 surah
wfD,وفض,1,1,yuwfiDu (يُوفِضُ) x1,V: 100%,613,,1,1.0,,False,0,verb-only; single occurrence; confined to 1 surah
nsr,نسر,1,1,nasor (نَسْر) x1,PN: 100%,480,,1,1.0,,False,0,proper-noun-only; single occurrence; confined to 1 surah
Hrs,حرس,1,1,Haras (حَرَس) x1,N: 100%,186,,1,1.0,,False,0,noun-only; single occurrence; confined to 1 surah
hrb,هرب,1,1,harab (هَرَب) x1,N: 100%,349,,1,1.0,,False,0,noun-only; single occurrence; confined to 1 surah
Hry,حري,1,1,taHar~a (تَحَرَّ) x1,V: 100%,187,,1,1.0,,False,0,verb-only; single occurrence; confined to 1 surah
HTb,حطب,2,1,HaTab (حَطَب) x2,N: 100%,163,,2,1.0,,False,0,noun-only; rare (2 occ.)
gdq,غدق,1,1,gadaq (غَدَق) x1,ADJ: 100%,323,,1,1.0,,False,0,single occurrence; confined to 1 surah
lbd,لبد,2,2,libad (لِبَد) x1; l~ubad (لُّبَد) x1,"N: 50%, ADJ: 50%",417,,2,1.0,,False,0,rare (2 occ.)
zml,زمل,1,1,muz~am~il (مُزَّمِّل) x1,N: 100%,661,,1,1.0,,False,0,noun-only; single occurrence; confined to 1 surah
btl,بتل,2,2,tabat~alo (تَبَتَّلْ) x1; tabotiyl (تَبْتِيل) x1,"V: 50%, N: 50%",266,,1,1.0,,False,0,rare (2 occ.); confined to 1 surah
gSS,غصص,1,1,guS~ap (غُصَّة) x1,N: 100%,319,,1,1.0,,False,0,noun-only; single occurrence; confined to 1 surah
kvb,كثب,1,1,kaviyb (كَثِيب) x1,N: 100%,409,,1,1.0,,False,0,noun-only; single occurrence; confined to 1 surah
hyl,هيل,1,1,m~ahiyl (مَّهِيل) x1,ADJ: 100%,351,,1,1.0,,False,0,single occurrence; confined to 1 surah
dvr,دثر,1,1,mud~av~ir (مُدَّثِّر) x1,N: 100%,290,,1,1.0,,False,0,noun-only; single occurrence; confined to 1 surah
Ebs,عبس,3,2,Eabasa (عَبَسَ) x2; Eabuws (عَبُوس) x1,"V: 67%, ADJ: 33%",121,,3,0.667,,False,0,rare (3 occ.)
bsr,بسر,2,2,basara (بَسَرَ) x1; baAsirap (بَاسِرَة) x1,"V: 50%, N: 50%",263,,2,1.0,,False,0,rare (2 occ.)
qsr,قسر,1,1,qasowarap (قَسْوَرَة) x1,N: 100%,516,,1,1.0,,False,0,noun-only; single occurrence; confined to 1 surah
Hrk,حرك,1,1,tuHar~iko (تُحَرِّكْ) x1,V: 100%,185,,1,1.0,,False,0,verb-only; single occurrence; confined to 1 surah
nDr,نضر,3,2,naDorap (نَضْرَة) x2; n~aADirap (نَّاضِرَة) x1,N: 100%,17,Bodily Purity & Prayer,3,0.667,wjh (وجه) x2,False,1,noun-only; rare (3 occ.); in named cluster: Bodily Purity & Prayer
trq,ترق,1,1,t~araAqiY (تَّرَاقِى) x1,N: 100%,592,,1,1.0,,False,0,noun-only; single occurrence; confined to 1 surah
mTw,مطو,1,1,yatamaT~aY`^ (يَتَمَطَّىٰ^) x1,V: 100%,439,,1,1.0,,False,0,verb-only; single occurrence; confined to 1 surah
sdy,سدي,1,1,sudFY (سُدًى) x1,N: 100%,559,,1,1.0,,False,0,noun-only; single occurrence; confined to 1 surah
m$j,مشج,1,1,>amo$aAj (أَمْشَاج) x1,ADJ: 100%,433,,1,0.0,,False,0,single occurrence; confined to 1 surah
mzj,مزج,3,1,mizaAj (مِزَاج) x3,N: 100%,390,,2,0.333,kAs (كاس) x2; kwn (كون) x2,False,2,noun-only; rare (3 occ.)
qmTr,قمطر,1,1,qamoTariyr (قَمْطَرِير) x1,ADJ: 100%,509,,1,0.0,,False,0,single occurrence; confined to 1 surah
zmhr,زمهر,1,1,zamohariyr (زَمْهَرِير) x1,N: 100%,660,,1,0.0,,False,0,noun-only; single occurrence; confined to 1 surah
kft,كفت,1,1,kifaAt (كِفَات) x1,N: 100%,397,,1,1.0,,False,0,noun-only; single occurrence; confined to 1 surah
$mx,شمخ,1,1,$a`mixa`t (شَٰمِخَٰت) x1,ADJ: 100%,26,,1,1.0,,False,0,single occurrence; confined to 1 surah
lhb,لهب,3,1,lahab (لَهَب) x3,N: 100%,423,,2,1.0,,False,0,noun-only; rare (3 occ.)
whj,وهج,1,1,wah~aAj (وَهَّاج) x1,ADJ: 100%,616,,1,1.0,,False,0,single occurrence; confined to 1 surah
vjj,ثجج,1,1,vaj~aAj (ثَجَّاج) x1,ADJ: 100%,597,,1,1.0,,False,0,single occurrence; confined to 1 surah
dhq,دهق,1,1,dihaAq (دِهَاق) x1,ADJ: 100%,278,,1,1.0,,False,0,single occurrence; confined to 1 surah
n$T,نشط,2,2,n~a`$iTa`t (نَّٰشِطَٰت) x1; na$oT (نَشْط) x1,N: 100%,451,,1,1.0,,False,0,noun-only; rare (2 occ.); confined to 1 surah
nxr,نخر,1,1,n~axirap (نَّخِرَة) x1,ADJ: 100%,489,,1,1.0,,False,0,single occurrence; confined to 1 surah
shr,سهر,1,1,s~aAhirap (سَّاهِرَة) x1,N: 100%,565,,1,1.0,,False,0,noun-only; single occurrence; confined to 1 surah
smk,سمك,1,1,samok (سَمْك) x1,N: 100%,575,,1,1.0,,False,0,noun-only; single occurrence; confined to 1 surah
gT$,غطش,1,1,>agoTa$a (أَغْطَشَ) x1,V: 100%,321,,1,1.0,,False,0,verb-only; single occurrence; confined to 1 surah
dHw,دحو,1,1,daHaY` (دَحَىٰ) x1,V: 100%,272,,1,1.0,,False,0,verb-only; single occurrence; confined to 1 surah
Tmm,طمم,1,1,T~aA^m~ap (طَّا^مَّة) x1,N: 100%,232,,1,1.0,,False,0,noun-only; single occurrence; confined to 1 surah
qDb,قضب,1,1,qaDob (قَضْب) x1,N: 100%,494,,1,1.0,,False,0,noun-only; single occurrence; confined to 1 surah
Abb,ابب,1,1,>ab~ (أَبّ) x1,N: 100%,68,,1,1.0,,False,0,noun-only; single occurrence; confined to 1 surah
Sxx,صخخ,1,1,S~aA^x~ap (صَّا^خَّة) x1,N: 100%,224,,1,1.0,,False,0,noun-only; single occurrence; confined to 1 surah
kdr,كدر,1,1,{nkadarato (ٱنكَدَرَتْ) x1,V: 100%,394,,1,1.0,,False,0,verb-only; single occurrence; confined to 1 surah
wH$,وحش,1,1,wuHuw$ (وُحُوش) x1,N: 100%,606,,1,1.0,,False,0,noun-only; single occurrence; confined to 1 surah
wAd,واد,1,1,mawo'udap (مَوْءُدَة) x1,N: 100%,603,,1,1.0,,False,0,noun-only; single occurrence; confined to 1 surah
k$T,كشط,1,1,ku$iTato (كُشِطَتْ) x1,V: 100%,389,,1,1.0,,False,0,verb-only; single occurrence; confined to 1 surah
xns,خنس,2,2,xun~as (خُنَّس) x1; xan~aAs (خَنَّاس) x1,"N: 50%, ADJ: 50%",645,,2,1.0,,False,0,rare (2 occ.)
kns,كنس,1,1,kun~as (كُنَّس) x1,ADJ: 100%,404,,1,1.0,,False,0,single occurrence; confined to 1 surah
EsEs,عسعس,1,1,EasoEasa (عَسْعَسَ) x1,V: 100%,143,,1,1.0,,False,0,verb-only; single occurrence; confined to 1 surah
Dnn,ضنن,1,1,Daniyn (ضَنِين) x1,N: 100%,110,,1,1.0,,False,0,noun-only; single occurrence; confined to 1 surah
bEvr,بعثر,2,1,buEovira (بُعْثِرَ) x2,V: 100%,243,,2,1.0,qbr (قبر) x2,False,1,verb-only; rare (2 occ.)
Tff,طفف,1,1,muTaf~ifiyn (مُطَفِّفِين) x1,N: 100%,228,,1,1.0,,False,0,noun-only; single occurrence; confined to 1 surah
ryn,رين,1,1,raAna (رَانَ) x1,V: 100%,551,,1,1.0,,False,0,verb-only; single occurrence; confined to 1 surah
rHq,رحق,1,1,r~aHiyq (رَّحِيق) x1,N: 100%,524,,1,1.0,,False,0,noun-only; single occurrence; confined to 1 surah
snm,سنم,1,1,tasoniym (تَسْنِيم) x1,N: 100%,578,,1,1.0,,False,0,noun-only; single occurrence; confined to 1 surah
gmz,غمز,1,1,yatagaAmazu (يَتَغَامَزُ) x1,V: 100%,328,,1,1.0,,False,0,verb-only; single occurrence; confined to 1 surah
kdH,كدح,2,2,kaAdiH (كَادِح) x1; kadoH (كَدْح) x1,N: 100%,393,,1,1.0,,False,0,noun-only; rare (2 occ.); confined to 1 surah
wsq,وسق,2,2,wasaqa (وَسَقَ) x1; {t~asaqa (ٱتَّسَقَ) x1,V: 100%,627,,1,1.0,,False,0,verb-only; rare (2 occ.); confined to 1 surah
dfq,دفق,1,1,daAfiq (دَافِق) x1,ADJ: 100%,275,,1,1.0,,False,0,single occurrence; confined to 1 surah
hzl,هزل,1,1,hazol (هَزْل) x1,N: 100%,354,,1,1.0,,False,0,noun-only; single occurrence; confined to 1 surah
sTH,سطح,1,1,suTiHato (سُطِحَتْ) x1,V: 100%,555,,1,1.0,,False,0,verb-only; single occurrence; confined to 1 surah
swT,سوط,1,1,sawoT (سَوْط) x1,N: 100%,585,,1,1.0,,False,0,noun-only; single occurrence; confined to 1 surah
jmm,جمم,1,1,jam~ (جَمّ) x1,ADJ: 100%,372,,1,1.0,,False,0,single occurrence; confined to 1 surah
kbd,كبد,1,1,kabad (كَبَد) x1,N: 100%,391,,1,1.0,,False,0,noun-only; single occurrence; confined to 1 surah
$fh,شفه,1,1,$afatayon (شَفَتَيْن) x1,N: 100%,13,,1,1.0,,False,0,noun-only; single occurrence; confined to 1 surah
njd,نجد,1,1,n~ajodayon (نَّجْدَيْن) x1,N: 100%,470,,1,1.0,,False,0,noun-only; single occurrence; confined to 1 surah
fkk,فكك,2,2,fak~ (فَكّ) x1; munfak~iyn (مُنفَكِّين) x1,N: 100%,299,,2,0.5,,False,0,noun-only; rare (2 occ.)
sgb,سغب,1,1,masogabap (مَسْغَبَة) x1,N: 100%,562,,1,1.0,,False,0,noun-only; single occurrence; confined to 1 surah
THw,طحو,1,1,TaHaY` (طَحَىٰ) x1,V: 100%,227,,1,1.0,,False,0,verb-only; single occurrence; confined to 1 surah
lhm,لهم,1,1,>alohama (أَلْهَمَ) x1,V: 100%,424,,1,1.0,,False,0,verb-only; single occurrence; confined to 1 surah
dsw,دسو,1,1,das~aY` (دَسَّىٰ) x1,V: 100%,289,,1,1.0,,False,0,verb-only; single occurrence; confined to 1 surah
dmdm,دمدم,1,1,damodama (دَمْدَمَ) x1,V: 100%,283,,1,1.0,,False,0,verb-only; single occurrence; confined to 1 surah
lZy,لظي,1,1,talaZ~aY` (تَلَظَّىٰ) x1,V: 100%,416,,1,1.0,,False,0,verb-only; single occurrence; confined to 1 surah
sjw,سجو,1,1,sajaY` (سَجَىٰ) x1,V: 100%,568,,1,1.0,,False,0,verb-only; single occurrence; confined to 1 surah
tyn,تين,1,1,t~iyn (تِّين) x1,N: 100%,594,,1,1.0,,False,0,noun-only; single occurrence; confined to 1 surah
sfE,سفع,1,1,nasofaEF[ (نَسْفَعً[) x1,V: 100%,560,,1,1.0,,False,0,verb-only; single occurrence; confined to 1 surah
zbn,زبن,1,1,z~abaAniyap (زَّبَانِيَة) x1,N: 100%,655,,1,1.0,,False,0,noun-only; single occurrence; confined to 1 surah
DbH,ضبح,1,1,DaboH (ضَبْح) x1,N: 100%,103,,1,1.0,,False,0,noun-only; single occurrence; confined to 1 surah
qdH,قدح,1,1,qadoH (قَدْح) x1,N: 100%,502,,1,1.0,,False,0,noun-only; single occurrence; confined to 1 surah
nqE,نقع,1,1,naqoE (نَقْع) x1,N: 100%,475,,1,1.0,,False,0,noun-only; single occurrence; confined to 1 surah
knd,كند,1,1,kanuwd (كَنُود) x1,N: 100%,403,,1,1.0,,False,0,noun-only; single occurrence; confined to 1 surah
HSl,حصل,1,1,HuS~ila (حُصِّلَ) x1,V: 100%,160,,1,1.0,,False,0,verb-only; single occurrence; confined to 1 surah
fyl,فيل,1,1,fiyl (فِيل) x1,N: 100%,317,,1,1.0,,False,0,noun-only; single occurrence; confined to 1 surah
$tw,شتو,1,1,$~itaA^' (شِّتَا^ء) x1,N: 100%,37,,1,1.0,,False,0,noun-only; single occurrence; confined to 1 surah
Syf,صيف,1,1,S~ayof (صَّيْف) x1,N: 100%,226,,1,1.0,,False,0,noun-only; single occurrence; confined to 1 surah
mEn,معن,1,1,maAEuwn (مَاعُون) x1,N: 100%,435,,1,1.0,,False,0,noun-only; single occurrence; confined to 1 surah
nHr,نحر,1,1,{noHaro (ٱنْحَرْ) x1,V: 100%,459,,1,1.0,,False,0,verb-only; single occurrence; confined to 1 surah
btr,بتر,1,1,>abotar (أَبْتَر) x1,N: 100%,267,,1,1.0,,False,0,noun-only; single occurrence; confined to 1 surah
jyd,جيد,1,1,jiyd (جِيد) x1,N: 100%,387,,1,1.0,,False,0,noun-only; single occurrence; confined to 1 surah
msd,مسد,1,1,m~asad (مَّسَد) x1,N: 100%,444,,1,1.0,,False,0,noun-only; single occurrence; confined to 1 surah
Smd,صمد,1,1,S~amad (صَّمَد) x1,N: 100%,216,,1,1.0,,False,0,noun-only; single occurrence; confined to 1 surah
kfA,كفا,1,1,kufuw (كُفُو) x1,N: 100%,396,,1,1.0,,False,0,noun-only; single occurrence; confined to 1 surah
wqb,وقب,1,1,waqaba (وَقَبَ) x1,V: 100%,624,,1,1.0,,False,0,verb-only; single occurrence; confined to 1 surah
nfv,نفث,1,1,n~af~a`va`t (نَّفَّٰثَٰت) x1,N: 100%,466,,1,1.0,,False,0,noun-only; single occurrence; confined to 1 surah
